{"score": 96.2, "score_base": 96.2, "hantei": "承認圏内", "score_borrower": 99.96878725620857, "bench_score": 99.48390861029515, "ind_score": 99.96878725620857, "ind_name": "全体_既存先", "contract_prob": 100, "user_op_margin": 54.210623240640864, "user_equity_ratio": 15.523711035603485, "bench_op_margin": 4.5, "bench_equity_ratio": 35.0, "financials": {"nenshu": 190055, "rieki": 103030, "total_assets": 338450, "net_assets": 52540}}