{"score": 86.7, "score_base": 86.7, "hantei": "承認圏内", "score_borrower": 99.55527645524798, "bench_score": 6.512474435862982, "ind_score": 0.003464874398617065, "ind_name": "サービス業_既存先", "contract_prob": 86.66868764004595, "user_op_margin": 6.724022719679251, "user_equity_ratio": 0.0, "bench_op_margin": 4.0, "bench_equity_ratio": 35.0, "financials": {"nenshu": 11972, "rieki": 805, "total_assets": 13302, "net_assets": 0}}