{"score": 92.3, "score_base": 92.3, "hantei": "承認圏内", "score_borrower": 99.68506588654839, "bench_score": 49.5163743806119, "ind_score": 99.99999999999983, "ind_name": "製造業_新規先", "contract_prob": 99.79334536505257, "user_op_margin": 18.866634055913217, "user_equity_ratio": 0.0, "bench_op_margin": 3.0, "bench_equity_ratio": 45.0, "financials": {"nenshu": 913809, "rieki": 172405, "total_assets": 913809, "net_assets": 0}}