{"score": 56.5, "score_base": 56.5, "hantei": "要審議", "score_borrower": 29.30079286477486, "bench_score": 98.43251190597529, "ind_score": 29.30079286477486, "ind_name": "全体_既存先", "contract_prob": 55.0, "user_op_margin": 9.303642375726492, "user_equity_ratio": 1.2273646918575853, "bench_op_margin": 4.5, "bench_equity_ratio": 35.0, "financials": {"nenshu": 948392, "rieki": 88235, "total_assets": 1905872, "net_assets": 23392}}