{"score": 42.1, "score_base": 42.1, "hantei": "要審議", "score_borrower": 12.908393763617168, "bench_score": 49.13844632903474, "ind_score": 12.908393763617168, "ind_name": "全体_既存先", "contract_prob": 28.8, "user_op_margin": 0.7475206845405327, "user_equity_ratio": 0.0, "bench_op_margin": 4.5, "bench_equity_ratio": 35.0, "financials": {"nenshu": 1254681, "rieki": 9379, "total_assets": 1, "net_assets": 0}}