{"score": 92.5, "score_base": 92.5, "hantei": "承認圏内", "score_borrower": 99.99999999999443, "bench_score": 10.932644271697534, "ind_score": 99.99999987114822, "ind_name": "製造業_既存先", "contract_prob": 100, "user_op_margin": 0.3, "user_equity_ratio": 34.958148695224025, "bench_op_margin": 3.0, "bench_equity_ratio": 45.0, "financials": {"nenshu": 1000000, "rieki": 3000, "total_assets": 2031000, "net_assets": 710000}}