{"score": 91.2, "score_base": 91.2, "hantei": "承認圏内", "score_borrower": 100.0, "bench_score": 51.13102784733575, "ind_score": 0.0003096925741998488, "ind_name": "サービス業_既存先", "contract_prob": 91.1671741440074, "user_op_margin": 3.790613718411552, "user_equity_ratio": 24.999878158734802, "bench_op_margin": 4.0, "bench_equity_ratio": 35.0, "financials": {"nenshu": 554000, "rieki": 21000, "total_assets": 615555, "net_assets": 153888}}