{"score": 99.9999304766865, "score_base": 99.9999304766865, "hantei": "承認圏内", "score_borrower": 100.0, "bench_score": 6.381471118933922, "ind_score": 4.939976194230176e-14, "ind_name": "サービス業_既存先", "contract_prob": 72.16868764004595, "user_op_margin": 6.723641088869509, "user_equity_ratio": 0.0, "bench_op_margin": 4.0, "bench_equity_ratio": 35.0, "financials": {"nenshu": 11972858, "rieki": 805012, "total_assets": 13303175, "net_assets": 0}}