{"score": 88.0, "score_base": 88.0, "hantei": "承認圏内", "score_borrower": 80.12869478092539, "bench_score": 79.07715987090516, "ind_score": 80.12869478092539, "ind_name": "全体_新規先", "contract_prob": 89.8, "user_op_margin": -0.19841381947073325, "user_equity_ratio": 5.9960646926141, "bench_op_margin": 4.5, "bench_equity_ratio": 35.0, "financials": {"nenshu": 1061922, "rieki": -2107, "total_assets": 208370, "net_assets": 12494}}