{"score": 54.8, "score_base": 54.8, "hantei": "要審議", "score_borrower": 48.309782169106875, "bench_score": 49.27434539112312, "ind_score": 33.85780575160361, "ind_name": "製造業_新規先", "contract_prob": 50.7, "user_op_margin": -14.15673359951039, "user_equity_ratio": 0.0, "bench_op_margin": 3.0, "bench_equity_ratio": 45.0, "financials": {"nenshu": 171565, "rieki": -24288, "total_assets": 171565, "net_assets": 0}}