{"score": 99.994024597683, "score_base": 99.994024597683, "hantei": "承認圏内", "score_borrower": 99.9940936101439, "bench_score": 75.23923558442492, "ind_score": 99.9940936101439, "ind_name": "全体_既存先", "contract_prob": 90.88209756106059, "user_op_margin": 7.5, "user_equity_ratio": 33.33333333333333, "bench_op_margin": 4.5, "bench_equity_ratio": 35.0, "financials": {"nenshu": 200000.0, "rieki": 15000.0, "total_assets": 150000.0, "net_assets": 50000.0}}