{"score": 77.4, "score_base": 77.4, "hantei": "承認圏内", "score_borrower": 78.39398098937919, "bench_score": 51.277514489163366, "ind_score": 99.99999999999991, "ind_name": "サービス業_既存先", "contract_prob": 79.6, "user_op_margin": 9.303642375726492, "user_equity_ratio": 1.2273646918575853, "bench_op_margin": 2.5, "bench_equity_ratio": 35.0, "financials": {"nenshu": 948392, "rieki": 88235, "total_assets": 1905872, "net_assets": 23392}}