{"score": 99.78867519127105, "score_base": 99.78867519127105, "hantei": "承認圏内", "score_borrower": 99.78874392026474, "bench_score": 1.2296809520760265e-35, "ind_score": 99.78874392026474, "ind_name": "全体_既存先", "contract_prob": 81.48209756106058, "user_op_margin": 0.0, "user_equity_ratio": 33.33333333333333, "bench_op_margin": 4.5, "bench_equity_ratio": 35.0, "financials": {"nenshu": 0.0, "rieki": 15000.0, "total_assets": 150000.0, "net_assets": 50000.0}}