{"score": 90.0, "score_base": 90.0, "hantei": "承認圏内", "score_borrower": 100.0, "bench_score": 75.3482063602884, "ind_score": 100.0, "ind_name": "全体_既存先", "contract_prob": 89.95898258149168, "user_op_margin": 3.790613718411552, "user_equity_ratio": 27.999802887695264, "bench_op_margin": 4.5, "bench_equity_ratio": 35.0, "financials": {"nenshu": 554000, "rieki": 21000, "total_assets": 426153, "net_assets": 119322}}