schema_version,case_id,source_kind,created_date,batch_no,status,case_theme,industry,company_stage,bank_is_main,bank_credit_balance_million_yen,lease_customer_status,existing_lease_credit_balance_million_yen,equity_ratio_percent,asset_type,amount_million_yen,lease_term_years,purpose,financial_snapshot,case_context,positive_points,risk_points,credit_score_20,repayment_source_score_20,asset_exit_score_20,plan_specificity_score_20,uncertainty_control_score_20,total_score_100,user_decision,heaviest_issue,additional_checks,ringi_sentence,score_decision_gap_note,ai_feedback_outcome,ai_feedback_note,okf_candidate_tags,presentation_use_ok,reviewer,judged_at
1,CASE-JD-20260725-0001,demo_user_judgment_drill,2026-07-25,1,pending_user_judgment,補助金前提,製造業,安定黒字,メイン,0,既存先,5,8,CNC工作機械,12,4,老朽設備更新と増産対応,直近期売上90百万円、営業利益-800万円、借入金2500万円、自己資本比率8%、ステージ=安定黒字。,社長は採択前提で説明しているが、銀行支援は口頭段階。,既存主力先からの受注残があり、設備必要性は明確。,補助金採択前にリース開始予定で、未採択時の資金繰り説明が弱い。,,,,,,,,,,,,,,,yes,,
1,CASE-JD-20260725-0002,demo_user_judgment_drill,2026-07-25,1,pending_user_judgment,新店舗計画,飲食業,安定黒字,メイン,20,既存先,12,12,厨房設備一式,24,5,新店舗出店,直近期売上125百万円、営業利益300万円、借入金3400万円、自己資本比率12%、ステージ=安定黒字。,立地評価は高いが、回転率・客単価・原価率の資料が薄い。,既存店舗は黒字で、代表に運営経験がある。,新店舗売上計画が既存店実績より強く、人員確保も未確定。,,,,,,,,,,,,,,,yes,,
1,CASE-JD-20260725-0003,demo_user_judgment_drill,2026-07-25,1,pending_user_judgment,増額更新,食品製造業,安定黒字,メイン,35,既存先,18,16,包装ライン,36,6,既存設備更新,直近期売上160百万円、営業利益900万円、借入金4300万円、自己資本比率16%、ステージ=安定黒字。,旧設備の廃棄費用・下取り可否が未確認。,故障頻度と停止時間が増え、更新合理性はある。,月額負担が上がる一方、改善効果がメーカー資料中心。,,,,,,,,,,,,,,,yes,,
1,CASE-JD-20260725-0004,demo_user_judgment_drill,2026-07-25,1,pending_user_judgment,新規契約前提,運送業,安定黒字,非メイン,50,既存先,25,20,大型トラック,62,7,新規荷主ルート対応,直近期売上195百万円、営業利益1600万円、借入金5200万円、自己資本比率20%、ステージ=安定黒字。,契約不成立時は既存業務に転用可能だが採算は下がる。,既存車両の稼働率は高く、返済履歴も良好。,荷主契約が内諾段階で、燃料費上昇時の採算余力が薄い。,,,,,,,,,,,,,,,yes,,
1,CASE-JD-20260725-0005,demo_user_judgment_drill,2026-07-25,1,pending_user_judgment,購入選択権,卸売業,安定黒字,非メイン,80,既存先,40,24,フォークリフト,12,4,倉庫能力維持,直近期売上230百万円、営業利益2400万円、借入金6100万円、自己資本比率24%、ステージ=安定黒字。,使用時間が長く、バッテリー交換費用の負担確認が必要。,倉庫稼働は安定し、物件の必要性は明確。,購入選択権価格が低く、残価・満了後出口の説明が弱い。,,,,,,,,,,,,,,,yes,,
1,CASE-JD-20260725-0006,demo_user_judgment_drill,2026-07-25,1,pending_user_judgment,医療機器更新,医療・福祉,安定黒字,非メイン,120,新規先,0,30,画像診断装置,24,5,診療能力維持と待ち時間短縮,直近期売上265百万円、営業利益3600万円、借入金7000万円、自己資本比率30%、ステージ=安定黒字。,メーカー保守契約は提示済みだが、更新後の稼働計画は概算。,地域需要があり、既存患者基盤も安定している。,診療報酬改定や保守費用を織り込んだ採算表が不足。,,,,,,,,,,,,,,,yes,,
1,CASE-JD-20260725-0007,demo_user_judgment_drill,2026-07-25,1,pending_user_judgment,建機高稼働,建設業,安定黒字,メイン,180,新規先,0,36,油圧ショベル,36,6,受注現場対応,直近期売上300百万円、営業利益-800万円、借入金7900万円、自己資本比率36%、ステージ=安定黒字。,代表は中古売却可能と説明するが、査定根拠は未取得。,公共工事の受注残があり、機械稼働の見込みはある。,工期後の転用先と中古価格下落時の出口説明が弱い。,,,,,,,,,,,,,,,yes,,
1,CASE-JD-20260725-0008,demo_user_judgment_drill,2026-07-25,1,pending_user_judgment,IT設備刷新,情報通信業,安定黒字,メイン,250,新規先,0,8,サーバー・ネットワーク機器,62,7,顧客案件増加に伴う基盤増強,直近期売上335百万円、営業利益300万円、借入金8800万円、自己資本比率8%、ステージ=安定黒字。,保守契約と入替計画はあるが、解約時の転用価値は限定的。,継続契約が複数あり、粗利率は比較的高い。,技術陳腐化が早く、期間と経済的寿命の整合確認が必要。,,,,,,,,,,,,,,,yes,,
1,CASE-JD-20260725-0009,demo_user_judgment_drill,2026-07-25,1,pending_user_judgment,美容店舗拡張,生活関連サービス業,安定黒字,メイン,0,新規先,0,12,美容機器,12,4,新メニュー開始,直近期売上370百万円、営業利益900万円、借入金9700万円、自己資本比率12%、ステージ=安定黒字。,機器は専門性が高く、撤退時の換金性に幅がある。,既存顧客があり、単価上昇の余地がある。,新メニュー売上は口頭見込み中心で、解約率・稼働率が未整理。,,,,,,,,,,,,,,,yes,,
1,CASE-JD-20260725-0010,demo_user_judgment_drill,2026-07-25,1,pending_user_judgment,農業設備,農業,安定黒字,非メイン,20,新規先,0,16,選果機,24,5,出荷能力向上,直近期売上405百万円、営業利益1600万円、借入金10600万円、自己資本比率16%、ステージ=安定黒字。,補助金と組合支援の説明はあるが、入金時期が未確定。,出荷先との取引は長く、季節需要も見込める。,収穫量・天候影響に左右され、年間資金繰りの波が大きい。,,,,,,,,,,,,,,,yes,,
1,CASE-JD-20260725-0011,demo_user_judgment_drill,2026-07-25,1,pending_user_judgment,補助金前提,製造業,低利益,非メイン,35,既存先,25,20,CNC工作機械,24,6,老朽設備更新と増産対応,直近期売上440百万円、営業利益2400万円、借入金11500万円、自己資本比率20%、ステージ=低利益。,社長は採択前提で説明しているが、銀行支援は口頭段階。,既存主力先からの受注残があり、設備必要性は明確。,補助金採択前にリース開始予定で、未採択時の資金繰り説明が弱い。,,,,,,,,,,,,,,,yes,,
1,CASE-JD-20260725-0012,demo_user_judgment_drill,2026-07-25,1,pending_user_judgment,新店舗計画,飲食業,低利益,非メイン,50,既存先,40,24,厨房設備一式,36,7,新店舗出店,直近期売上475百万円、営業利益3600万円、借入金12400万円、自己資本比率24%、ステージ=低利益。,立地評価は高いが、回転率・客単価・原価率の資料が薄い。,既存店舗は黒字で、代表に運営経験がある。,新店舗売上計画が既存店実績より強く、人員確保も未確定。,,,,,,,,,,,,,,,yes,,
1,CASE-JD-20260725-0013,demo_user_judgment_drill,2026-07-25,1,pending_user_judgment,増額更新,食品製造業,低利益,メイン,80,既存先,60,30,包装ライン,62,4,既存設備更新,直近期売上510百万円、営業利益-800万円、借入金13300万円、自己資本比率30%、ステージ=低利益。,旧設備の廃棄費用・下取り可否が未確認。,故障頻度と停止時間が増え、更新合理性はある。,月額負担が上がる一方、改善効果がメーカー資料中心。,,,,,,,,,,,,,,,yes,,
1,CASE-JD-20260725-0014,demo_user_judgment_drill,2026-07-25,1,pending_user_judgment,新規契約前提,運送業,低利益,メイン,120,既存先,90,36,大型トラック,12,5,新規荷主ルート対応,直近期売上545百万円、営業利益300万円、借入金2500万円、自己資本比率36%、ステージ=低利益。,契約不成立時は既存業務に転用可能だが採算は下がる。,既存車両の稼働率は高く、返済履歴も良好。,荷主契約が内諾段階で、燃料費上昇時の採算余力が薄い。,,,,,,,,,,,,,,,yes,,
1,CASE-JD-20260725-0015,demo_user_judgment_drill,2026-07-25,1,pending_user_judgment,購入選択権,卸売業,低利益,メイン,180,既存先,5,8,フォークリフト,24,6,倉庫能力維持,直近期売上580百万円、営業利益900万円、借入金3400万円、自己資本比率8%、ステージ=低利益。,使用時間が長く、バッテリー交換費用の負担確認が必要。,倉庫稼働は安定し、物件の必要性は明確。,購入選択権価格が低く、残価・満了後出口の説明が弱い。,,,,,,,,,,,,,,,yes,,
1,CASE-JD-20260725-0016,demo_user_judgment_drill,2026-07-25,1,pending_user_judgment,医療機器更新,医療・福祉,低利益,非メイン,250,新規先,0,12,画像診断装置,36,7,診療能力維持と待ち時間短縮,直近期売上615百万円、営業利益1600万円、借入金4300万円、自己資本比率12%、ステージ=低利益。,メーカー保守契約は提示済みだが、更新後の稼働計画は概算。,地域需要があり、既存患者基盤も安定している。,診療報酬改定や保守費用を織り込んだ採算表が不足。,,,,,,,,,,,,,,,yes,,
1,CASE-JD-20260725-0017,demo_user_judgment_drill,2026-07-25,1,pending_user_judgment,建機高稼働,建設業,低利益,非メイン,0,新規先,0,16,油圧ショベル,62,4,受注現場対応,直近期売上650百万円、営業利益2400万円、借入金5200万円、自己資本比率16%、ステージ=低利益。,代表は中古売却可能と説明するが、査定根拠は未取得。,公共工事の受注残があり、機械稼働の見込みはある。,工期後の転用先と中古価格下落時の出口説明が弱い。,,,,,,,,,,,,,,,yes,,
1,CASE-JD-20260725-0018,demo_user_judgment_drill,2026-07-25,1,pending_user_judgment,IT設備刷新,情報通信業,低利益,非メイン,20,新規先,0,20,サーバー・ネットワーク機器,12,5,顧客案件増加に伴う基盤増強,直近期売上90百万円、営業利益3600万円、借入金6100万円、自己資本比率20%、ステージ=低利益。,保守契約と入替計画はあるが、解約時の転用価値は限定的。,継続契約が複数あり、粗利率は比較的高い。,技術陳腐化が早く、期間と経済的寿命の整合確認が必要。,,,,,,,,,,,,,,,yes,,
1,CASE-JD-20260725-0019,demo_user_judgment_drill,2026-07-25,1,pending_user_judgment,美容店舗拡張,生活関連サービス業,低利益,メイン,35,新規先,0,24,美容機器,24,6,新メニュー開始,直近期売上125百万円、営業利益-800万円、借入金7000万円、自己資本比率24%、ステージ=低利益。,機器は専門性が高く、撤退時の換金性に幅がある。,既存顧客があり、単価上昇の余地がある。,新メニュー売上は口頭見込み中心で、解約率・稼働率が未整理。,,,,,,,,,,,,,,,yes,,
1,CASE-JD-20260725-0020,demo_user_judgment_drill,2026-07-25,1,pending_user_judgment,農業設備,農業,低利益,メイン,50,新規先,0,30,選果機,36,7,出荷能力向上,直近期売上160百万円、営業利益300万円、借入金7900万円、自己資本比率30%、ステージ=低利益。,補助金と組合支援の説明はあるが、入金時期が未確定。,出荷先との取引は長く、季節需要も見込める。,収穫量・天候影響に左右され、年間資金繰りの波が大きい。,,,,,,,,,,,,,,,yes,,
1,CASE-JD-20260725-0021,demo_user_judgment_drill,2026-07-25,1,pending_user_judgment,補助金前提,製造業,赤字改善中,メイン,80,既存先,90,36,CNC工作機械,36,4,老朽設備更新と増産対応,直近期売上195百万円、営業利益900万円、借入金8800万円、自己資本比率36%、ステージ=赤字改善中。,社長は採択前提で説明しているが、銀行支援は口頭段階。,既存主力先からの受注残があり、設備必要性は明確。,補助金採択前にリース開始予定で、未採択時の資金繰り説明が弱い。,,,,,,,,,,,,,,,yes,,
1,CASE-JD-20260725-0022,demo_user_judgment_drill,2026-07-25,1,pending_user_judgment,新店舗計画,飲食業,赤字改善中,非メイン,120,既存先,5,8,厨房設備一式,62,5,新店舗出店,直近期売上230百万円、営業利益1600万円、借入金9700万円、自己資本比率8%、ステージ=赤字改善中。,立地評価は高いが、回転率・客単価・原価率の資料が薄い。,既存店舗は黒字で、代表に運営経験がある。,新店舗売上計画が既存店実績より強く、人員確保も未確定。,,,,,,,,,,,,,,,yes,,
1,CASE-JD-20260725-0023,demo_user_judgment_drill,2026-07-25,1,pending_user_judgment,増額更新,食品製造業,赤字改善中,非メイン,180,既存先,12,12,包装ライン,12,6,既存設備更新,直近期売上265百万円、営業利益2400万円、借入金10600万円、自己資本比率12%、ステージ=赤字改善中。,旧設備の廃棄費用・下取り可否が未確認。,故障頻度と停止時間が増え、更新合理性はある。,月額負担が上がる一方、改善効果がメーカー資料中心。,,,,,,,,,,,,,,,yes,,
1,CASE-JD-20260725-0024,demo_user_judgment_drill,2026-07-25,1,pending_user_judgment,新規契約前提,運送業,赤字改善中,非メイン,250,既存先,18,16,大型トラック,24,7,新規荷主ルート対応,直近期売上300百万円、営業利益3600万円、借入金11500万円、自己資本比率16%、ステージ=赤字改善中。,契約不成立時は既存業務に転用可能だが採算は下がる。,既存車両の稼働率は高く、返済履歴も良好。,荷主契約が内諾段階で、燃料費上昇時の採算余力が薄い。,,,,,,,,,,,,,,,yes,,
1,CASE-JD-20260725-0025,demo_user_judgment_drill,2026-07-25,1,pending_user_judgment,購入選択権,卸売業,赤字改善中,メイン,0,既存先,25,20,フォークリフト,36,4,倉庫能力維持,直近期売上335百万円、営業利益-800万円、借入金12400万円、自己資本比率20%、ステージ=赤字改善中。,使用時間が長く、バッテリー交換費用の負担確認が必要。,倉庫稼働は安定し、物件の必要性は明確。,購入選択権価格が低く、残価・満了後出口の説明が弱い。,,,,,,,,,,,,,,,yes,,
1,CASE-JD-20260725-0026,demo_user_judgment_drill,2026-07-25,1,pending_user_judgment,医療機器更新,医療・福祉,赤字改善中,メイン,20,新規先,0,24,画像診断装置,62,5,診療能力維持と待ち時間短縮,直近期売上370百万円、営業利益300万円、借入金13300万円、自己資本比率24%、ステージ=赤字改善中。,メーカー保守契約は提示済みだが、更新後の稼働計画は概算。,地域需要があり、既存患者基盤も安定している。,診療報酬改定や保守費用を織り込んだ採算表が不足。,,,,,,,,,,,,,,,yes,,
1,CASE-JD-20260725-0027,demo_user_judgment_drill,2026-07-25,1,pending_user_judgment,建機高稼働,建設業,赤字改善中,メイン,35,新規先,0,30,油圧ショベル,12,6,受注現場対応,直近期売上405百万円、営業利益900万円、借入金2500万円、自己資本比率30%、ステージ=赤字改善中。,代表は中古売却可能と説明するが、査定根拠は未取得。,公共工事の受注残があり、機械稼働の見込みはある。,工期後の転用先と中古価格下落時の出口説明が弱い。,,,,,,,,,,,,,,,yes,,
1,CASE-JD-20260725-0028,demo_user_judgment_drill,2026-07-25,1,pending_user_judgment,IT設備刷新,情報通信業,赤字改善中,非メイン,50,新規先,0,36,サーバー・ネットワーク機器,24,7,顧客案件増加に伴う基盤増強,直近期売上440百万円、営業利益1600万円、借入金3400万円、自己資本比率36%、ステージ=赤字改善中。,保守契約と入替計画はあるが、解約時の転用価値は限定的。,継続契約が複数あり、粗利率は比較的高い。,技術陳腐化が早く、期間と経済的寿命の整合確認が必要。,,,,,,,,,,,,,,,yes,,
1,CASE-JD-20260725-0029,demo_user_judgment_drill,2026-07-25,1,pending_user_judgment,美容店舗拡張,生活関連サービス業,赤字改善中,非メイン,80,新規先,0,8,美容機器,36,4,新メニュー開始,直近期売上475百万円、営業利益2400万円、借入金4300万円、自己資本比率8%、ステージ=赤字改善中。,機器は専門性が高く、撤退時の換金性に幅がある。,既存顧客があり、単価上昇の余地がある。,新メニュー売上は口頭見込み中心で、解約率・稼働率が未整理。,,,,,,,,,,,,,,,yes,,
1,CASE-JD-20260725-0030,demo_user_judgment_drill,2026-07-25,1,pending_user_judgment,農業設備,農業,赤字改善中,非メイン,120,新規先,0,12,選果機,62,5,出荷能力向上,直近期売上510百万円、営業利益3600万円、借入金5200万円、自己資本比率12%、ステージ=赤字改善中。,補助金と組合支援の説明はあるが、入金時期が未確定。,出荷先との取引は長く、季節需要も見込める。,収穫量・天候影響に左右され、年間資金繰りの波が大きい。,,,,,,,,,,,,,,,yes,,
1,CASE-JD-20260725-0031,demo_user_judgment_drill,2026-07-25,1,pending_user_judgment,補助金前提,製造業,急成長,メイン,180,既存先,18,16,CNC工作機械,62,6,老朽設備更新と増産対応,直近期売上545百万円、営業利益-800万円、借入金6100万円、自己資本比率16%、ステージ=急成長。,社長は採択前提で説明しているが、銀行支援は口頭段階。,既存主力先からの受注残があり、設備必要性は明確。,補助金採択前にリース開始予定で、未採択時の資金繰り説明が弱い。,,,,,,,,,,,,,,,yes,,
1,CASE-JD-20260725-0032,demo_user_judgment_drill,2026-07-25,1,pending_user_judgment,新店舗計画,飲食業,急成長,メイン,250,既存先,25,20,厨房設備一式,12,7,新店舗出店,直近期売上580百万円、営業利益300万円、借入金7000万円、自己資本比率20%、ステージ=急成長。,立地評価は高いが、回転率・客単価・原価率の資料が薄い。,既存店舗は黒字で、代表に運営経験がある。,新店舗売上計画が既存店実績より強く、人員確保も未確定。,,,,,,,,,,,,,,,yes,,
1,CASE-JD-20260725-0033,demo_user_judgment_drill,2026-07-25,1,pending_user_judgment,増額更新,食品製造業,急成長,メイン,0,既存先,40,24,包装ライン,24,4,既存設備更新,直近期売上615百万円、営業利益900万円、借入金7900万円、自己資本比率24%、ステージ=急成長。,旧設備の廃棄費用・下取り可否が未確認。,故障頻度と停止時間が増え、更新合理性はある。,月額負担が上がる一方、改善効果がメーカー資料中心。,,,,,,,,,,,,,,,yes,,
1,CASE-JD-20260725-0034,demo_user_judgment_drill,2026-07-25,1,pending_user_judgment,新規契約前提,運送業,急成長,非メイン,20,既存先,60,30,大型トラック,36,5,新規荷主ルート対応,直近期売上650百万円、営業利益1600万円、借入金8800万円、自己資本比率30%、ステージ=急成長。,契約不成立時は既存業務に転用可能だが採算は下がる。,既存車両の稼働率は高く、返済履歴も良好。,荷主契約が内諾段階で、燃料費上昇時の採算余力が薄い。,,,,,,,,,,,,,,,yes,,
1,CASE-JD-20260725-0035,demo_user_judgment_drill,2026-07-25,1,pending_user_judgment,購入選択権,卸売業,急成長,非メイン,35,既存先,90,36,フォークリフト,62,6,倉庫能力維持,直近期売上90百万円、営業利益2400万円、借入金9700万円、自己資本比率36%、ステージ=急成長。,使用時間が長く、バッテリー交換費用の負担確認が必要。,倉庫稼働は安定し、物件の必要性は明確。,購入選択権価格が低く、残価・満了後出口の説明が弱い。,,,,,,,,,,,,,,,yes,,
1,CASE-JD-20260725-0036,demo_user_judgment_drill,2026-07-25,1,pending_user_judgment,医療機器更新,医療・福祉,急成長,非メイン,50,新規先,0,8,画像診断装置,12,7,診療能力維持と待ち時間短縮,直近期売上125百万円、営業利益3600万円、借入金10600万円、自己資本比率8%、ステージ=急成長。,メーカー保守契約は提示済みだが、更新後の稼働計画は概算。,地域需要があり、既存患者基盤も安定している。,診療報酬改定や保守費用を織り込んだ採算表が不足。,,,,,,,,,,,,,,,yes,,
1,CASE-JD-20260725-0037,demo_user_judgment_drill,2026-07-25,1,pending_user_judgment,建機高稼働,建設業,急成長,メイン,80,新規先,0,12,油圧ショベル,24,4,受注現場対応,直近期売上160百万円、営業利益-800万円、借入金11500万円、自己資本比率12%、ステージ=急成長。,代表は中古売却可能と説明するが、査定根拠は未取得。,公共工事の受注残があり、機械稼働の見込みはある。,工期後の転用先と中古価格下落時の出口説明が弱い。,,,,,,,,,,,,,,,yes,,
1,CASE-JD-20260725-0038,demo_user_judgment_drill,2026-07-25,1,pending_user_judgment,IT設備刷新,情報通信業,急成長,メイン,120,新規先,0,16,サーバー・ネットワーク機器,36,5,顧客案件増加に伴う基盤増強,直近期売上195百万円、営業利益300万円、借入金12400万円、自己資本比率16%、ステージ=急成長。,保守契約と入替計画はあるが、解約時の転用価値は限定的。,継続契約が複数あり、粗利率は比較的高い。,技術陳腐化が早く、期間と経済的寿命の整合確認が必要。,,,,,,,,,,,,,,,yes,,
1,CASE-JD-20260725-0039,demo_user_judgment_drill,2026-07-25,1,pending_user_judgment,美容店舗拡張,生活関連サービス業,急成長,メイン,180,新規先,0,20,美容機器,62,6,新メニュー開始,直近期売上230百万円、営業利益900万円、借入金13300万円、自己資本比率20%、ステージ=急成長。,機器は専門性が高く、撤退時の換金性に幅がある。,既存顧客があり、単価上昇の余地がある。,新メニュー売上は口頭見込み中心で、解約率・稼働率が未整理。,,,,,,,,,,,,,,,yes,,
1,CASE-JD-20260725-0040,demo_user_judgment_drill,2026-07-25,1,pending_user_judgment,農業設備,農業,急成長,非メイン,250,新規先,0,24,選果機,12,7,出荷能力向上,直近期売上265百万円、営業利益1600万円、借入金2500万円、自己資本比率24%、ステージ=急成長。,補助金と組合支援の説明はあるが、入金時期が未確定。,出荷先との取引は長く、季節需要も見込める。,収穫量・天候影響に左右され、年間資金繰りの波が大きい。,,,,,,,,,,,,,,,yes,,
1,CASE-JD-20260725-0041,demo_user_judgment_drill,2026-07-25,1,pending_user_judgment,補助金前提,製造業,事業承継直後,非メイン,0,既存先,60,30,CNC工作機械,12,4,老朽設備更新と増産対応,直近期売上300百万円、営業利益2400万円、借入金3400万円、自己資本比率30%、ステージ=事業承継直後。,社長は採択前提で説明しているが、銀行支援は口頭段階。,既存主力先からの受注残があり、設備必要性は明確。,補助金採択前にリース開始予定で、未採択時の資金繰り説明が弱い。,,,,,,,,,,,,,,,yes,,
1,CASE-JD-20260725-0042,demo_user_judgment_drill,2026-07-25,1,pending_user_judgment,新店舗計画,飲食業,事業承継直後,非メイン,20,既存先,90,36,厨房設備一式,24,5,新店舗出店,直近期売上335百万円、営業利益3600万円、借入金4300万円、自己資本比率36%、ステージ=事業承継直後。,立地評価は高いが、回転率・客単価・原価率の資料が薄い。,既存店舗は黒字で、代表に運営経験がある。,新店舗売上計画が既存店実績より強く、人員確保も未確定。,,,,,,,,,,,,,,,yes,,
1,CASE-JD-20260725-0043,demo_user_judgment_drill,2026-07-25,1,pending_user_judgment,増額更新,食品製造業,事業承継直後,メイン,35,既存先,5,8,包装ライン,36,6,既存設備更新,直近期売上370百万円、営業利益-800万円、借入金5200万円、自己資本比率8%、ステージ=事業承継直後。,旧設備の廃棄費用・下取り可否が未確認。,故障頻度と停止時間が増え、更新合理性はある。,月額負担が上がる一方、改善効果がメーカー資料中心。,,,,,,,,,,,,,,,yes,,
1,CASE-JD-20260725-0044,demo_user_judgment_drill,2026-07-25,1,pending_user_judgment,新規契約前提,運送業,事業承継直後,メイン,50,既存先,12,12,大型トラック,62,7,新規荷主ルート対応,直近期売上405百万円、営業利益300万円、借入金6100万円、自己資本比率12%、ステージ=事業承継直後。,契約不成立時は既存業務に転用可能だが採算は下がる。,既存車両の稼働率は高く、返済履歴も良好。,荷主契約が内諾段階で、燃料費上昇時の採算余力が薄い。,,,,,,,,,,,,,,,yes,,
1,CASE-JD-20260725-0045,demo_user_judgment_drill,2026-07-25,1,pending_user_judgment,購入選択権,卸売業,事業承継直後,メイン,80,既存先,18,16,フォークリフト,12,4,倉庫能力維持,直近期売上440百万円、営業利益900万円、借入金7000万円、自己資本比率16%、ステージ=事業承継直後。,使用時間が長く、バッテリー交換費用の負担確認が必要。,倉庫稼働は安定し、物件の必要性は明確。,購入選択権価格が低く、残価・満了後出口の説明が弱い。,,,,,,,,,,,,,,,yes,,
1,CASE-JD-20260725-0046,demo_user_judgment_drill,2026-07-25,1,pending_user_judgment,医療機器更新,医療・福祉,事業承継直後,非メイン,120,新規先,0,20,画像診断装置,24,5,診療能力維持と待ち時間短縮,直近期売上475百万円、営業利益1600万円、借入金7900万円、自己資本比率20%、ステージ=事業承継直後。,メーカー保守契約は提示済みだが、更新後の稼働計画は概算。,地域需要があり、既存患者基盤も安定している。,診療報酬改定や保守費用を織り込んだ採算表が不足。,,,,,,,,,,,,,,,yes,,
1,CASE-JD-20260725-0047,demo_user_judgment_drill,2026-07-25,1,pending_user_judgment,建機高稼働,建設業,事業承継直後,非メイン,180,新規先,0,24,油圧ショベル,36,6,受注現場対応,直近期売上510百万円、営業利益2400万円、借入金8800万円、自己資本比率24%、ステージ=事業承継直後。,代表は中古売却可能と説明するが、査定根拠は未取得。,公共工事の受注残があり、機械稼働の見込みはある。,工期後の転用先と中古価格下落時の出口説明が弱い。,,,,,,,,,,,,,,,yes,,
1,CASE-JD-20260725-0048,demo_user_judgment_drill,2026-07-25,1,pending_user_judgment,IT設備刷新,情報通信業,事業承継直後,非メイン,250,新規先,0,30,サーバー・ネットワーク機器,62,7,顧客案件増加に伴う基盤増強,直近期売上545百万円、営業利益3600万円、借入金9700万円、自己資本比率30%、ステージ=事業承継直後。,保守契約と入替計画はあるが、解約時の転用価値は限定的。,継続契約が複数あり、粗利率は比較的高い。,技術陳腐化が早く、期間と経済的寿命の整合確認が必要。,,,,,,,,,,,,,,,yes,,
1,CASE-JD-20260725-0049,demo_user_judgment_drill,2026-07-25,1,pending_user_judgment,美容店舗拡張,生活関連サービス業,事業承継直後,メイン,0,新規先,0,36,美容機器,12,4,新メニュー開始,直近期売上580百万円、営業利益-800万円、借入金10600万円、自己資本比率36%、ステージ=事業承継直後。,機器は専門性が高く、撤退時の換金性に幅がある。,既存顧客があり、単価上昇の余地がある。,新メニュー売上は口頭見込み中心で、解約率・稼働率が未整理。,,,,,,,,,,,,,,,yes,,
1,CASE-JD-20260725-0050,demo_user_judgment_drill,2026-07-25,1,pending_user_judgment,農業設備,農業,事業承継直後,メイン,20,新規先,0,8,選果機,24,5,出荷能力向上,直近期売上615百万円、営業利益300万円、借入金11500万円、自己資本比率8%、ステージ=事業承継直後。,補助金と組合支援の説明はあるが、入金時期が未確定。,出荷先との取引は長く、季節需要も見込める。,収穫量・天候影響に左右され、年間資金繰りの波が大きい。,,,,,,,,,,,,,,,yes,,
1,CASE-JD-20260725-0051,demo_user_judgment_drill,2026-07-25,2,pending_user_judgment,補助金前提,製造業,安定黒字,メイン,35,既存先,12,12,CNC工作機械,24,6,老朽設備更新と増産対応,直近期売上650百万円、営業利益900万円、借入金12400万円、自己資本比率12%、ステージ=安定黒字。,社長は採択前提で説明しているが、銀行支援は口頭段階。,既存主力先からの受注残があり、設備必要性は明確。,補助金採択前にリース開始予定で、未採択時の資金繰り説明が弱い。,,,,,,,,,,,,,,,yes,,
1,CASE-JD-20260725-0052,demo_user_judgment_drill,2026-07-25,2,pending_user_judgment,新店舗計画,飲食業,安定黒字,非メイン,50,既存先,18,16,厨房設備一式,36,7,新店舗出店,直近期売上90百万円、営業利益1600万円、借入金13300万円、自己資本比率16%、ステージ=安定黒字。,立地評価は高いが、回転率・客単価・原価率の資料が薄い。,既存店舗は黒字で、代表に運営経験がある。,新店舗売上計画が既存店実績より強く、人員確保も未確定。,,,,,,,,,,,,,,,yes,,
1,CASE-JD-20260725-0053,demo_user_judgment_drill,2026-07-25,2,pending_user_judgment,増額更新,食品製造業,安定黒字,非メイン,80,既存先,25,20,包装ライン,62,4,既存設備更新,直近期売上125百万円、営業利益2400万円、借入金2500万円、自己資本比率20%、ステージ=安定黒字。,旧設備の廃棄費用・下取り可否が未確認。,故障頻度と停止時間が増え、更新合理性はある。,月額負担が上がる一方、改善効果がメーカー資料中心。,,,,,,,,,,,,,,,yes,,
1,CASE-JD-20260725-0054,demo_user_judgment_drill,2026-07-25,2,pending_user_judgment,新規契約前提,運送業,安定黒字,非メイン,120,既存先,40,24,大型トラック,12,5,新規荷主ルート対応,直近期売上160百万円、営業利益3600万円、借入金3400万円、自己資本比率24%、ステージ=安定黒字。,契約不成立時は既存業務に転用可能だが採算は下がる。,既存車両の稼働率は高く、返済履歴も良好。,荷主契約が内諾段階で、燃料費上昇時の採算余力が薄い。,,,,,,,,,,,,,,,yes,,
1,CASE-JD-20260725-0055,demo_user_judgment_drill,2026-07-25,2,pending_user_judgment,購入選択権,卸売業,安定黒字,メイン,180,既存先,60,30,フォークリフト,24,6,倉庫能力維持,直近期売上195百万円、営業利益-800万円、借入金4300万円、自己資本比率30%、ステージ=安定黒字。,使用時間が長く、バッテリー交換費用の負担確認が必要。,倉庫稼働は安定し、物件の必要性は明確。,購入選択権価格が低く、残価・満了後出口の説明が弱い。,,,,,,,,,,,,,,,yes,,
1,CASE-JD-20260725-0056,demo_user_judgment_drill,2026-07-25,2,pending_user_judgment,医療機器更新,医療・福祉,安定黒字,メイン,250,新規先,0,36,画像診断装置,36,7,診療能力維持と待ち時間短縮,直近期売上230百万円、営業利益300万円、借入金5200万円、自己資本比率36%、ステージ=安定黒字。,メーカー保守契約は提示済みだが、更新後の稼働計画は概算。,地域需要があり、既存患者基盤も安定している。,診療報酬改定や保守費用を織り込んだ採算表が不足。,,,,,,,,,,,,,,,yes,,
1,CASE-JD-20260725-0057,demo_user_judgment_drill,2026-07-25,2,pending_user_judgment,建機高稼働,建設業,安定黒字,メイン,0,新規先,0,8,油圧ショベル,62,4,受注現場対応,直近期売上265百万円、営業利益900万円、借入金6100万円、自己資本比率8%、ステージ=安定黒字。,代表は中古売却可能と説明するが、査定根拠は未取得。,公共工事の受注残があり、機械稼働の見込みはある。,工期後の転用先と中古価格下落時の出口説明が弱い。,,,,,,,,,,,,,,,yes,,
1,CASE-JD-20260725-0058,demo_user_judgment_drill,2026-07-25,2,pending_user_judgment,IT設備刷新,情報通信業,安定黒字,非メイン,20,新規先,0,12,サーバー・ネットワーク機器,12,5,顧客案件増加に伴う基盤増強,直近期売上300百万円、営業利益1600万円、借入金7000万円、自己資本比率12%、ステージ=安定黒字。,保守契約と入替計画はあるが、解約時の転用価値は限定的。,継続契約が複数あり、粗利率は比較的高い。,技術陳腐化が早く、期間と経済的寿命の整合確認が必要。,,,,,,,,,,,,,,,yes,,
1,CASE-JD-20260725-0059,demo_user_judgment_drill,2026-07-25,2,pending_user_judgment,美容店舗拡張,生活関連サービス業,安定黒字,非メイン,35,新規先,0,16,美容機器,24,6,新メニュー開始,直近期売上335百万円、営業利益2400万円、借入金7900万円、自己資本比率16%、ステージ=安定黒字。,機器は専門性が高く、撤退時の換金性に幅がある。,既存顧客があり、単価上昇の余地がある。,新メニュー売上は口頭見込み中心で、解約率・稼働率が未整理。,,,,,,,,,,,,,,,yes,,
1,CASE-JD-20260725-0060,demo_user_judgment_drill,2026-07-25,2,pending_user_judgment,農業設備,農業,安定黒字,非メイン,50,新規先,0,20,選果機,36,7,出荷能力向上,直近期売上370百万円、営業利益3600万円、借入金8800万円、自己資本比率20%、ステージ=安定黒字。,補助金と組合支援の説明はあるが、入金時期が未確定。,出荷先との取引は長く、季節需要も見込める。,収穫量・天候影響に左右され、年間資金繰りの波が大きい。,,,,,,,,,,,,,,,yes,,
1,CASE-JD-20260725-0061,demo_user_judgment_drill,2026-07-25,2,pending_user_judgment,補助金前提,製造業,低利益,メイン,80,既存先,40,24,CNC工作機械,36,4,老朽設備更新と増産対応,直近期売上405百万円、営業利益-800万円、借入金9700万円、自己資本比率24%、ステージ=低利益。,社長は採択前提で説明しているが、銀行支援は口頭段階。,既存主力先からの受注残があり、設備必要性は明確。,補助金採択前にリース開始予定で、未採択時の資金繰り説明が弱い。,,,,,,,,,,,,,,,yes,,
1,CASE-JD-20260725-0062,demo_user_judgment_drill,2026-07-25,2,pending_user_judgment,新店舗計画,飲食業,低利益,メイン,120,既存先,60,30,厨房設備一式,62,5,新店舗出店,直近期売上440百万円、営業利益300万円、借入金10600万円、自己資本比率30%、ステージ=低利益。,立地評価は高いが、回転率・客単価・原価率の資料が薄い。,既存店舗は黒字で、代表に運営経験がある。,新店舗売上計画が既存店実績より強く、人員確保も未確定。,,,,,,,,,,,,,,,yes,,
1,CASE-JD-20260725-0063,demo_user_judgment_drill,2026-07-25,2,pending_user_judgment,増額更新,食品製造業,低利益,メイン,180,既存先,90,36,包装ライン,12,6,既存設備更新,直近期売上475百万円、営業利益900万円、借入金11500万円、自己資本比率36%、ステージ=低利益。,旧設備の廃棄費用・下取り可否が未確認。,故障頻度と停止時間が増え、更新合理性はある。,月額負担が上がる一方、改善効果がメーカー資料中心。,,,,,,,,,,,,,,,yes,,
1,CASE-JD-20260725-0064,demo_user_judgment_drill,2026-07-25,2,pending_user_judgment,新規契約前提,運送業,低利益,非メイン,250,既存先,5,8,大型トラック,24,7,新規荷主ルート対応,直近期売上510百万円、営業利益1600万円、借入金12400万円、自己資本比率8%、ステージ=低利益。,契約不成立時は既存業務に転用可能だが採算は下がる。,既存車両の稼働率は高く、返済履歴も良好。,荷主契約が内諾段階で、燃料費上昇時の採算余力が薄い。,,,,,,,,,,,,,,,yes,,
1,CASE-JD-20260725-0065,demo_user_judgment_drill,2026-07-25,2,pending_user_judgment,購入選択権,卸売業,低利益,非メイン,0,既存先,12,12,フォークリフト,36,4,倉庫能力維持,直近期売上545百万円、営業利益2400万円、借入金13300万円、自己資本比率12%、ステージ=低利益。,使用時間が長く、バッテリー交換費用の負担確認が必要。,倉庫稼働は安定し、物件の必要性は明確。,購入選択権価格が低く、残価・満了後出口の説明が弱い。,,,,,,,,,,,,,,,yes,,
1,CASE-JD-20260725-0066,demo_user_judgment_drill,2026-07-25,2,pending_user_judgment,医療機器更新,医療・福祉,低利益,非メイン,20,新規先,0,16,画像診断装置,62,5,診療能力維持と待ち時間短縮,直近期売上580百万円、営業利益3600万円、借入金2500万円、自己資本比率16%、ステージ=低利益。,メーカー保守契約は提示済みだが、更新後の稼働計画は概算。,地域需要があり、既存患者基盤も安定している。,診療報酬改定や保守費用を織り込んだ採算表が不足。,,,,,,,,,,,,,,,yes,,
1,CASE-JD-20260725-0067,demo_user_judgment_drill,2026-07-25,2,pending_user_judgment,建機高稼働,建設業,低利益,メイン,35,新規先,0,20,油圧ショベル,12,6,受注現場対応,直近期売上615百万円、営業利益-800万円、借入金3400万円、自己資本比率20%、ステージ=低利益。,代表は中古売却可能と説明するが、査定根拠は未取得。,公共工事の受注残があり、機械稼働の見込みはある。,工期後の転用先と中古価格下落時の出口説明が弱い。,,,,,,,,,,,,,,,yes,,
1,CASE-JD-20260725-0068,demo_user_judgment_drill,2026-07-25,2,pending_user_judgment,IT設備刷新,情報通信業,低利益,メイン,50,新規先,0,24,サーバー・ネットワーク機器,24,7,顧客案件増加に伴う基盤増強,直近期売上650百万円、営業利益300万円、借入金4300万円、自己資本比率24%、ステージ=低利益。,保守契約と入替計画はあるが、解約時の転用価値は限定的。,継続契約が複数あり、粗利率は比較的高い。,技術陳腐化が早く、期間と経済的寿命の整合確認が必要。,,,,,,,,,,,,,,,yes,,
1,CASE-JD-20260725-0069,demo_user_judgment_drill,2026-07-25,2,pending_user_judgment,美容店舗拡張,生活関連サービス業,低利益,メイン,80,新規先,0,30,美容機器,36,4,新メニュー開始,直近期売上90百万円、営業利益900万円、借入金5200万円、自己資本比率30%、ステージ=低利益。,機器は専門性が高く、撤退時の換金性に幅がある。,既存顧客があり、単価上昇の余地がある。,新メニュー売上は口頭見込み中心で、解約率・稼働率が未整理。,,,,,,,,,,,,,,,yes,,
1,CASE-JD-20260725-0070,demo_user_judgment_drill,2026-07-25,2,pending_user_judgment,農業設備,農業,低利益,非メイン,120,新規先,0,36,選果機,62,5,出荷能力向上,直近期売上125百万円、営業利益1600万円、借入金6100万円、自己資本比率36%、ステージ=低利益。,補助金と組合支援の説明はあるが、入金時期が未確定。,出荷先との取引は長く、季節需要も見込める。,収穫量・天候影響に左右され、年間資金繰りの波が大きい。,,,,,,,,,,,,,,,yes,,
1,CASE-JD-20260725-0071,demo_user_judgment_drill,2026-07-25,2,pending_user_judgment,補助金前提,製造業,赤字改善中,非メイン,180,既存先,5,8,CNC工作機械,62,6,老朽設備更新と増産対応,直近期売上160百万円、営業利益2400万円、借入金7000万円、自己資本比率8%、ステージ=赤字改善中。,社長は採択前提で説明しているが、銀行支援は口頭段階。,既存主力先からの受注残があり、設備必要性は明確。,補助金採択前にリース開始予定で、未採択時の資金繰り説明が弱い。,,,,,,,,,,,,,,,yes,,
1,CASE-JD-20260725-0072,demo_user_judgment_drill,2026-07-25,2,pending_user_judgment,新店舗計画,飲食業,赤字改善中,非メイン,250,既存先,12,12,厨房設備一式,12,7,新店舗出店,直近期売上195百万円、営業利益3600万円、借入金7900万円、自己資本比率12%、ステージ=赤字改善中。,立地評価は高いが、回転率・客単価・原価率の資料が薄い。,既存店舗は黒字で、代表に運営経験がある。,新店舗売上計画が既存店実績より強く、人員確保も未確定。,,,,,,,,,,,,,,,yes,,
1,CASE-JD-20260725-0073,demo_user_judgment_drill,2026-07-25,2,pending_user_judgment,増額更新,食品製造業,赤字改善中,メイン,0,既存先,18,16,包装ライン,24,4,既存設備更新,直近期売上230百万円、営業利益-800万円、借入金8800万円、自己資本比率16%、ステージ=赤字改善中。,旧設備の廃棄費用・下取り可否が未確認。,故障頻度と停止時間が増え、更新合理性はある。,月額負担が上がる一方、改善効果がメーカー資料中心。,,,,,,,,,,,,,,,yes,,
1,CASE-JD-20260725-0074,demo_user_judgment_drill,2026-07-25,2,pending_user_judgment,新規契約前提,運送業,赤字改善中,メイン,20,既存先,25,20,大型トラック,36,5,新規荷主ルート対応,直近期売上265百万円、営業利益300万円、借入金9700万円、自己資本比率20%、ステージ=赤字改善中。,契約不成立時は既存業務に転用可能だが採算は下がる。,既存車両の稼働率は高く、返済履歴も良好。,荷主契約が内諾段階で、燃料費上昇時の採算余力が薄い。,,,,,,,,,,,,,,,yes,,
1,CASE-JD-20260725-0075,demo_user_judgment_drill,2026-07-25,2,pending_user_judgment,購入選択権,卸売業,赤字改善中,メイン,35,既存先,40,24,フォークリフト,62,6,倉庫能力維持,直近期売上300百万円、営業利益900万円、借入金10600万円、自己資本比率24%、ステージ=赤字改善中。,使用時間が長く、バッテリー交換費用の負担確認が必要。,倉庫稼働は安定し、物件の必要性は明確。,購入選択権価格が低く、残価・満了後出口の説明が弱い。,,,,,,,,,,,,,,,yes,,
1,CASE-JD-20260725-0076,demo_user_judgment_drill,2026-07-25,2,pending_user_judgment,医療機器更新,医療・福祉,赤字改善中,非メイン,50,新規先,0,30,画像診断装置,12,7,診療能力維持と待ち時間短縮,直近期売上335百万円、営業利益1600万円、借入金11500万円、自己資本比率30%、ステージ=赤字改善中。,メーカー保守契約は提示済みだが、更新後の稼働計画は概算。,地域需要があり、既存患者基盤も安定している。,診療報酬改定や保守費用を織り込んだ採算表が不足。,,,,,,,,,,,,,,,yes,,
1,CASE-JD-20260725-0077,demo_user_judgment_drill,2026-07-25,2,pending_user_judgment,建機高稼働,建設業,赤字改善中,非メイン,80,新規先,0,36,油圧ショベル,24,4,受注現場対応,直近期売上370百万円、営業利益2400万円、借入金12400万円、自己資本比率36%、ステージ=赤字改善中。,代表は中古売却可能と説明するが、査定根拠は未取得。,公共工事の受注残があり、機械稼働の見込みはある。,工期後の転用先と中古価格下落時の出口説明が弱い。,,,,,,,,,,,,,,,yes,,
1,CASE-JD-20260725-0078,demo_user_judgment_drill,2026-07-25,2,pending_user_judgment,IT設備刷新,情報通信業,赤字改善中,非メイン,120,新規先,0,8,サーバー・ネットワーク機器,36,5,顧客案件増加に伴う基盤増強,直近期売上405百万円、営業利益3600万円、借入金13300万円、自己資本比率8%、ステージ=赤字改善中。,保守契約と入替計画はあるが、解約時の転用価値は限定的。,継続契約が複数あり、粗利率は比較的高い。,技術陳腐化が早く、期間と経済的寿命の整合確認が必要。,,,,,,,,,,,,,,,yes,,
1,CASE-JD-20260725-0079,demo_user_judgment_drill,2026-07-25,2,pending_user_judgment,美容店舗拡張,生活関連サービス業,赤字改善中,メイン,180,新規先,0,12,美容機器,62,6,新メニュー開始,直近期売上440百万円、営業利益-800万円、借入金2500万円、自己資本比率12%、ステージ=赤字改善中。,機器は専門性が高く、撤退時の換金性に幅がある。,既存顧客があり、単価上昇の余地がある。,新メニュー売上は口頭見込み中心で、解約率・稼働率が未整理。,,,,,,,,,,,,,,,yes,,
1,CASE-JD-20260725-0080,demo_user_judgment_drill,2026-07-25,2,pending_user_judgment,農業設備,農業,赤字改善中,メイン,250,新規先,0,16,選果機,12,7,出荷能力向上,直近期売上475百万円、営業利益300万円、借入金3400万円、自己資本比率16%、ステージ=赤字改善中。,補助金と組合支援の説明はあるが、入金時期が未確定。,出荷先との取引は長く、季節需要も見込める。,収穫量・天候影響に左右され、年間資金繰りの波が大きい。,,,,,,,,,,,,,,,yes,,
1,CASE-JD-20260725-0081,demo_user_judgment_drill,2026-07-25,2,pending_user_judgment,補助金前提,製造業,急成長,メイン,0,既存先,25,20,CNC工作機械,12,4,老朽設備更新と増産対応,直近期売上510百万円、営業利益900万円、借入金4300万円、自己資本比率20%、ステージ=急成長。,社長は採択前提で説明しているが、銀行支援は口頭段階。,既存主力先からの受注残があり、設備必要性は明確。,補助金採択前にリース開始予定で、未採択時の資金繰り説明が弱い。,,,,,,,,,,,,,,,yes,,
1,CASE-JD-20260725-0082,demo_user_judgment_drill,2026-07-25,2,pending_user_judgment,新店舗計画,飲食業,急成長,非メイン,20,既存先,40,24,厨房設備一式,24,5,新店舗出店,直近期売上545百万円、営業利益1600万円、借入金5200万円、自己資本比率24%、ステージ=急成長。,立地評価は高いが、回転率・客単価・原価率の資料が薄い。,既存店舗は黒字で、代表に運営経験がある。,新店舗売上計画が既存店実績より強く、人員確保も未確定。,,,,,,,,,,,,,,,yes,,
1,CASE-JD-20260725-0083,demo_user_judgment_drill,2026-07-25,2,pending_user_judgment,増額更新,食品製造業,急成長,非メイン,35,既存先,60,30,包装ライン,36,6,既存設備更新,直近期売上580百万円、営業利益2400万円、借入金6100万円、自己資本比率30%、ステージ=急成長。,旧設備の廃棄費用・下取り可否が未確認。,故障頻度と停止時間が増え、更新合理性はある。,月額負担が上がる一方、改善効果がメーカー資料中心。,,,,,,,,,,,,,,,yes,,
1,CASE-JD-20260725-0084,demo_user_judgment_drill,2026-07-25,2,pending_user_judgment,新規契約前提,運送業,急成長,非メイン,50,既存先,90,36,大型トラック,62,7,新規荷主ルート対応,直近期売上615百万円、営業利益3600万円、借入金7000万円、自己資本比率36%、ステージ=急成長。,契約不成立時は既存業務に転用可能だが採算は下がる。,既存車両の稼働率は高く、返済履歴も良好。,荷主契約が内諾段階で、燃料費上昇時の採算余力が薄い。,,,,,,,,,,,,,,,yes,,
1,CASE-JD-20260725-0085,demo_user_judgment_drill,2026-07-25,2,pending_user_judgment,購入選択権,卸売業,急成長,メイン,80,既存先,5,8,フォークリフト,12,4,倉庫能力維持,直近期売上650百万円、営業利益-800万円、借入金7900万円、自己資本比率8%、ステージ=急成長。,使用時間が長く、バッテリー交換費用の負担確認が必要。,倉庫稼働は安定し、物件の必要性は明確。,購入選択権価格が低く、残価・満了後出口の説明が弱い。,,,,,,,,,,,,,,,yes,,
1,CASE-JD-20260725-0086,demo_user_judgment_drill,2026-07-25,2,pending_user_judgment,医療機器更新,医療・福祉,急成長,メイン,120,新規先,0,12,画像診断装置,24,5,診療能力維持と待ち時間短縮,直近期売上90百万円、営業利益300万円、借入金8800万円、自己資本比率12%、ステージ=急成長。,メーカー保守契約は提示済みだが、更新後の稼働計画は概算。,地域需要があり、既存患者基盤も安定している。,診療報酬改定や保守費用を織り込んだ採算表が不足。,,,,,,,,,,,,,,,yes,,
1,CASE-JD-20260725-0087,demo_user_judgment_drill,2026-07-25,2,pending_user_judgment,建機高稼働,建設業,急成長,メイン,180,新規先,0,16,油圧ショベル,36,6,受注現場対応,直近期売上125百万円、営業利益900万円、借入金9700万円、自己資本比率16%、ステージ=急成長。,代表は中古売却可能と説明するが、査定根拠は未取得。,公共工事の受注残があり、機械稼働の見込みはある。,工期後の転用先と中古価格下落時の出口説明が弱い。,,,,,,,,,,,,,,,yes,,
1,CASE-JD-20260725-0088,demo_user_judgment_drill,2026-07-25,2,pending_user_judgment,IT設備刷新,情報通信業,急成長,非メイン,250,新規先,0,20,サーバー・ネットワーク機器,62,7,顧客案件増加に伴う基盤増強,直近期売上160百万円、営業利益1600万円、借入金10600万円、自己資本比率20%、ステージ=急成長。,保守契約と入替計画はあるが、解約時の転用価値は限定的。,継続契約が複数あり、粗利率は比較的高い。,技術陳腐化が早く、期間と経済的寿命の整合確認が必要。,,,,,,,,,,,,,,,yes,,
1,CASE-JD-20260725-0089,demo_user_judgment_drill,2026-07-25,2,pending_user_judgment,美容店舗拡張,生活関連サービス業,急成長,非メイン,0,新規先,0,24,美容機器,12,4,新メニュー開始,直近期売上195百万円、営業利益2400万円、借入金11500万円、自己資本比率24%、ステージ=急成長。,機器は専門性が高く、撤退時の換金性に幅がある。,既存顧客があり、単価上昇の余地がある。,新メニュー売上は口頭見込み中心で、解約率・稼働率が未整理。,,,,,,,,,,,,,,,yes,,
1,CASE-JD-20260725-0090,demo_user_judgment_drill,2026-07-25,2,pending_user_judgment,農業設備,農業,急成長,非メイン,20,新規先,0,30,選果機,24,5,出荷能力向上,直近期売上230百万円、営業利益3600万円、借入金12400万円、自己資本比率30%、ステージ=急成長。,補助金と組合支援の説明はあるが、入金時期が未確定。,出荷先との取引は長く、季節需要も見込める。,収穫量・天候影響に左右され、年間資金繰りの波が大きい。,,,,,,,,,,,,,,,yes,,
1,CASE-JD-20260725-0091,demo_user_judgment_drill,2026-07-25,2,pending_user_judgment,補助金前提,製造業,事業承継直後,メイン,35,既存先,90,36,CNC工作機械,24,6,老朽設備更新と増産対応,直近期売上265百万円、営業利益-800万円、借入金13300万円、自己資本比率36%、ステージ=事業承継直後。,社長は採択前提で説明しているが、銀行支援は口頭段階。,既存主力先からの受注残があり、設備必要性は明確。,補助金採択前にリース開始予定で、未採択時の資金繰り説明が弱い。,,,,,,,,,,,,,,,yes,,
1,CASE-JD-20260725-0092,demo_user_judgment_drill,2026-07-25,2,pending_user_judgment,新店舗計画,飲食業,事業承継直後,メイン,50,既存先,5,8,厨房設備一式,36,7,新店舗出店,直近期売上300百万円、営業利益300万円、借入金2500万円、自己資本比率8%、ステージ=事業承継直後。,立地評価は高いが、回転率・客単価・原価率の資料が薄い。,既存店舗は黒字で、代表に運営経験がある。,新店舗売上計画が既存店実績より強く、人員確保も未確定。,,,,,,,,,,,,,,,yes,,
1,CASE-JD-20260725-0093,demo_user_judgment_drill,2026-07-25,2,pending_user_judgment,増額更新,食品製造業,事業承継直後,メイン,80,既存先,12,12,包装ライン,62,4,既存設備更新,直近期売上335百万円、営業利益900万円、借入金3400万円、自己資本比率12%、ステージ=事業承継直後。,旧設備の廃棄費用・下取り可否が未確認。,故障頻度と停止時間が増え、更新合理性はある。,月額負担が上がる一方、改善効果がメーカー資料中心。,,,,,,,,,,,,,,,yes,,
1,CASE-JD-20260725-0094,demo_user_judgment_drill,2026-07-25,2,pending_user_judgment,新規契約前提,運送業,事業承継直後,非メイン,120,既存先,18,16,大型トラック,12,5,新規荷主ルート対応,直近期売上370百万円、営業利益1600万円、借入金4300万円、自己資本比率16%、ステージ=事業承継直後。,契約不成立時は既存業務に転用可能だが採算は下がる。,既存車両の稼働率は高く、返済履歴も良好。,荷主契約が内諾段階で、燃料費上昇時の採算余力が薄い。,,,,,,,,,,,,,,,yes,,
1,CASE-JD-20260725-0095,demo_user_judgment_drill,2026-07-25,2,pending_user_judgment,購入選択権,卸売業,事業承継直後,非メイン,180,既存先,25,20,フォークリフト,24,6,倉庫能力維持,直近期売上405百万円、営業利益2400万円、借入金5200万円、自己資本比率20%、ステージ=事業承継直後。,使用時間が長く、バッテリー交換費用の負担確認が必要。,倉庫稼働は安定し、物件の必要性は明確。,購入選択権価格が低く、残価・満了後出口の説明が弱い。,,,,,,,,,,,,,,,yes,,
1,CASE-JD-20260725-0096,demo_user_judgment_drill,2026-07-25,2,pending_user_judgment,医療機器更新,医療・福祉,事業承継直後,非メイン,250,新規先,0,24,画像診断装置,36,7,診療能力維持と待ち時間短縮,直近期売上440百万円、営業利益3600万円、借入金6100万円、自己資本比率24%、ステージ=事業承継直後。,メーカー保守契約は提示済みだが、更新後の稼働計画は概算。,地域需要があり、既存患者基盤も安定している。,診療報酬改定や保守費用を織り込んだ採算表が不足。,,,,,,,,,,,,,,,yes,,
1,CASE-JD-20260725-0097,demo_user_judgment_drill,2026-07-25,2,pending_user_judgment,建機高稼働,建設業,事業承継直後,メイン,0,新規先,0,30,油圧ショベル,62,4,受注現場対応,直近期売上475百万円、営業利益-800万円、借入金7000万円、自己資本比率30%、ステージ=事業承継直後。,代表は中古売却可能と説明するが、査定根拠は未取得。,公共工事の受注残があり、機械稼働の見込みはある。,工期後の転用先と中古価格下落時の出口説明が弱い。,,,,,,,,,,,,,,,yes,,
1,CASE-JD-20260725-0098,demo_user_judgment_drill,2026-07-25,2,pending_user_judgment,IT設備刷新,情報通信業,事業承継直後,メイン,20,新規先,0,36,サーバー・ネットワーク機器,12,5,顧客案件増加に伴う基盤増強,直近期売上510百万円、営業利益300万円、借入金7900万円、自己資本比率36%、ステージ=事業承継直後。,保守契約と入替計画はあるが、解約時の転用価値は限定的。,継続契約が複数あり、粗利率は比較的高い。,技術陳腐化が早く、期間と経済的寿命の整合確認が必要。,,,,,,,,,,,,,,,yes,,
1,CASE-JD-20260725-0099,demo_user_judgment_drill,2026-07-25,2,pending_user_judgment,美容店舗拡張,生活関連サービス業,事業承継直後,メイン,35,新規先,0,8,美容機器,24,6,新メニュー開始,直近期売上545百万円、営業利益900万円、借入金8800万円、自己資本比率8%、ステージ=事業承継直後。,機器は専門性が高く、撤退時の換金性に幅がある。,既存顧客があり、単価上昇の余地がある。,新メニュー売上は口頭見込み中心で、解約率・稼働率が未整理。,,,,,,,,,,,,,,,yes,,
1,CASE-JD-20260725-0100,demo_user_judgment_drill,2026-07-25,2,pending_user_judgment,農業設備,農業,事業承継直後,非メイン,50,新規先,0,12,選果機,36,7,出荷能力向上,直近期売上580百万円、営業利益1600万円、借入金9700万円、自己資本比率12%、ステージ=事業承継直後。,補助金と組合支援の説明はあるが、入金時期が未確定。,出荷先との取引は長く、季節需要も見込める。,収穫量・天候影響に左右され、年間資金繰りの波が大きい。,,,,,,,,,,,,,,,yes,,
1,CASE-JD-20260725-0101,demo_user_judgment_drill,2026-07-25,3,pending_user_judgment,補助金前提,製造業,安定黒字,非メイン,80,既存先,18,16,CNC工作機械,36,4,老朽設備更新と増産対応,直近期売上615百万円、営業利益2400万円、借入金10600万円、自己資本比率16%、ステージ=安定黒字。,社長は採択前提で説明しているが、銀行支援は口頭段階。,既存主力先からの受注残があり、設備必要性は明確。,補助金採択前にリース開始予定で、未採択時の資金繰り説明が弱い。,,,,,,,,,,,,,,,yes,,
1,CASE-JD-20260725-0102,demo_user_judgment_drill,2026-07-25,3,pending_user_judgment,新店舗計画,飲食業,安定黒字,非メイン,120,既存先,25,20,厨房設備一式,62,5,新店舗出店,直近期売上650百万円、営業利益3600万円、借入金11500万円、自己資本比率20%、ステージ=安定黒字。,立地評価は高いが、回転率・客単価・原価率の資料が薄い。,既存店舗は黒字で、代表に運営経験がある。,新店舗売上計画が既存店実績より強く、人員確保も未確定。,,,,,,,,,,,,,,,yes,,
1,CASE-JD-20260725-0103,demo_user_judgment_drill,2026-07-25,3,pending_user_judgment,増額更新,食品製造業,安定黒字,メイン,180,既存先,40,24,包装ライン,12,6,既存設備更新,直近期売上90百万円、営業利益-800万円、借入金12400万円、自己資本比率24%、ステージ=安定黒字。,旧設備の廃棄費用・下取り可否が未確認。,故障頻度と停止時間が増え、更新合理性はある。,月額負担が上がる一方、改善効果がメーカー資料中心。,,,,,,,,,,,,,,,yes,,
1,CASE-JD-20260725-0104,demo_user_judgment_drill,2026-07-25,3,pending_user_judgment,新規契約前提,運送業,安定黒字,メイン,250,既存先,60,30,大型トラック,24,7,新規荷主ルート対応,直近期売上125百万円、営業利益300万円、借入金13300万円、自己資本比率30%、ステージ=安定黒字。,契約不成立時は既存業務に転用可能だが採算は下がる。,既存車両の稼働率は高く、返済履歴も良好。,荷主契約が内諾段階で、燃料費上昇時の採算余力が薄い。,,,,,,,,,,,,,,,yes,,
1,CASE-JD-20260725-0105,demo_user_judgment_drill,2026-07-25,3,pending_user_judgment,購入選択権,卸売業,安定黒字,メイン,0,既存先,90,36,フォークリフト,36,4,倉庫能力維持,直近期売上160百万円、営業利益900万円、借入金2500万円、自己資本比率36%、ステージ=安定黒字。,使用時間が長く、バッテリー交換費用の負担確認が必要。,倉庫稼働は安定し、物件の必要性は明確。,購入選択権価格が低く、残価・満了後出口の説明が弱い。,,,,,,,,,,,,,,,yes,,
1,CASE-JD-20260725-0106,demo_user_judgment_drill,2026-07-25,3,pending_user_judgment,医療機器更新,医療・福祉,安定黒字,非メイン,20,新規先,0,8,画像診断装置,62,5,診療能力維持と待ち時間短縮,直近期売上195百万円、営業利益1600万円、借入金3400万円、自己資本比率8%、ステージ=安定黒字。,メーカー保守契約は提示済みだが、更新後の稼働計画は概算。,地域需要があり、既存患者基盤も安定している。,診療報酬改定や保守費用を織り込んだ採算表が不足。,,,,,,,,,,,,,,,yes,,
1,CASE-JD-20260725-0107,demo_user_judgment_drill,2026-07-25,3,pending_user_judgment,建機高稼働,建設業,安定黒字,非メイン,35,新規先,0,12,油圧ショベル,12,6,受注現場対応,直近期売上230百万円、営業利益2400万円、借入金4300万円、自己資本比率12%、ステージ=安定黒字。,代表は中古売却可能と説明するが、査定根拠は未取得。,公共工事の受注残があり、機械稼働の見込みはある。,工期後の転用先と中古価格下落時の出口説明が弱い。,,,,,,,,,,,,,,,yes,,
1,CASE-JD-20260725-0108,demo_user_judgment_drill,2026-07-25,3,pending_user_judgment,IT設備刷新,情報通信業,安定黒字,非メイン,50,新規先,0,16,サーバー・ネットワーク機器,24,7,顧客案件増加に伴う基盤増強,直近期売上265百万円、営業利益3600万円、借入金5200万円、自己資本比率16%、ステージ=安定黒字。,保守契約と入替計画はあるが、解約時の転用価値は限定的。,継続契約が複数あり、粗利率は比較的高い。,技術陳腐化が早く、期間と経済的寿命の整合確認が必要。,,,,,,,,,,,,,,,yes,,
1,CASE-JD-20260725-0109,demo_user_judgment_drill,2026-07-25,3,pending_user_judgment,美容店舗拡張,生活関連サービス業,安定黒字,メイン,80,新規先,0,20,美容機器,36,4,新メニュー開始,直近期売上300百万円、営業利益-800万円、借入金6100万円、自己資本比率20%、ステージ=安定黒字。,機器は専門性が高く、撤退時の換金性に幅がある。,既存顧客があり、単価上昇の余地がある。,新メニュー売上は口頭見込み中心で、解約率・稼働率が未整理。,,,,,,,,,,,,,,,yes,,
1,CASE-JD-20260725-0110,demo_user_judgment_drill,2026-07-25,3,pending_user_judgment,農業設備,農業,安定黒字,メイン,120,新規先,0,24,選果機,62,5,出荷能力向上,直近期売上335百万円、営業利益300万円、借入金7000万円、自己資本比率24%、ステージ=安定黒字。,補助金と組合支援の説明はあるが、入金時期が未確定。,出荷先との取引は長く、季節需要も見込める。,収穫量・天候影響に左右され、年間資金繰りの波が大きい。,,,,,,,,,,,,,,,yes,,
1,CASE-JD-20260725-0111,demo_user_judgment_drill,2026-07-25,3,pending_user_judgment,補助金前提,製造業,低利益,メイン,180,既存先,60,30,CNC工作機械,62,6,老朽設備更新と増産対応,直近期売上370百万円、営業利益900万円、借入金7900万円、自己資本比率30%、ステージ=低利益。,社長は採択前提で説明しているが、銀行支援は口頭段階。,既存主力先からの受注残があり、設備必要性は明確。,補助金採択前にリース開始予定で、未採択時の資金繰り説明が弱い。,,,,,,,,,,,,,,,yes,,
1,CASE-JD-20260725-0112,demo_user_judgment_drill,2026-07-25,3,pending_user_judgment,新店舗計画,飲食業,低利益,非メイン,250,既存先,90,36,厨房設備一式,12,7,新店舗出店,直近期売上405百万円、営業利益1600万円、借入金8800万円、自己資本比率36%、ステージ=低利益。,立地評価は高いが、回転率・客単価・原価率の資料が薄い。,既存店舗は黒字で、代表に運営経験がある。,新店舗売上計画が既存店実績より強く、人員確保も未確定。,,,,,,,,,,,,,,,yes,,
1,CASE-JD-20260725-0113,demo_user_judgment_drill,2026-07-25,3,pending_user_judgment,増額更新,食品製造業,低利益,非メイン,0,既存先,5,8,包装ライン,24,4,既存設備更新,直近期売上440百万円、営業利益2400万円、借入金9700万円、自己資本比率8%、ステージ=低利益。,旧設備の廃棄費用・下取り可否が未確認。,故障頻度と停止時間が増え、更新合理性はある。,月額負担が上がる一方、改善効果がメーカー資料中心。,,,,,,,,,,,,,,,yes,,
1,CASE-JD-20260725-0114,demo_user_judgment_drill,2026-07-25,3,pending_user_judgment,新規契約前提,運送業,低利益,非メイン,20,既存先,12,12,大型トラック,36,5,新規荷主ルート対応,直近期売上475百万円、営業利益3600万円、借入金10600万円、自己資本比率12%、ステージ=低利益。,契約不成立時は既存業務に転用可能だが採算は下がる。,既存車両の稼働率は高く、返済履歴も良好。,荷主契約が内諾段階で、燃料費上昇時の採算余力が薄い。,,,,,,,,,,,,,,,yes,,
1,CASE-JD-20260725-0115,demo_user_judgment_drill,2026-07-25,3,pending_user_judgment,購入選択権,卸売業,低利益,メイン,35,既存先,18,16,フォークリフト,62,6,倉庫能力維持,直近期売上510百万円、営業利益-800万円、借入金11500万円、自己資本比率16%、ステージ=低利益。,使用時間が長く、バッテリー交換費用の負担確認が必要。,倉庫稼働は安定し、物件の必要性は明確。,購入選択権価格が低く、残価・満了後出口の説明が弱い。,,,,,,,,,,,,,,,yes,,
1,CASE-JD-20260725-0116,demo_user_judgment_drill,2026-07-25,3,pending_user_judgment,医療機器更新,医療・福祉,低利益,メイン,50,新規先,0,20,画像診断装置,12,7,診療能力維持と待ち時間短縮,直近期売上545百万円、営業利益300万円、借入金12400万円、自己資本比率20%、ステージ=低利益。,メーカー保守契約は提示済みだが、更新後の稼働計画は概算。,地域需要があり、既存患者基盤も安定している。,診療報酬改定や保守費用を織り込んだ採算表が不足。,,,,,,,,,,,,,,,yes,,
1,CASE-JD-20260725-0117,demo_user_judgment_drill,2026-07-25,3,pending_user_judgment,建機高稼働,建設業,低利益,メイン,80,新規先,0,24,油圧ショベル,24,4,受注現場対応,直近期売上580百万円、営業利益900万円、借入金13300万円、自己資本比率24%、ステージ=低利益。,代表は中古売却可能と説明するが、査定根拠は未取得。,公共工事の受注残があり、機械稼働の見込みはある。,工期後の転用先と中古価格下落時の出口説明が弱い。,,,,,,,,,,,,,,,yes,,
1,CASE-JD-20260725-0118,demo_user_judgment_drill,2026-07-25,3,pending_user_judgment,IT設備刷新,情報通信業,低利益,非メイン,120,新規先,0,30,サーバー・ネットワーク機器,36,5,顧客案件増加に伴う基盤増強,直近期売上615百万円、営業利益1600万円、借入金2500万円、自己資本比率30%、ステージ=低利益。,保守契約と入替計画はあるが、解約時の転用価値は限定的。,継続契約が複数あり、粗利率は比較的高い。,技術陳腐化が早く、期間と経済的寿命の整合確認が必要。,,,,,,,,,,,,,,,yes,,
1,CASE-JD-20260725-0119,demo_user_judgment_drill,2026-07-25,3,pending_user_judgment,美容店舗拡張,生活関連サービス業,低利益,非メイン,180,新規先,0,36,美容機器,62,6,新メニュー開始,直近期売上650百万円、営業利益2400万円、借入金3400万円、自己資本比率36%、ステージ=低利益。,機器は専門性が高く、撤退時の換金性に幅がある。,既存顧客があり、単価上昇の余地がある。,新メニュー売上は口頭見込み中心で、解約率・稼働率が未整理。,,,,,,,,,,,,,,,yes,,
1,CASE-JD-20260725-0120,demo_user_judgment_drill,2026-07-25,3,pending_user_judgment,農業設備,農業,低利益,非メイン,250,新規先,0,8,選果機,12,7,出荷能力向上,直近期売上90百万円、営業利益3600万円、借入金4300万円、自己資本比率8%、ステージ=低利益。,補助金と組合支援の説明はあるが、入金時期が未確定。,出荷先との取引は長く、季節需要も見込める。,収穫量・天候影響に左右され、年間資金繰りの波が大きい。,,,,,,,,,,,,,,,yes,,
1,CASE-JD-20260725-0121,demo_user_judgment_drill,2026-07-25,3,pending_user_judgment,補助金前提,製造業,赤字改善中,メイン,0,既存先,12,12,CNC工作機械,12,4,老朽設備更新と増産対応,直近期売上125百万円、営業利益-800万円、借入金5200万円、自己資本比率12%、ステージ=赤字改善中。,社長は採択前提で説明しているが、銀行支援は口頭段階。,既存主力先からの受注残があり、設備必要性は明確。,補助金採択前にリース開始予定で、未採択時の資金繰り説明が弱い。,,,,,,,,,,,,,,,yes,,
1,CASE-JD-20260725-0122,demo_user_judgment_drill,2026-07-25,3,pending_user_judgment,新店舗計画,飲食業,赤字改善中,メイン,20,既存先,18,16,厨房設備一式,24,5,新店舗出店,直近期売上160百万円、営業利益300万円、借入金6100万円、自己資本比率16%、ステージ=赤字改善中。,立地評価は高いが、回転率・客単価・原価率の資料が薄い。,既存店舗は黒字で、代表に運営経験がある。,新店舗売上計画が既存店実績より強く、人員確保も未確定。,,,,,,,,,,,,,,,yes,,
1,CASE-JD-20260725-0123,demo_user_judgment_drill,2026-07-25,3,pending_user_judgment,増額更新,食品製造業,赤字改善中,メイン,35,既存先,25,20,包装ライン,36,6,既存設備更新,直近期売上195百万円、営業利益900万円、借入金7000万円、自己資本比率20%、ステージ=赤字改善中。,旧設備の廃棄費用・下取り可否が未確認。,故障頻度と停止時間が増え、更新合理性はある。,月額負担が上がる一方、改善効果がメーカー資料中心。,,,,,,,,,,,,,,,yes,,
1,CASE-JD-20260725-0124,demo_user_judgment_drill,2026-07-25,3,pending_user_judgment,新規契約前提,運送業,赤字改善中,非メイン,50,既存先,40,24,大型トラック,62,7,新規荷主ルート対応,直近期売上230百万円、営業利益1600万円、借入金7900万円、自己資本比率24%、ステージ=赤字改善中。,契約不成立時は既存業務に転用可能だが採算は下がる。,既存車両の稼働率は高く、返済履歴も良好。,荷主契約が内諾段階で、燃料費上昇時の採算余力が薄い。,,,,,,,,,,,,,,,yes,,
1,CASE-JD-20260725-0125,demo_user_judgment_drill,2026-07-25,3,pending_user_judgment,購入選択権,卸売業,赤字改善中,非メイン,80,既存先,60,30,フォークリフト,12,4,倉庫能力維持,直近期売上265百万円、営業利益2400万円、借入金8800万円、自己資本比率30%、ステージ=赤字改善中。,使用時間が長く、バッテリー交換費用の負担確認が必要。,倉庫稼働は安定し、物件の必要性は明確。,購入選択権価格が低く、残価・満了後出口の説明が弱い。,,,,,,,,,,,,,,,yes,,
1,CASE-JD-20260725-0126,demo_user_judgment_drill,2026-07-25,3,pending_user_judgment,医療機器更新,医療・福祉,赤字改善中,非メイン,120,新規先,0,36,画像診断装置,24,5,診療能力維持と待ち時間短縮,直近期売上300百万円、営業利益3600万円、借入金9700万円、自己資本比率36%、ステージ=赤字改善中。,メーカー保守契約は提示済みだが、更新後の稼働計画は概算。,地域需要があり、既存患者基盤も安定している。,診療報酬改定や保守費用を織り込んだ採算表が不足。,,,,,,,,,,,,,,,yes,,
1,CASE-JD-20260725-0127,demo_user_judgment_drill,2026-07-25,3,pending_user_judgment,建機高稼働,建設業,赤字改善中,メイン,180,新規先,0,8,油圧ショベル,36,6,受注現場対応,直近期売上335百万円、営業利益-800万円、借入金10600万円、自己資本比率8%、ステージ=赤字改善中。,代表は中古売却可能と説明するが、査定根拠は未取得。,公共工事の受注残があり、機械稼働の見込みはある。,工期後の転用先と中古価格下落時の出口説明が弱い。,,,,,,,,,,,,,,,yes,,
1,CASE-JD-20260725-0128,demo_user_judgment_drill,2026-07-25,3,pending_user_judgment,IT設備刷新,情報通信業,赤字改善中,メイン,250,新規先,0,12,サーバー・ネットワーク機器,62,7,顧客案件増加に伴う基盤増強,直近期売上370百万円、営業利益300万円、借入金11500万円、自己資本比率12%、ステージ=赤字改善中。,保守契約と入替計画はあるが、解約時の転用価値は限定的。,継続契約が複数あり、粗利率は比較的高い。,技術陳腐化が早く、期間と経済的寿命の整合確認が必要。,,,,,,,,,,,,,,,yes,,
1,CASE-JD-20260725-0129,demo_user_judgment_drill,2026-07-25,3,pending_user_judgment,美容店舗拡張,生活関連サービス業,赤字改善中,メイン,0,新規先,0,16,美容機器,12,4,新メニュー開始,直近期売上405百万円、営業利益900万円、借入金12400万円、自己資本比率16%、ステージ=赤字改善中。,機器は専門性が高く、撤退時の換金性に幅がある。,既存顧客があり、単価上昇の余地がある。,新メニュー売上は口頭見込み中心で、解約率・稼働率が未整理。,,,,,,,,,,,,,,,yes,,
1,CASE-JD-20260725-0130,demo_user_judgment_drill,2026-07-25,3,pending_user_judgment,農業設備,農業,赤字改善中,非メイン,20,新規先,0,20,選果機,24,5,出荷能力向上,直近期売上440百万円、営業利益1600万円、借入金13300万円、自己資本比率20%、ステージ=赤字改善中。,補助金と組合支援の説明はあるが、入金時期が未確定。,出荷先との取引は長く、季節需要も見込める。,収穫量・天候影響に左右され、年間資金繰りの波が大きい。,,,,,,,,,,,,,,,yes,,
1,CASE-JD-20260725-0131,demo_user_judgment_drill,2026-07-25,3,pending_user_judgment,補助金前提,製造業,急成長,非メイン,35,既存先,40,24,CNC工作機械,24,6,老朽設備更新と増産対応,直近期売上475百万円、営業利益2400万円、借入金2500万円、自己資本比率24%、ステージ=急成長。,社長は採択前提で説明しているが、銀行支援は口頭段階。,既存主力先からの受注残があり、設備必要性は明確。,補助金採択前にリース開始予定で、未採択時の資金繰り説明が弱い。,,,,,,,,,,,,,,,yes,,
1,CASE-JD-20260725-0132,demo_user_judgment_drill,2026-07-25,3,pending_user_judgment,新店舗計画,飲食業,急成長,非メイン,50,既存先,60,30,厨房設備一式,36,7,新店舗出店,直近期売上510百万円、営業利益3600万円、借入金3400万円、自己資本比率30%、ステージ=急成長。,立地評価は高いが、回転率・客単価・原価率の資料が薄い。,既存店舗は黒字で、代表に運営経験がある。,新店舗売上計画が既存店実績より強く、人員確保も未確定。,,,,,,,,,,,,,,,yes,,
1,CASE-JD-20260725-0133,demo_user_judgment_drill,2026-07-25,3,pending_user_judgment,増額更新,食品製造業,急成長,メイン,80,既存先,90,36,包装ライン,62,4,既存設備更新,直近期売上545百万円、営業利益-800万円、借入金4300万円、自己資本比率36%、ステージ=急成長。,旧設備の廃棄費用・下取り可否が未確認。,故障頻度と停止時間が増え、更新合理性はある。,月額負担が上がる一方、改善効果がメーカー資料中心。,,,,,,,,,,,,,,,yes,,
1,CASE-JD-20260725-0134,demo_user_judgment_drill,2026-07-25,3,pending_user_judgment,新規契約前提,運送業,急成長,メイン,120,既存先,5,8,大型トラック,12,5,新規荷主ルート対応,直近期売上580百万円、営業利益300万円、借入金5200万円、自己資本比率8%、ステージ=急成長。,契約不成立時は既存業務に転用可能だが採算は下がる。,既存車両の稼働率は高く、返済履歴も良好。,荷主契約が内諾段階で、燃料費上昇時の採算余力が薄い。,,,,,,,,,,,,,,,yes,,
1,CASE-JD-20260725-0135,demo_user_judgment_drill,2026-07-25,3,pending_user_judgment,購入選択権,卸売業,急成長,メイン,180,既存先,12,12,フォークリフト,24,6,倉庫能力維持,直近期売上615百万円、営業利益900万円、借入金6100万円、自己資本比率12%、ステージ=急成長。,使用時間が長く、バッテリー交換費用の負担確認が必要。,倉庫稼働は安定し、物件の必要性は明確。,購入選択権価格が低く、残価・満了後出口の説明が弱い。,,,,,,,,,,,,,,,yes,,
1,CASE-JD-20260725-0136,demo_user_judgment_drill,2026-07-25,3,pending_user_judgment,医療機器更新,医療・福祉,急成長,非メイン,250,新規先,0,16,画像診断装置,36,7,診療能力維持と待ち時間短縮,直近期売上650百万円、営業利益1600万円、借入金7000万円、自己資本比率16%、ステージ=急成長。,メーカー保守契約は提示済みだが、更新後の稼働計画は概算。,地域需要があり、既存患者基盤も安定している。,診療報酬改定や保守費用を織り込んだ採算表が不足。,,,,,,,,,,,,,,,yes,,
1,CASE-JD-20260725-0137,demo_user_judgment_drill,2026-07-25,3,pending_user_judgment,建機高稼働,建設業,急成長,非メイン,0,新規先,0,20,油圧ショベル,62,4,受注現場対応,直近期売上90百万円、営業利益2400万円、借入金7900万円、自己資本比率20%、ステージ=急成長。,代表は中古売却可能と説明するが、査定根拠は未取得。,公共工事の受注残があり、機械稼働の見込みはある。,工期後の転用先と中古価格下落時の出口説明が弱い。,,,,,,,,,,,,,,,yes,,
1,CASE-JD-20260725-0138,demo_user_judgment_drill,2026-07-25,3,pending_user_judgment,IT設備刷新,情報通信業,急成長,非メイン,20,新規先,0,24,サーバー・ネットワーク機器,12,5,顧客案件増加に伴う基盤増強,直近期売上125百万円、営業利益3600万円、借入金8800万円、自己資本比率24%、ステージ=急成長。,保守契約と入替計画はあるが、解約時の転用価値は限定的。,継続契約が複数あり、粗利率は比較的高い。,技術陳腐化が早く、期間と経済的寿命の整合確認が必要。,,,,,,,,,,,,,,,yes,,
1,CASE-JD-20260725-0139,demo_user_judgment_drill,2026-07-25,3,pending_user_judgment,美容店舗拡張,生活関連サービス業,急成長,メイン,35,新規先,0,30,美容機器,24,6,新メニュー開始,直近期売上160百万円、営業利益-800万円、借入金9700万円、自己資本比率30%、ステージ=急成長。,機器は専門性が高く、撤退時の換金性に幅がある。,既存顧客があり、単価上昇の余地がある。,新メニュー売上は口頭見込み中心で、解約率・稼働率が未整理。,,,,,,,,,,,,,,,yes,,
1,CASE-JD-20260725-0140,demo_user_judgment_drill,2026-07-25,3,pending_user_judgment,農業設備,農業,急成長,メイン,50,新規先,0,36,選果機,36,7,出荷能力向上,直近期売上195百万円、営業利益300万円、借入金10600万円、自己資本比率36%、ステージ=急成長。,補助金と組合支援の説明はあるが、入金時期が未確定。,出荷先との取引は長く、季節需要も見込める。,収穫量・天候影響に左右され、年間資金繰りの波が大きい。,,,,,,,,,,,,,,,yes,,
1,CASE-JD-20260725-0141,demo_user_judgment_drill,2026-07-25,3,pending_user_judgment,補助金前提,製造業,事業承継直後,メイン,80,既存先,5,8,CNC工作機械,36,4,老朽設備更新と増産対応,直近期売上230百万円、営業利益900万円、借入金11500万円、自己資本比率8%、ステージ=事業承継直後。,社長は採択前提で説明しているが、銀行支援は口頭段階。,既存主力先からの受注残があり、設備必要性は明確。,補助金採択前にリース開始予定で、未採択時の資金繰り説明が弱い。,,,,,,,,,,,,,,,yes,,
1,CASE-JD-20260725-0142,demo_user_judgment_drill,2026-07-25,3,pending_user_judgment,新店舗計画,飲食業,事業承継直後,非メイン,120,既存先,12,12,厨房設備一式,62,5,新店舗出店,直近期売上265百万円、営業利益1600万円、借入金12400万円、自己資本比率12%、ステージ=事業承継直後。,立地評価は高いが、回転率・客単価・原価率の資料が薄い。,既存店舗は黒字で、代表に運営経験がある。,新店舗売上計画が既存店実績より強く、人員確保も未確定。,,,,,,,,,,,,,,,yes,,
1,CASE-JD-20260725-0143,demo_user_judgment_drill,2026-07-25,3,pending_user_judgment,増額更新,食品製造業,事業承継直後,非メイン,180,既存先,18,16,包装ライン,12,6,既存設備更新,直近期売上300百万円、営業利益2400万円、借入金13300万円、自己資本比率16%、ステージ=事業承継直後。,旧設備の廃棄費用・下取り可否が未確認。,故障頻度と停止時間が増え、更新合理性はある。,月額負担が上がる一方、改善効果がメーカー資料中心。,,,,,,,,,,,,,,,yes,,
1,CASE-JD-20260725-0144,demo_user_judgment_drill,2026-07-25,3,pending_user_judgment,新規契約前提,運送業,事業承継直後,非メイン,250,既存先,25,20,大型トラック,24,7,新規荷主ルート対応,直近期売上335百万円、営業利益3600万円、借入金2500万円、自己資本比率20%、ステージ=事業承継直後。,契約不成立時は既存業務に転用可能だが採算は下がる。,既存車両の稼働率は高く、返済履歴も良好。,荷主契約が内諾段階で、燃料費上昇時の採算余力が薄い。,,,,,,,,,,,,,,,yes,,
1,CASE-JD-20260725-0145,demo_user_judgment_drill,2026-07-25,3,pending_user_judgment,購入選択権,卸売業,事業承継直後,メイン,0,既存先,40,24,フォークリフト,36,4,倉庫能力維持,直近期売上370百万円、営業利益-800万円、借入金3400万円、自己資本比率24%、ステージ=事業承継直後。,使用時間が長く、バッテリー交換費用の負担確認が必要。,倉庫稼働は安定し、物件の必要性は明確。,購入選択権価格が低く、残価・満了後出口の説明が弱い。,,,,,,,,,,,,,,,yes,,
1,CASE-JD-20260725-0146,demo_user_judgment_drill,2026-07-25,3,pending_user_judgment,医療機器更新,医療・福祉,事業承継直後,メイン,20,新規先,0,30,画像診断装置,62,5,診療能力維持と待ち時間短縮,直近期売上405百万円、営業利益300万円、借入金4300万円、自己資本比率30%、ステージ=事業承継直後。,メーカー保守契約は提示済みだが、更新後の稼働計画は概算。,地域需要があり、既存患者基盤も安定している。,診療報酬改定や保守費用を織り込んだ採算表が不足。,,,,,,,,,,,,,,,yes,,
1,CASE-JD-20260725-0147,demo_user_judgment_drill,2026-07-25,3,pending_user_judgment,建機高稼働,建設業,事業承継直後,メイン,35,新規先,0,36,油圧ショベル,12,6,受注現場対応,直近期売上440百万円、営業利益900万円、借入金5200万円、自己資本比率36%、ステージ=事業承継直後。,代表は中古売却可能と説明するが、査定根拠は未取得。,公共工事の受注残があり、機械稼働の見込みはある。,工期後の転用先と中古価格下落時の出口説明が弱い。,,,,,,,,,,,,,,,yes,,
1,CASE-JD-20260725-0148,demo_user_judgment_drill,2026-07-25,3,pending_user_judgment,IT設備刷新,情報通信業,事業承継直後,非メイン,50,新規先,0,8,サーバー・ネットワーク機器,24,7,顧客案件増加に伴う基盤増強,直近期売上475百万円、営業利益1600万円、借入金6100万円、自己資本比率8%、ステージ=事業承継直後。,保守契約と入替計画はあるが、解約時の転用価値は限定的。,継続契約が複数あり、粗利率は比較的高い。,技術陳腐化が早く、期間と経済的寿命の整合確認が必要。,,,,,,,,,,,,,,,yes,,
1,CASE-JD-20260725-0149,demo_user_judgment_drill,2026-07-25,3,pending_user_judgment,美容店舗拡張,生活関連サービス業,事業承継直後,非メイン,80,新規先,0,12,美容機器,36,4,新メニュー開始,直近期売上510百万円、営業利益2400万円、借入金7000万円、自己資本比率12%、ステージ=事業承継直後。,機器は専門性が高く、撤退時の換金性に幅がある。,既存顧客があり、単価上昇の余地がある。,新メニュー売上は口頭見込み中心で、解約率・稼働率が未整理。,,,,,,,,,,,,,,,yes,,
1,CASE-JD-20260725-0150,demo_user_judgment_drill,2026-07-25,3,pending_user_judgment,農業設備,農業,事業承継直後,非メイン,120,新規先,0,16,選果機,62,5,出荷能力向上,直近期売上545百万円、営業利益3600万円、借入金7900万円、自己資本比率16%、ステージ=事業承継直後。,補助金と組合支援の説明はあるが、入金時期が未確定。,出荷先との取引は長く、季節需要も見込める。,収穫量・天候影響に左右され、年間資金繰りの波が大きい。,,,,,,,,,,,,,,,yes,,
1,CASE-JD-20260725-0151,demo_user_judgment_drill,2026-07-25,4,pending_user_judgment,補助金前提,製造業,安定黒字,メイン,180,既存先,25,20,CNC工作機械,62,6,老朽設備更新と増産対応,直近期売上580百万円、営業利益-800万円、借入金8800万円、自己資本比率20%、ステージ=安定黒字。,社長は採択前提で説明しているが、銀行支援は口頭段階。,既存主力先からの受注残があり、設備必要性は明確。,補助金採択前にリース開始予定で、未採択時の資金繰り説明が弱い。,,,,,,,,,,,,,,,yes,,
1,CASE-JD-20260725-0152,demo_user_judgment_drill,2026-07-25,4,pending_user_judgment,新店舗計画,飲食業,安定黒字,メイン,250,既存先,40,24,厨房設備一式,12,7,新店舗出店,直近期売上615百万円、営業利益300万円、借入金9700万円、自己資本比率24%、ステージ=安定黒字。,立地評価は高いが、回転率・客単価・原価率の資料が薄い。,既存店舗は黒字で、代表に運営経験がある。,新店舗売上計画が既存店実績より強く、人員確保も未確定。,,,,,,,,,,,,,,,yes,,
1,CASE-JD-20260725-0153,demo_user_judgment_drill,2026-07-25,4,pending_user_judgment,増額更新,食品製造業,安定黒字,メイン,0,既存先,60,30,包装ライン,24,4,既存設備更新,直近期売上650百万円、営業利益900万円、借入金10600万円、自己資本比率30%、ステージ=安定黒字。,旧設備の廃棄費用・下取り可否が未確認。,故障頻度と停止時間が増え、更新合理性はある。,月額負担が上がる一方、改善効果がメーカー資料中心。,,,,,,,,,,,,,,,yes,,
1,CASE-JD-20260725-0154,demo_user_judgment_drill,2026-07-25,4,pending_user_judgment,新規契約前提,運送業,安定黒字,非メイン,20,既存先,90,36,大型トラック,36,5,新規荷主ルート対応,直近期売上90百万円、営業利益1600万円、借入金11500万円、自己資本比率36%、ステージ=安定黒字。,契約不成立時は既存業務に転用可能だが採算は下がる。,既存車両の稼働率は高く、返済履歴も良好。,荷主契約が内諾段階で、燃料費上昇時の採算余力が薄い。,,,,,,,,,,,,,,,yes,,
1,CASE-JD-20260725-0155,demo_user_judgment_drill,2026-07-25,4,pending_user_judgment,購入選択権,卸売業,安定黒字,非メイン,35,既存先,5,8,フォークリフト,62,6,倉庫能力維持,直近期売上125百万円、営業利益2400万円、借入金12400万円、自己資本比率8%、ステージ=安定黒字。,使用時間が長く、バッテリー交換費用の負担確認が必要。,倉庫稼働は安定し、物件の必要性は明確。,購入選択権価格が低く、残価・満了後出口の説明が弱い。,,,,,,,,,,,,,,,yes,,
1,CASE-JD-20260725-0156,demo_user_judgment_drill,2026-07-25,4,pending_user_judgment,医療機器更新,医療・福祉,安定黒字,非メイン,50,新規先,0,12,画像診断装置,12,7,診療能力維持と待ち時間短縮,直近期売上160百万円、営業利益3600万円、借入金13300万円、自己資本比率12%、ステージ=安定黒字。,メーカー保守契約は提示済みだが、更新後の稼働計画は概算。,地域需要があり、既存患者基盤も安定している。,診療報酬改定や保守費用を織り込んだ採算表が不足。,,,,,,,,,,,,,,,yes,,
1,CASE-JD-20260725-0157,demo_user_judgment_drill,2026-07-25,4,pending_user_judgment,建機高稼働,建設業,安定黒字,メイン,80,新規先,0,16,油圧ショベル,24,4,受注現場対応,直近期売上195百万円、営業利益-800万円、借入金2500万円、自己資本比率16%、ステージ=安定黒字。,代表は中古売却可能と説明するが、査定根拠は未取得。,公共工事の受注残があり、機械稼働の見込みはある。,工期後の転用先と中古価格下落時の出口説明が弱い。,,,,,,,,,,,,,,,yes,,
1,CASE-JD-20260725-0158,demo_user_judgment_drill,2026-07-25,4,pending_user_judgment,IT設備刷新,情報通信業,安定黒字,メイン,120,新規先,0,20,サーバー・ネットワーク機器,36,5,顧客案件増加に伴う基盤増強,直近期売上230百万円、営業利益300万円、借入金3400万円、自己資本比率20%、ステージ=安定黒字。,保守契約と入替計画はあるが、解約時の転用価値は限定的。,継続契約が複数あり、粗利率は比較的高い。,技術陳腐化が早く、期間と経済的寿命の整合確認が必要。,,,,,,,,,,,,,,,yes,,
1,CASE-JD-20260725-0159,demo_user_judgment_drill,2026-07-25,4,pending_user_judgment,美容店舗拡張,生活関連サービス業,安定黒字,メイン,180,新規先,0,24,美容機器,62,6,新メニュー開始,直近期売上265百万円、営業利益900万円、借入金4300万円、自己資本比率24%、ステージ=安定黒字。,機器は専門性が高く、撤退時の換金性に幅がある。,既存顧客があり、単価上昇の余地がある。,新メニュー売上は口頭見込み中心で、解約率・稼働率が未整理。,,,,,,,,,,,,,,,yes,,
1,CASE-JD-20260725-0160,demo_user_judgment_drill,2026-07-25,4,pending_user_judgment,農業設備,農業,安定黒字,非メイン,250,新規先,0,30,選果機,12,7,出荷能力向上,直近期売上300百万円、営業利益1600万円、借入金5200万円、自己資本比率30%、ステージ=安定黒字。,補助金と組合支援の説明はあるが、入金時期が未確定。,出荷先との取引は長く、季節需要も見込める。,収穫量・天候影響に左右され、年間資金繰りの波が大きい。,,,,,,,,,,,,,,,yes,,
1,CASE-JD-20260725-0161,demo_user_judgment_drill,2026-07-25,4,pending_user_judgment,補助金前提,製造業,低利益,非メイン,0,既存先,90,36,CNC工作機械,12,4,老朽設備更新と増産対応,直近期売上335百万円、営業利益2400万円、借入金6100万円、自己資本比率36%、ステージ=低利益。,社長は採択前提で説明しているが、銀行支援は口頭段階。,既存主力先からの受注残があり、設備必要性は明確。,補助金採択前にリース開始予定で、未採択時の資金繰り説明が弱い。,,,,,,,,,,,,,,,yes,,
1,CASE-JD-20260725-0162,demo_user_judgment_drill,2026-07-25,4,pending_user_judgment,新店舗計画,飲食業,低利益,非メイン,20,既存先,5,8,厨房設備一式,24,5,新店舗出店,直近期売上370百万円、営業利益3600万円、借入金7000万円、自己資本比率8%、ステージ=低利益。,立地評価は高いが、回転率・客単価・原価率の資料が薄い。,既存店舗は黒字で、代表に運営経験がある。,新店舗売上計画が既存店実績より強く、人員確保も未確定。,,,,,,,,,,,,,,,yes,,
1,CASE-JD-20260725-0163,demo_user_judgment_drill,2026-07-25,4,pending_user_judgment,増額更新,食品製造業,低利益,メイン,35,既存先,12,12,包装ライン,36,6,既存設備更新,直近期売上405百万円、営業利益-800万円、借入金7900万円、自己資本比率12%、ステージ=低利益。,旧設備の廃棄費用・下取り可否が未確認。,故障頻度と停止時間が増え、更新合理性はある。,月額負担が上がる一方、改善効果がメーカー資料中心。,,,,,,,,,,,,,,,yes,,
1,CASE-JD-20260725-0164,demo_user_judgment_drill,2026-07-25,4,pending_user_judgment,新規契約前提,運送業,低利益,メイン,50,既存先,18,16,大型トラック,62,7,新規荷主ルート対応,直近期売上440百万円、営業利益300万円、借入金8800万円、自己資本比率16%、ステージ=低利益。,契約不成立時は既存業務に転用可能だが採算は下がる。,既存車両の稼働率は高く、返済履歴も良好。,荷主契約が内諾段階で、燃料費上昇時の採算余力が薄い。,,,,,,,,,,,,,,,yes,,
1,CASE-JD-20260725-0165,demo_user_judgment_drill,2026-07-25,4,pending_user_judgment,購入選択権,卸売業,低利益,メイン,80,既存先,25,20,フォークリフト,12,4,倉庫能力維持,直近期売上475百万円、営業利益900万円、借入金9700万円、自己資本比率20%、ステージ=低利益。,使用時間が長く、バッテリー交換費用の負担確認が必要。,倉庫稼働は安定し、物件の必要性は明確。,購入選択権価格が低く、残価・満了後出口の説明が弱い。,,,,,,,,,,,,,,,yes,,
1,CASE-JD-20260725-0166,demo_user_judgment_drill,2026-07-25,4,pending_user_judgment,医療機器更新,医療・福祉,低利益,非メイン,120,新規先,0,24,画像診断装置,24,5,診療能力維持と待ち時間短縮,直近期売上510百万円、営業利益1600万円、借入金10600万円、自己資本比率24%、ステージ=低利益。,メーカー保守契約は提示済みだが、更新後の稼働計画は概算。,地域需要があり、既存患者基盤も安定している。,診療報酬改定や保守費用を織り込んだ採算表が不足。,,,,,,,,,,,,,,,yes,,
1,CASE-JD-20260725-0167,demo_user_judgment_drill,2026-07-25,4,pending_user_judgment,建機高稼働,建設業,低利益,非メイン,180,新規先,0,30,油圧ショベル,36,6,受注現場対応,直近期売上545百万円、営業利益2400万円、借入金11500万円、自己資本比率30%、ステージ=低利益。,代表は中古売却可能と説明するが、査定根拠は未取得。,公共工事の受注残があり、機械稼働の見込みはある。,工期後の転用先と中古価格下落時の出口説明が弱い。,,,,,,,,,,,,,,,yes,,
1,CASE-JD-20260725-0168,demo_user_judgment_drill,2026-07-25,4,pending_user_judgment,IT設備刷新,情報通信業,低利益,非メイン,250,新規先,0,36,サーバー・ネットワーク機器,62,7,顧客案件増加に伴う基盤増強,直近期売上580百万円、営業利益3600万円、借入金12400万円、自己資本比率36%、ステージ=低利益。,保守契約と入替計画はあるが、解約時の転用価値は限定的。,継続契約が複数あり、粗利率は比較的高い。,技術陳腐化が早く、期間と経済的寿命の整合確認が必要。,,,,,,,,,,,,,,,yes,,
1,CASE-JD-20260725-0169,demo_user_judgment_drill,2026-07-25,4,pending_user_judgment,美容店舗拡張,生活関連サービス業,低利益,メイン,0,新規先,0,8,美容機器,12,4,新メニュー開始,直近期売上615百万円、営業利益-800万円、借入金13300万円、自己資本比率8%、ステージ=低利益。,機器は専門性が高く、撤退時の換金性に幅がある。,既存顧客があり、単価上昇の余地がある。,新メニュー売上は口頭見込み中心で、解約率・稼働率が未整理。,,,,,,,,,,,,,,,yes,,
1,CASE-JD-20260725-0170,demo_user_judgment_drill,2026-07-25,4,pending_user_judgment,農業設備,農業,低利益,メイン,20,新規先,0,12,選果機,24,5,出荷能力向上,直近期売上650百万円、営業利益300万円、借入金2500万円、自己資本比率12%、ステージ=低利益。,補助金と組合支援の説明はあるが、入金時期が未確定。,出荷先との取引は長く、季節需要も見込める。,収穫量・天候影響に左右され、年間資金繰りの波が大きい。,,,,,,,,,,,,,,,yes,,
1,CASE-JD-20260725-0171,demo_user_judgment_drill,2026-07-25,4,pending_user_judgment,補助金前提,製造業,赤字改善中,メイン,35,既存先,18,16,CNC工作機械,24,6,老朽設備更新と増産対応,直近期売上90百万円、営業利益900万円、借入金3400万円、自己資本比率16%、ステージ=赤字改善中。,社長は採択前提で説明しているが、銀行支援は口頭段階。,既存主力先からの受注残があり、設備必要性は明確。,補助金採択前にリース開始予定で、未採択時の資金繰り説明が弱い。,,,,,,,,,,,,,,,yes,,
1,CASE-JD-20260725-0172,demo_user_judgment_drill,2026-07-25,4,pending_user_judgment,新店舗計画,飲食業,赤字改善中,非メイン,50,既存先,25,20,厨房設備一式,36,7,新店舗出店,直近期売上125百万円、営業利益1600万円、借入金4300万円、自己資本比率20%、ステージ=赤字改善中。,立地評価は高いが、回転率・客単価・原価率の資料が薄い。,既存店舗は黒字で、代表に運営経験がある。,新店舗売上計画が既存店実績より強く、人員確保も未確定。,,,,,,,,,,,,,,,yes,,
1,CASE-JD-20260725-0173,demo_user_judgment_drill,2026-07-25,4,pending_user_judgment,増額更新,食品製造業,赤字改善中,非メイン,80,既存先,40,24,包装ライン,62,4,既存設備更新,直近期売上160百万円、営業利益2400万円、借入金5200万円、自己資本比率24%、ステージ=赤字改善中。,旧設備の廃棄費用・下取り可否が未確認。,故障頻度と停止時間が増え、更新合理性はある。,月額負担が上がる一方、改善効果がメーカー資料中心。,,,,,,,,,,,,,,,yes,,
1,CASE-JD-20260725-0174,demo_user_judgment_drill,2026-07-25,4,pending_user_judgment,新規契約前提,運送業,赤字改善中,非メイン,120,既存先,60,30,大型トラック,12,5,新規荷主ルート対応,直近期売上195百万円、営業利益3600万円、借入金6100万円、自己資本比率30%、ステージ=赤字改善中。,契約不成立時は既存業務に転用可能だが採算は下がる。,既存車両の稼働率は高く、返済履歴も良好。,荷主契約が内諾段階で、燃料費上昇時の採算余力が薄い。,,,,,,,,,,,,,,,yes,,
1,CASE-JD-20260725-0175,demo_user_judgment_drill,2026-07-25,4,pending_user_judgment,購入選択権,卸売業,赤字改善中,メイン,180,既存先,90,36,フォークリフト,24,6,倉庫能力維持,直近期売上230百万円、営業利益-800万円、借入金7000万円、自己資本比率36%、ステージ=赤字改善中。,使用時間が長く、バッテリー交換費用の負担確認が必要。,倉庫稼働は安定し、物件の必要性は明確。,購入選択権価格が低く、残価・満了後出口の説明が弱い。,,,,,,,,,,,,,,,yes,,
1,CASE-JD-20260725-0176,demo_user_judgment_drill,2026-07-25,4,pending_user_judgment,医療機器更新,医療・福祉,赤字改善中,メイン,250,新規先,0,8,画像診断装置,36,7,診療能力維持と待ち時間短縮,直近期売上265百万円、営業利益300万円、借入金7900万円、自己資本比率8%、ステージ=赤字改善中。,メーカー保守契約は提示済みだが、更新後の稼働計画は概算。,地域需要があり、既存患者基盤も安定している。,診療報酬改定や保守費用を織り込んだ採算表が不足。,,,,,,,,,,,,,,,yes,,
1,CASE-JD-20260725-0177,demo_user_judgment_drill,2026-07-25,4,pending_user_judgment,建機高稼働,建設業,赤字改善中,メイン,0,新規先,0,12,油圧ショベル,62,4,受注現場対応,直近期売上300百万円、営業利益900万円、借入金8800万円、自己資本比率12%、ステージ=赤字改善中。,代表は中古売却可能と説明するが、査定根拠は未取得。,公共工事の受注残があり、機械稼働の見込みはある。,工期後の転用先と中古価格下落時の出口説明が弱い。,,,,,,,,,,,,,,,yes,,
1,CASE-JD-20260725-0178,demo_user_judgment_drill,2026-07-25,4,pending_user_judgment,IT設備刷新,情報通信業,赤字改善中,非メイン,20,新規先,0,16,サーバー・ネットワーク機器,12,5,顧客案件増加に伴う基盤増強,直近期売上335百万円、営業利益1600万円、借入金9700万円、自己資本比率16%、ステージ=赤字改善中。,保守契約と入替計画はあるが、解約時の転用価値は限定的。,継続契約が複数あり、粗利率は比較的高い。,技術陳腐化が早く、期間と経済的寿命の整合確認が必要。,,,,,,,,,,,,,,,yes,,
1,CASE-JD-20260725-0179,demo_user_judgment_drill,2026-07-25,4,pending_user_judgment,美容店舗拡張,生活関連サービス業,赤字改善中,非メイン,35,新規先,0,20,美容機器,24,6,新メニュー開始,直近期売上370百万円、営業利益2400万円、借入金10600万円、自己資本比率20%、ステージ=赤字改善中。,機器は専門性が高く、撤退時の換金性に幅がある。,既存顧客があり、単価上昇の余地がある。,新メニュー売上は口頭見込み中心で、解約率・稼働率が未整理。,,,,,,,,,,,,,,,yes,,
1,CASE-JD-20260725-0180,demo_user_judgment_drill,2026-07-25,4,pending_user_judgment,農業設備,農業,赤字改善中,非メイン,50,新規先,0,24,選果機,36,7,出荷能力向上,直近期売上405百万円、営業利益3600万円、借入金11500万円、自己資本比率24%、ステージ=赤字改善中。,補助金と組合支援の説明はあるが、入金時期が未確定。,出荷先との取引は長く、季節需要も見込める。,収穫量・天候影響に左右され、年間資金繰りの波が大きい。,,,,,,,,,,,,,,,yes,,
1,CASE-JD-20260725-0181,demo_user_judgment_drill,2026-07-25,4,pending_user_judgment,補助金前提,製造業,急成長,メイン,80,既存先,60,30,CNC工作機械,36,4,老朽設備更新と増産対応,直近期売上440百万円、営業利益-800万円、借入金12400万円、自己資本比率30%、ステージ=急成長。,社長は採択前提で説明しているが、銀行支援は口頭段階。,既存主力先からの受注残があり、設備必要性は明確。,補助金採択前にリース開始予定で、未採択時の資金繰り説明が弱い。,,,,,,,,,,,,,,,yes,,
1,CASE-JD-20260725-0182,demo_user_judgment_drill,2026-07-25,4,pending_user_judgment,新店舗計画,飲食業,急成長,メイン,120,既存先,90,36,厨房設備一式,62,5,新店舗出店,直近期売上475百万円、営業利益300万円、借入金13300万円、自己資本比率36%、ステージ=急成長。,立地評価は高いが、回転率・客単価・原価率の資料が薄い。,既存店舗は黒字で、代表に運営経験がある。,新店舗売上計画が既存店実績より強く、人員確保も未確定。,,,,,,,,,,,,,,,yes,,
1,CASE-JD-20260725-0183,demo_user_judgment_drill,2026-07-25,4,pending_user_judgment,増額更新,食品製造業,急成長,メイン,180,既存先,5,8,包装ライン,12,6,既存設備更新,直近期売上510百万円、営業利益900万円、借入金2500万円、自己資本比率8%、ステージ=急成長。,旧設備の廃棄費用・下取り可否が未確認。,故障頻度と停止時間が増え、更新合理性はある。,月額負担が上がる一方、改善効果がメーカー資料中心。,,,,,,,,,,,,,,,yes,,
1,CASE-JD-20260725-0184,demo_user_judgment_drill,2026-07-25,4,pending_user_judgment,新規契約前提,運送業,急成長,非メイン,250,既存先,12,12,大型トラック,24,7,新規荷主ルート対応,直近期売上545百万円、営業利益1600万円、借入金3400万円、自己資本比率12%、ステージ=急成長。,契約不成立時は既存業務に転用可能だが採算は下がる。,既存車両の稼働率は高く、返済履歴も良好。,荷主契約が内諾段階で、燃料費上昇時の採算余力が薄い。,,,,,,,,,,,,,,,yes,,
1,CASE-JD-20260725-0185,demo_user_judgment_drill,2026-07-25,4,pending_user_judgment,購入選択権,卸売業,急成長,非メイン,0,既存先,18,16,フォークリフト,36,4,倉庫能力維持,直近期売上580百万円、営業利益2400万円、借入金4300万円、自己資本比率16%、ステージ=急成長。,使用時間が長く、バッテリー交換費用の負担確認が必要。,倉庫稼働は安定し、物件の必要性は明確。,購入選択権価格が低く、残価・満了後出口の説明が弱い。,,,,,,,,,,,,,,,yes,,
1,CASE-JD-20260725-0186,demo_user_judgment_drill,2026-07-25,4,pending_user_judgment,医療機器更新,医療・福祉,急成長,非メイン,20,新規先,0,20,画像診断装置,62,5,診療能力維持と待ち時間短縮,直近期売上615百万円、営業利益3600万円、借入金5200万円、自己資本比率20%、ステージ=急成長。,メーカー保守契約は提示済みだが、更新後の稼働計画は概算。,地域需要があり、既存患者基盤も安定している。,診療報酬改定や保守費用を織り込んだ採算表が不足。,,,,,,,,,,,,,,,yes,,
1,CASE-JD-20260725-0187,demo_user_judgment_drill,2026-07-25,4,pending_user_judgment,建機高稼働,建設業,急成長,メイン,35,新規先,0,24,油圧ショベル,12,6,受注現場対応,直近期売上650百万円、営業利益-800万円、借入金6100万円、自己資本比率24%、ステージ=急成長。,代表は中古売却可能と説明するが、査定根拠は未取得。,公共工事の受注残があり、機械稼働の見込みはある。,工期後の転用先と中古価格下落時の出口説明が弱い。,,,,,,,,,,,,,,,yes,,
1,CASE-JD-20260725-0188,demo_user_judgment_drill,2026-07-25,4,pending_user_judgment,IT設備刷新,情報通信業,急成長,メイン,50,新規先,0,30,サーバー・ネットワーク機器,24,7,顧客案件増加に伴う基盤増強,直近期売上90百万円、営業利益300万円、借入金7000万円、自己資本比率30%、ステージ=急成長。,保守契約と入替計画はあるが、解約時の転用価値は限定的。,継続契約が複数あり、粗利率は比較的高い。,技術陳腐化が早く、期間と経済的寿命の整合確認が必要。,,,,,,,,,,,,,,,yes,,
1,CASE-JD-20260725-0189,demo_user_judgment_drill,2026-07-25,4,pending_user_judgment,美容店舗拡張,生活関連サービス業,急成長,メイン,80,新規先,0,36,美容機器,36,4,新メニュー開始,直近期売上125百万円、営業利益900万円、借入金7900万円、自己資本比率36%、ステージ=急成長。,機器は専門性が高く、撤退時の換金性に幅がある。,既存顧客があり、単価上昇の余地がある。,新メニュー売上は口頭見込み中心で、解約率・稼働率が未整理。,,,,,,,,,,,,,,,yes,,
1,CASE-JD-20260725-0190,demo_user_judgment_drill,2026-07-25,4,pending_user_judgment,農業設備,農業,急成長,非メイン,120,新規先,0,8,選果機,62,5,出荷能力向上,直近期売上160百万円、営業利益1600万円、借入金8800万円、自己資本比率8%、ステージ=急成長。,補助金と組合支援の説明はあるが、入金時期が未確定。,出荷先との取引は長く、季節需要も見込める。,収穫量・天候影響に左右され、年間資金繰りの波が大きい。,,,,,,,,,,,,,,,yes,,
1,CASE-JD-20260725-0191,demo_user_judgment_drill,2026-07-25,4,pending_user_judgment,補助金前提,製造業,事業承継直後,非メイン,180,既存先,12,12,CNC工作機械,62,6,老朽設備更新と増産対応,直近期売上195百万円、営業利益2400万円、借入金9700万円、自己資本比率12%、ステージ=事業承継直後。,社長は採択前提で説明しているが、銀行支援は口頭段階。,既存主力先からの受注残があり、設備必要性は明確。,補助金採択前にリース開始予定で、未採択時の資金繰り説明が弱い。,,,,,,,,,,,,,,,yes,,
1,CASE-JD-20260725-0192,demo_user_judgment_drill,2026-07-25,4,pending_user_judgment,新店舗計画,飲食業,事業承継直後,非メイン,250,既存先,18,16,厨房設備一式,12,7,新店舗出店,直近期売上230百万円、営業利益3600万円、借入金10600万円、自己資本比率16%、ステージ=事業承継直後。,立地評価は高いが、回転率・客単価・原価率の資料が薄い。,既存店舗は黒字で、代表に運営経験がある。,新店舗売上計画が既存店実績より強く、人員確保も未確定。,,,,,,,,,,,,,,,yes,,
1,CASE-JD-20260725-0193,demo_user_judgment_drill,2026-07-25,4,pending_user_judgment,増額更新,食品製造業,事業承継直後,メイン,0,既存先,25,20,包装ライン,24,4,既存設備更新,直近期売上265百万円、営業利益-800万円、借入金11500万円、自己資本比率20%、ステージ=事業承継直後。,旧設備の廃棄費用・下取り可否が未確認。,故障頻度と停止時間が増え、更新合理性はある。,月額負担が上がる一方、改善効果がメーカー資料中心。,,,,,,,,,,,,,,,yes,,
1,CASE-JD-20260725-0194,demo_user_judgment_drill,2026-07-25,4,pending_user_judgment,新規契約前提,運送業,事業承継直後,メイン,20,既存先,40,24,大型トラック,36,5,新規荷主ルート対応,直近期売上300百万円、営業利益300万円、借入金12400万円、自己資本比率24%、ステージ=事業承継直後。,契約不成立時は既存業務に転用可能だが採算は下がる。,既存車両の稼働率は高く、返済履歴も良好。,荷主契約が内諾段階で、燃料費上昇時の採算余力が薄い。,,,,,,,,,,,,,,,yes,,
1,CASE-JD-20260725-0195,demo_user_judgment_drill,2026-07-25,4,pending_user_judgment,購入選択権,卸売業,事業承継直後,メイン,35,既存先,60,30,フォークリフト,62,6,倉庫能力維持,直近期売上335百万円、営業利益900万円、借入金13300万円、自己資本比率30%、ステージ=事業承継直後。,使用時間が長く、バッテリー交換費用の負担確認が必要。,倉庫稼働は安定し、物件の必要性は明確。,購入選択権価格が低く、残価・満了後出口の説明が弱い。,,,,,,,,,,,,,,,yes,,
1,CASE-JD-20260725-0196,demo_user_judgment_drill,2026-07-25,4,pending_user_judgment,医療機器更新,医療・福祉,事業承継直後,非メイン,50,新規先,0,36,画像診断装置,12,7,診療能力維持と待ち時間短縮,直近期売上370百万円、営業利益1600万円、借入金2500万円、自己資本比率36%、ステージ=事業承継直後。,メーカー保守契約は提示済みだが、更新後の稼働計画は概算。,地域需要があり、既存患者基盤も安定している。,診療報酬改定や保守費用を織り込んだ採算表が不足。,,,,,,,,,,,,,,,yes,,
1,CASE-JD-20260725-0197,demo_user_judgment_drill,2026-07-25,4,pending_user_judgment,建機高稼働,建設業,事業承継直後,非メイン,80,新規先,0,8,油圧ショベル,24,4,受注現場対応,直近期売上405百万円、営業利益2400万円、借入金3400万円、自己資本比率8%、ステージ=事業承継直後。,代表は中古売却可能と説明するが、査定根拠は未取得。,公共工事の受注残があり、機械稼働の見込みはある。,工期後の転用先と中古価格下落時の出口説明が弱い。,,,,,,,,,,,,,,,yes,,
1,CASE-JD-20260725-0198,demo_user_judgment_drill,2026-07-25,4,pending_user_judgment,IT設備刷新,情報通信業,事業承継直後,非メイン,120,新規先,0,12,サーバー・ネットワーク機器,36,5,顧客案件増加に伴う基盤増強,直近期売上440百万円、営業利益3600万円、借入金4300万円、自己資本比率12%、ステージ=事業承継直後。,保守契約と入替計画はあるが、解約時の転用価値は限定的。,継続契約が複数あり、粗利率は比較的高い。,技術陳腐化が早く、期間と経済的寿命の整合確認が必要。,,,,,,,,,,,,,,,yes,,
1,CASE-JD-20260725-0199,demo_user_judgment_drill,2026-07-25,4,pending_user_judgment,美容店舗拡張,生活関連サービス業,事業承継直後,メイン,180,新規先,0,16,美容機器,62,6,新メニュー開始,直近期売上475百万円、営業利益-800万円、借入金5200万円、自己資本比率16%、ステージ=事業承継直後。,機器は専門性が高く、撤退時の換金性に幅がある。,既存顧客があり、単価上昇の余地がある。,新メニュー売上は口頭見込み中心で、解約率・稼働率が未整理。,,,,,,,,,,,,,,,yes,,
1,CASE-JD-20260725-0200,demo_user_judgment_drill,2026-07-25,4,pending_user_judgment,農業設備,農業,事業承継直後,メイン,250,新規先,0,20,選果機,12,7,出荷能力向上,直近期売上510百万円、営業利益300万円、借入金6100万円、自己資本比率20%、ステージ=事業承継直後。,補助金と組合支援の説明はあるが、入金時期が未確定。,出荷先との取引は長く、季節需要も見込める。,収穫量・天候影響に左右され、年間資金繰りの波が大きい。,,,,,,,,,,,,,,,yes,,
1,CASE-JD-20260725-0201,demo_user_judgment_drill,2026-07-25,5,pending_user_judgment,補助金前提,製造業,安定黒字,メイン,0,既存先,40,24,CNC工作機械,12,4,老朽設備更新と増産対応,直近期売上545百万円、営業利益900万円、借入金7000万円、自己資本比率24%、ステージ=安定黒字。,社長は採択前提で説明しているが、銀行支援は口頭段階。,既存主力先からの受注残があり、設備必要性は明確。,補助金採択前にリース開始予定で、未採択時の資金繰り説明が弱い。,,,,,,,,,,,,,,,yes,,
1,CASE-JD-20260725-0202,demo_user_judgment_drill,2026-07-25,5,pending_user_judgment,新店舗計画,飲食業,安定黒字,非メイン,20,既存先,60,30,厨房設備一式,24,5,新店舗出店,直近期売上580百万円、営業利益1600万円、借入金7900万円、自己資本比率30%、ステージ=安定黒字。,立地評価は高いが、回転率・客単価・原価率の資料が薄い。,既存店舗は黒字で、代表に運営経験がある。,新店舗売上計画が既存店実績より強く、人員確保も未確定。,,,,,,,,,,,,,,,yes,,
1,CASE-JD-20260725-0203,demo_user_judgment_drill,2026-07-25,5,pending_user_judgment,増額更新,食品製造業,安定黒字,非メイン,35,既存先,90,36,包装ライン,36,6,既存設備更新,直近期売上615百万円、営業利益2400万円、借入金8800万円、自己資本比率36%、ステージ=安定黒字。,旧設備の廃棄費用・下取り可否が未確認。,故障頻度と停止時間が増え、更新合理性はある。,月額負担が上がる一方、改善効果がメーカー資料中心。,,,,,,,,,,,,,,,yes,,
1,CASE-JD-20260725-0204,demo_user_judgment_drill,2026-07-25,5,pending_user_judgment,新規契約前提,運送業,安定黒字,非メイン,50,既存先,5,8,大型トラック,62,7,新規荷主ルート対応,直近期売上650百万円、営業利益3600万円、借入金9700万円、自己資本比率8%、ステージ=安定黒字。,契約不成立時は既存業務に転用可能だが採算は下がる。,既存車両の稼働率は高く、返済履歴も良好。,荷主契約が内諾段階で、燃料費上昇時の採算余力が薄い。,,,,,,,,,,,,,,,yes,,
1,CASE-JD-20260725-0205,demo_user_judgment_drill,2026-07-25,5,pending_user_judgment,購入選択権,卸売業,安定黒字,メイン,80,既存先,12,12,フォークリフト,12,4,倉庫能力維持,直近期売上90百万円、営業利益-800万円、借入金10600万円、自己資本比率12%、ステージ=安定黒字。,使用時間が長く、バッテリー交換費用の負担確認が必要。,倉庫稼働は安定し、物件の必要性は明確。,購入選択権価格が低く、残価・満了後出口の説明が弱い。,,,,,,,,,,,,,,,yes,,
1,CASE-JD-20260725-0206,demo_user_judgment_drill,2026-07-25,5,pending_user_judgment,医療機器更新,医療・福祉,安定黒字,メイン,120,新規先,0,16,画像診断装置,24,5,診療能力維持と待ち時間短縮,直近期売上125百万円、営業利益300万円、借入金11500万円、自己資本比率16%、ステージ=安定黒字。,メーカー保守契約は提示済みだが、更新後の稼働計画は概算。,地域需要があり、既存患者基盤も安定している。,診療報酬改定や保守費用を織り込んだ採算表が不足。,,,,,,,,,,,,,,,yes,,
1,CASE-JD-20260725-0207,demo_user_judgment_drill,2026-07-25,5,pending_user_judgment,建機高稼働,建設業,安定黒字,メイン,180,新規先,0,20,油圧ショベル,36,6,受注現場対応,直近期売上160百万円、営業利益900万円、借入金12400万円、自己資本比率20%、ステージ=安定黒字。,代表は中古売却可能と説明するが、査定根拠は未取得。,公共工事の受注残があり、機械稼働の見込みはある。,工期後の転用先と中古価格下落時の出口説明が弱い。,,,,,,,,,,,,,,,yes,,
1,CASE-JD-20260725-0208,demo_user_judgment_drill,2026-07-25,5,pending_user_judgment,IT設備刷新,情報通信業,安定黒字,非メイン,250,新規先,0,24,サーバー・ネットワーク機器,62,7,顧客案件増加に伴う基盤増強,直近期売上195百万円、営業利益1600万円、借入金13300万円、自己資本比率24%、ステージ=安定黒字。,保守契約と入替計画はあるが、解約時の転用価値は限定的。,継続契約が複数あり、粗利率は比較的高い。,技術陳腐化が早く、期間と経済的寿命の整合確認が必要。,,,,,,,,,,,,,,,yes,,
1,CASE-JD-20260725-0209,demo_user_judgment_drill,2026-07-25,5,pending_user_judgment,美容店舗拡張,生活関連サービス業,安定黒字,非メイン,0,新規先,0,30,美容機器,12,4,新メニュー開始,直近期売上230百万円、営業利益2400万円、借入金2500万円、自己資本比率30%、ステージ=安定黒字。,機器は専門性が高く、撤退時の換金性に幅がある。,既存顧客があり、単価上昇の余地がある。,新メニュー売上は口頭見込み中心で、解約率・稼働率が未整理。,,,,,,,,,,,,,,,yes,,
1,CASE-JD-20260725-0210,demo_user_judgment_drill,2026-07-25,5,pending_user_judgment,農業設備,農業,安定黒字,非メイン,20,新規先,0,36,選果機,24,5,出荷能力向上,直近期売上265百万円、営業利益3600万円、借入金3400万円、自己資本比率36%、ステージ=安定黒字。,補助金と組合支援の説明はあるが、入金時期が未確定。,出荷先との取引は長く、季節需要も見込める。,収穫量・天候影響に左右され、年間資金繰りの波が大きい。,,,,,,,,,,,,,,,yes,,
1,CASE-JD-20260725-0211,demo_user_judgment_drill,2026-07-25,5,pending_user_judgment,補助金前提,製造業,低利益,メイン,35,既存先,5,8,CNC工作機械,24,6,老朽設備更新と増産対応,直近期売上300百万円、営業利益-800万円、借入金4300万円、自己資本比率8%、ステージ=低利益。,社長は採択前提で説明しているが、銀行支援は口頭段階。,既存主力先からの受注残があり、設備必要性は明確。,補助金採択前にリース開始予定で、未採択時の資金繰り説明が弱い。,,,,,,,,,,,,,,,yes,,
1,CASE-JD-20260725-0212,demo_user_judgment_drill,2026-07-25,5,pending_user_judgment,新店舗計画,飲食業,低利益,メイン,50,既存先,12,12,厨房設備一式,36,7,新店舗出店,直近期売上335百万円、営業利益300万円、借入金5200万円、自己資本比率12%、ステージ=低利益。,立地評価は高いが、回転率・客単価・原価率の資料が薄い。,既存店舗は黒字で、代表に運営経験がある。,新店舗売上計画が既存店実績より強く、人員確保も未確定。,,,,,,,,,,,,,,,yes,,
1,CASE-JD-20260725-0213,demo_user_judgment_drill,2026-07-25,5,pending_user_judgment,増額更新,食品製造業,低利益,メイン,80,既存先,18,16,包装ライン,62,4,既存設備更新,直近期売上370百万円、営業利益900万円、借入金6100万円、自己資本比率16%、ステージ=低利益。,旧設備の廃棄費用・下取り可否が未確認。,故障頻度と停止時間が増え、更新合理性はある。,月額負担が上がる一方、改善効果がメーカー資料中心。,,,,,,,,,,,,,,,yes,,
1,CASE-JD-20260725-0214,demo_user_judgment_drill,2026-07-25,5,pending_user_judgment,新規契約前提,運送業,低利益,非メイン,120,既存先,25,20,大型トラック,12,5,新規荷主ルート対応,直近期売上405百万円、営業利益1600万円、借入金7000万円、自己資本比率20%、ステージ=低利益。,契約不成立時は既存業務に転用可能だが採算は下がる。,既存車両の稼働率は高く、返済履歴も良好。,荷主契約が内諾段階で、燃料費上昇時の採算余力が薄い。,,,,,,,,,,,,,,,yes,,
1,CASE-JD-20260725-0215,demo_user_judgment_drill,2026-07-25,5,pending_user_judgment,購入選択権,卸売業,低利益,非メイン,180,既存先,40,24,フォークリフト,24,6,倉庫能力維持,直近期売上440百万円、営業利益2400万円、借入金7900万円、自己資本比率24%、ステージ=低利益。,使用時間が長く、バッテリー交換費用の負担確認が必要。,倉庫稼働は安定し、物件の必要性は明確。,購入選択権価格が低く、残価・満了後出口の説明が弱い。,,,,,,,,,,,,,,,yes,,
1,CASE-JD-20260725-0216,demo_user_judgment_drill,2026-07-25,5,pending_user_judgment,医療機器更新,医療・福祉,低利益,非メイン,250,新規先,0,30,画像診断装置,36,7,診療能力維持と待ち時間短縮,直近期売上475百万円、営業利益3600万円、借入金8800万円、自己資本比率30%、ステージ=低利益。,メーカー保守契約は提示済みだが、更新後の稼働計画は概算。,地域需要があり、既存患者基盤も安定している。,診療報酬改定や保守費用を織り込んだ採算表が不足。,,,,,,,,,,,,,,,yes,,
1,CASE-JD-20260725-0217,demo_user_judgment_drill,2026-07-25,5,pending_user_judgment,建機高稼働,建設業,低利益,メイン,0,新規先,0,36,油圧ショベル,62,4,受注現場対応,直近期売上510百万円、営業利益-800万円、借入金9700万円、自己資本比率36%、ステージ=低利益。,代表は中古売却可能と説明するが、査定根拠は未取得。,公共工事の受注残があり、機械稼働の見込みはある。,工期後の転用先と中古価格下落時の出口説明が弱い。,,,,,,,,,,,,,,,yes,,
1,CASE-JD-20260725-0218,demo_user_judgment_drill,2026-07-25,5,pending_user_judgment,IT設備刷新,情報通信業,低利益,メイン,20,新規先,0,8,サーバー・ネットワーク機器,12,5,顧客案件増加に伴う基盤増強,直近期売上545百万円、営業利益300万円、借入金10600万円、自己資本比率8%、ステージ=低利益。,保守契約と入替計画はあるが、解約時の転用価値は限定的。,継続契約が複数あり、粗利率は比較的高い。,技術陳腐化が早く、期間と経済的寿命の整合確認が必要。,,,,,,,,,,,,,,,yes,,
1,CASE-JD-20260725-0219,demo_user_judgment_drill,2026-07-25,5,pending_user_judgment,美容店舗拡張,生活関連サービス業,低利益,メイン,35,新規先,0,12,美容機器,24,6,新メニュー開始,直近期売上580百万円、営業利益900万円、借入金11500万円、自己資本比率12%、ステージ=低利益。,機器は専門性が高く、撤退時の換金性に幅がある。,既存顧客があり、単価上昇の余地がある。,新メニュー売上は口頭見込み中心で、解約率・稼働率が未整理。,,,,,,,,,,,,,,,yes,,
1,CASE-JD-20260725-0220,demo_user_judgment_drill,2026-07-25,5,pending_user_judgment,農業設備,農業,低利益,非メイン,50,新規先,0,16,選果機,36,7,出荷能力向上,直近期売上615百万円、営業利益1600万円、借入金12400万円、自己資本比率16%、ステージ=低利益。,補助金と組合支援の説明はあるが、入金時期が未確定。,出荷先との取引は長く、季節需要も見込める。,収穫量・天候影響に左右され、年間資金繰りの波が大きい。,,,,,,,,,,,,,,,yes,,
1,CASE-JD-20260725-0221,demo_user_judgment_drill,2026-07-25,5,pending_user_judgment,補助金前提,製造業,赤字改善中,非メイン,80,既存先,25,20,CNC工作機械,36,4,老朽設備更新と増産対応,直近期売上650百万円、営業利益2400万円、借入金13300万円、自己資本比率20%、ステージ=赤字改善中。,社長は採択前提で説明しているが、銀行支援は口頭段階。,既存主力先からの受注残があり、設備必要性は明確。,補助金採択前にリース開始予定で、未採択時の資金繰り説明が弱い。,,,,,,,,,,,,,,,yes,,
1,CASE-JD-20260725-0222,demo_user_judgment_drill,2026-07-25,5,pending_user_judgment,新店舗計画,飲食業,赤字改善中,非メイン,120,既存先,40,24,厨房設備一式,62,5,新店舗出店,直近期売上90百万円、営業利益3600万円、借入金2500万円、自己資本比率24%、ステージ=赤字改善中。,立地評価は高いが、回転率・客単価・原価率の資料が薄い。,既存店舗は黒字で、代表に運営経験がある。,新店舗売上計画が既存店実績より強く、人員確保も未確定。,,,,,,,,,,,,,,,yes,,
1,CASE-JD-20260725-0223,demo_user_judgment_drill,2026-07-25,5,pending_user_judgment,増額更新,食品製造業,赤字改善中,メイン,180,既存先,60,30,包装ライン,12,6,既存設備更新,直近期売上125百万円、営業利益-800万円、借入金3400万円、自己資本比率30%、ステージ=赤字改善中。,旧設備の廃棄費用・下取り可否が未確認。,故障頻度と停止時間が増え、更新合理性はある。,月額負担が上がる一方、改善効果がメーカー資料中心。,,,,,,,,,,,,,,,yes,,
1,CASE-JD-20260725-0224,demo_user_judgment_drill,2026-07-25,5,pending_user_judgment,新規契約前提,運送業,赤字改善中,メイン,250,既存先,90,36,大型トラック,24,7,新規荷主ルート対応,直近期売上160百万円、営業利益300万円、借入金4300万円、自己資本比率36%、ステージ=赤字改善中。,契約不成立時は既存業務に転用可能だが採算は下がる。,既存車両の稼働率は高く、返済履歴も良好。,荷主契約が内諾段階で、燃料費上昇時の採算余力が薄い。,,,,,,,,,,,,,,,yes,,
1,CASE-JD-20260725-0225,demo_user_judgment_drill,2026-07-25,5,pending_user_judgment,購入選択権,卸売業,赤字改善中,メイン,0,既存先,5,8,フォークリフト,36,4,倉庫能力維持,直近期売上195百万円、営業利益900万円、借入金5200万円、自己資本比率8%、ステージ=赤字改善中。,使用時間が長く、バッテリー交換費用の負担確認が必要。,倉庫稼働は安定し、物件の必要性は明確。,購入選択権価格が低く、残価・満了後出口の説明が弱い。,,,,,,,,,,,,,,,yes,,
1,CASE-JD-20260725-0226,demo_user_judgment_drill,2026-07-25,5,pending_user_judgment,医療機器更新,医療・福祉,赤字改善中,非メイン,20,新規先,0,12,画像診断装置,62,5,診療能力維持と待ち時間短縮,直近期売上230百万円、営業利益1600万円、借入金6100万円、自己資本比率12%、ステージ=赤字改善中。,メーカー保守契約は提示済みだが、更新後の稼働計画は概算。,地域需要があり、既存患者基盤も安定している。,診療報酬改定や保守費用を織り込んだ採算表が不足。,,,,,,,,,,,,,,,yes,,
1,CASE-JD-20260725-0227,demo_user_judgment_drill,2026-07-25,5,pending_user_judgment,建機高稼働,建設業,赤字改善中,非メイン,35,新規先,0,16,油圧ショベル,12,6,受注現場対応,直近期売上265百万円、営業利益2400万円、借入金7000万円、自己資本比率16%、ステージ=赤字改善中。,代表は中古売却可能と説明するが、査定根拠は未取得。,公共工事の受注残があり、機械稼働の見込みはある。,工期後の転用先と中古価格下落時の出口説明が弱い。,,,,,,,,,,,,,,,yes,,
1,CASE-JD-20260725-0228,demo_user_judgment_drill,2026-07-25,5,pending_user_judgment,IT設備刷新,情報通信業,赤字改善中,非メイン,50,新規先,0,20,サーバー・ネットワーク機器,24,7,顧客案件増加に伴う基盤増強,直近期売上300百万円、営業利益3600万円、借入金7900万円、自己資本比率20%、ステージ=赤字改善中。,保守契約と入替計画はあるが、解約時の転用価値は限定的。,継続契約が複数あり、粗利率は比較的高い。,技術陳腐化が早く、期間と経済的寿命の整合確認が必要。,,,,,,,,,,,,,,,yes,,
1,CASE-JD-20260725-0229,demo_user_judgment_drill,2026-07-25,5,pending_user_judgment,美容店舗拡張,生活関連サービス業,赤字改善中,メイン,80,新規先,0,24,美容機器,36,4,新メニュー開始,直近期売上335百万円、営業利益-800万円、借入金8800万円、自己資本比率24%、ステージ=赤字改善中。,機器は専門性が高く、撤退時の換金性に幅がある。,既存顧客があり、単価上昇の余地がある。,新メニュー売上は口頭見込み中心で、解約率・稼働率が未整理。,,,,,,,,,,,,,,,yes,,
1,CASE-JD-20260725-0230,demo_user_judgment_drill,2026-07-25,5,pending_user_judgment,農業設備,農業,赤字改善中,メイン,120,新規先,0,30,選果機,62,5,出荷能力向上,直近期売上370百万円、営業利益300万円、借入金9700万円、自己資本比率30%、ステージ=赤字改善中。,補助金と組合支援の説明はあるが、入金時期が未確定。,出荷先との取引は長く、季節需要も見込める。,収穫量・天候影響に左右され、年間資金繰りの波が大きい。,,,,,,,,,,,,,,,yes,,
1,CASE-JD-20260725-0231,demo_user_judgment_drill,2026-07-25,5,pending_user_judgment,補助金前提,製造業,急成長,メイン,180,既存先,90,36,CNC工作機械,62,6,老朽設備更新と増産対応,直近期売上405百万円、営業利益900万円、借入金10600万円、自己資本比率36%、ステージ=急成長。,社長は採択前提で説明しているが、銀行支援は口頭段階。,既存主力先からの受注残があり、設備必要性は明確。,補助金採択前にリース開始予定で、未採択時の資金繰り説明が弱い。,,,,,,,,,,,,,,,yes,,
1,CASE-JD-20260725-0232,demo_user_judgment_drill,2026-07-25,5,pending_user_judgment,新店舗計画,飲食業,急成長,非メイン,250,既存先,5,8,厨房設備一式,12,7,新店舗出店,直近期売上440百万円、営業利益1600万円、借入金11500万円、自己資本比率8%、ステージ=急成長。,立地評価は高いが、回転率・客単価・原価率の資料が薄い。,既存店舗は黒字で、代表に運営経験がある。,新店舗売上計画が既存店実績より強く、人員確保も未確定。,,,,,,,,,,,,,,,yes,,
1,CASE-JD-20260725-0233,demo_user_judgment_drill,2026-07-25,5,pending_user_judgment,増額更新,食品製造業,急成長,非メイン,0,既存先,12,12,包装ライン,24,4,既存設備更新,直近期売上475百万円、営業利益2400万円、借入金12400万円、自己資本比率12%、ステージ=急成長。,旧設備の廃棄費用・下取り可否が未確認。,故障頻度と停止時間が増え、更新合理性はある。,月額負担が上がる一方、改善効果がメーカー資料中心。,,,,,,,,,,,,,,,yes,,
1,CASE-JD-20260725-0234,demo_user_judgment_drill,2026-07-25,5,pending_user_judgment,新規契約前提,運送業,急成長,非メイン,20,既存先,18,16,大型トラック,36,5,新規荷主ルート対応,直近期売上510百万円、営業利益3600万円、借入金13300万円、自己資本比率16%、ステージ=急成長。,契約不成立時は既存業務に転用可能だが採算は下がる。,既存車両の稼働率は高く、返済履歴も良好。,荷主契約が内諾段階で、燃料費上昇時の採算余力が薄い。,,,,,,,,,,,,,,,yes,,
1,CASE-JD-20260725-0235,demo_user_judgment_drill,2026-07-25,5,pending_user_judgment,購入選択権,卸売業,急成長,メイン,35,既存先,25,20,フォークリフト,62,6,倉庫能力維持,直近期売上545百万円、営業利益-800万円、借入金2500万円、自己資本比率20%、ステージ=急成長。,使用時間が長く、バッテリー交換費用の負担確認が必要。,倉庫稼働は安定し、物件の必要性は明確。,購入選択権価格が低く、残価・満了後出口の説明が弱い。,,,,,,,,,,,,,,,yes,,
1,CASE-JD-20260725-0236,demo_user_judgment_drill,2026-07-25,5,pending_user_judgment,医療機器更新,医療・福祉,急成長,メイン,50,新規先,0,24,画像診断装置,12,7,診療能力維持と待ち時間短縮,直近期売上580百万円、営業利益300万円、借入金3400万円、自己資本比率24%、ステージ=急成長。,メーカー保守契約は提示済みだが、更新後の稼働計画は概算。,地域需要があり、既存患者基盤も安定している。,診療報酬改定や保守費用を織り込んだ採算表が不足。,,,,,,,,,,,,,,,yes,,
1,CASE-JD-20260725-0237,demo_user_judgment_drill,2026-07-25,5,pending_user_judgment,建機高稼働,建設業,急成長,メイン,80,新規先,0,30,油圧ショベル,24,4,受注現場対応,直近期売上615百万円、営業利益900万円、借入金4300万円、自己資本比率30%、ステージ=急成長。,代表は中古売却可能と説明するが、査定根拠は未取得。,公共工事の受注残があり、機械稼働の見込みはある。,工期後の転用先と中古価格下落時の出口説明が弱い。,,,,,,,,,,,,,,,yes,,
1,CASE-JD-20260725-0238,demo_user_judgment_drill,2026-07-25,5,pending_user_judgment,IT設備刷新,情報通信業,急成長,非メイン,120,新規先,0,36,サーバー・ネットワーク機器,36,5,顧客案件増加に伴う基盤増強,直近期売上650百万円、営業利益1600万円、借入金5200万円、自己資本比率36%、ステージ=急成長。,保守契約と入替計画はあるが、解約時の転用価値は限定的。,継続契約が複数あり、粗利率は比較的高い。,技術陳腐化が早く、期間と経済的寿命の整合確認が必要。,,,,,,,,,,,,,,,yes,,
1,CASE-JD-20260725-0239,demo_user_judgment_drill,2026-07-25,5,pending_user_judgment,美容店舗拡張,生活関連サービス業,急成長,非メイン,180,新規先,0,8,美容機器,62,6,新メニュー開始,直近期売上90百万円、営業利益2400万円、借入金6100万円、自己資本比率8%、ステージ=急成長。,機器は専門性が高く、撤退時の換金性に幅がある。,既存顧客があり、単価上昇の余地がある。,新メニュー売上は口頭見込み中心で、解約率・稼働率が未整理。,,,,,,,,,,,,,,,yes,,
1,CASE-JD-20260725-0240,demo_user_judgment_drill,2026-07-25,5,pending_user_judgment,農業設備,農業,急成長,非メイン,250,新規先,0,12,選果機,12,7,出荷能力向上,直近期売上125百万円、営業利益3600万円、借入金7000万円、自己資本比率12%、ステージ=急成長。,補助金と組合支援の説明はあるが、入金時期が未確定。,出荷先との取引は長く、季節需要も見込める。,収穫量・天候影響に左右され、年間資金繰りの波が大きい。,,,,,,,,,,,,,,,yes,,
1,CASE-JD-20260725-0241,demo_user_judgment_drill,2026-07-25,5,pending_user_judgment,補助金前提,製造業,事業承継直後,メイン,0,既存先,18,16,CNC工作機械,12,4,老朽設備更新と増産対応,直近期売上160百万円、営業利益-800万円、借入金7900万円、自己資本比率16%、ステージ=事業承継直後。,社長は採択前提で説明しているが、銀行支援は口頭段階。,既存主力先からの受注残があり、設備必要性は明確。,補助金採択前にリース開始予定で、未採択時の資金繰り説明が弱い。,,,,,,,,,,,,,,,yes,,
1,CASE-JD-20260725-0242,demo_user_judgment_drill,2026-07-25,5,pending_user_judgment,新店舗計画,飲食業,事業承継直後,メイン,20,既存先,25,20,厨房設備一式,24,5,新店舗出店,直近期売上195百万円、営業利益300万円、借入金8800万円、自己資本比率20%、ステージ=事業承継直後。,立地評価は高いが、回転率・客単価・原価率の資料が薄い。,既存店舗は黒字で、代表に運営経験がある。,新店舗売上計画が既存店実績より強く、人員確保も未確定。,,,,,,,,,,,,,,,yes,,
1,CASE-JD-20260725-0243,demo_user_judgment_drill,2026-07-25,5,pending_user_judgment,増額更新,食品製造業,事業承継直後,メイン,35,既存先,40,24,包装ライン,36,6,既存設備更新,直近期売上230百万円、営業利益900万円、借入金9700万円、自己資本比率24%、ステージ=事業承継直後。,旧設備の廃棄費用・下取り可否が未確認。,故障頻度と停止時間が増え、更新合理性はある。,月額負担が上がる一方、改善効果がメーカー資料中心。,,,,,,,,,,,,,,,yes,,
1,CASE-JD-20260725-0244,demo_user_judgment_drill,2026-07-25,5,pending_user_judgment,新規契約前提,運送業,事業承継直後,非メイン,50,既存先,60,30,大型トラック,62,7,新規荷主ルート対応,直近期売上265百万円、営業利益1600万円、借入金10600万円、自己資本比率30%、ステージ=事業承継直後。,契約不成立時は既存業務に転用可能だが採算は下がる。,既存車両の稼働率は高く、返済履歴も良好。,荷主契約が内諾段階で、燃料費上昇時の採算余力が薄い。,,,,,,,,,,,,,,,yes,,
1,CASE-JD-20260725-0245,demo_user_judgment_drill,2026-07-25,5,pending_user_judgment,購入選択権,卸売業,事業承継直後,非メイン,80,既存先,90,36,フォークリフト,12,4,倉庫能力維持,直近期売上300百万円、営業利益2400万円、借入金11500万円、自己資本比率36%、ステージ=事業承継直後。,使用時間が長く、バッテリー交換費用の負担確認が必要。,倉庫稼働は安定し、物件の必要性は明確。,購入選択権価格が低く、残価・満了後出口の説明が弱い。,,,,,,,,,,,,,,,yes,,
1,CASE-JD-20260725-0246,demo_user_judgment_drill,2026-07-25,5,pending_user_judgment,医療機器更新,医療・福祉,事業承継直後,非メイン,120,新規先,0,8,画像診断装置,24,5,診療能力維持と待ち時間短縮,直近期売上335百万円、営業利益3600万円、借入金12400万円、自己資本比率8%、ステージ=事業承継直後。,メーカー保守契約は提示済みだが、更新後の稼働計画は概算。,地域需要があり、既存患者基盤も安定している。,診療報酬改定や保守費用を織り込んだ採算表が不足。,,,,,,,,,,,,,,,yes,,
1,CASE-JD-20260725-0247,demo_user_judgment_drill,2026-07-25,5,pending_user_judgment,建機高稼働,建設業,事業承継直後,メイン,180,新規先,0,12,油圧ショベル,36,6,受注現場対応,直近期売上370百万円、営業利益-800万円、借入金13300万円、自己資本比率12%、ステージ=事業承継直後。,代表は中古売却可能と説明するが、査定根拠は未取得。,公共工事の受注残があり、機械稼働の見込みはある。,工期後の転用先と中古価格下落時の出口説明が弱い。,,,,,,,,,,,,,,,yes,,
1,CASE-JD-20260725-0248,demo_user_judgment_drill,2026-07-25,5,pending_user_judgment,IT設備刷新,情報通信業,事業承継直後,メイン,250,新規先,0,16,サーバー・ネットワーク機器,62,7,顧客案件増加に伴う基盤増強,直近期売上405百万円、営業利益300万円、借入金2500万円、自己資本比率16%、ステージ=事業承継直後。,保守契約と入替計画はあるが、解約時の転用価値は限定的。,継続契約が複数あり、粗利率は比較的高い。,技術陳腐化が早く、期間と経済的寿命の整合確認が必要。,,,,,,,,,,,,,,,yes,,
1,CASE-JD-20260725-0249,demo_user_judgment_drill,2026-07-25,5,pending_user_judgment,美容店舗拡張,生活関連サービス業,事業承継直後,メイン,0,新規先,0,20,美容機器,12,4,新メニュー開始,直近期売上440百万円、営業利益900万円、借入金3400万円、自己資本比率20%、ステージ=事業承継直後。,機器は専門性が高く、撤退時の換金性に幅がある。,既存顧客があり、単価上昇の余地がある。,新メニュー売上は口頭見込み中心で、解約率・稼働率が未整理。,,,,,,,,,,,,,,,yes,,
1,CASE-JD-20260725-0250,demo_user_judgment_drill,2026-07-25,5,pending_user_judgment,農業設備,農業,事業承継直後,非メイン,20,新規先,0,24,選果機,24,5,出荷能力向上,直近期売上475百万円、営業利益1600万円、借入金4300万円、自己資本比率24%、ステージ=事業承継直後。,補助金と組合支援の説明はあるが、入金時期が未確定。,出荷先との取引は長く、季節需要も見込める。,収穫量・天候影響に左右され、年間資金繰りの波が大きい。,,,,,,,,,,,,,,,yes,,
1,CASE-JD-20260725-0251,demo_user_judgment_drill,2026-07-25,6,pending_user_judgment,補助金前提,製造業,安定黒字,非メイン,35,既存先,60,30,CNC工作機械,24,6,老朽設備更新と増産対応,直近期売上510百万円、営業利益2400万円、借入金5200万円、自己資本比率30%、ステージ=安定黒字。,社長は採択前提で説明しているが、銀行支援は口頭段階。,既存主力先からの受注残があり、設備必要性は明確。,補助金採択前にリース開始予定で、未採択時の資金繰り説明が弱い。,,,,,,,,,,,,,,,yes,,
1,CASE-JD-20260725-0252,demo_user_judgment_drill,2026-07-25,6,pending_user_judgment,新店舗計画,飲食業,安定黒字,非メイン,50,既存先,90,36,厨房設備一式,36,7,新店舗出店,直近期売上545百万円、営業利益3600万円、借入金6100万円、自己資本比率36%、ステージ=安定黒字。,立地評価は高いが、回転率・客単価・原価率の資料が薄い。,既存店舗は黒字で、代表に運営経験がある。,新店舗売上計画が既存店実績より強く、人員確保も未確定。,,,,,,,,,,,,,,,yes,,
1,CASE-JD-20260725-0253,demo_user_judgment_drill,2026-07-25,6,pending_user_judgment,増額更新,食品製造業,安定黒字,メイン,80,既存先,5,8,包装ライン,62,4,既存設備更新,直近期売上580百万円、営業利益-800万円、借入金7000万円、自己資本比率8%、ステージ=安定黒字。,旧設備の廃棄費用・下取り可否が未確認。,故障頻度と停止時間が増え、更新合理性はある。,月額負担が上がる一方、改善効果がメーカー資料中心。,,,,,,,,,,,,,,,yes,,
1,CASE-JD-20260725-0254,demo_user_judgment_drill,2026-07-25,6,pending_user_judgment,新規契約前提,運送業,安定黒字,メイン,120,既存先,12,12,大型トラック,12,5,新規荷主ルート対応,直近期売上615百万円、営業利益300万円、借入金7900万円、自己資本比率12%、ステージ=安定黒字。,契約不成立時は既存業務に転用可能だが採算は下がる。,既存車両の稼働率は高く、返済履歴も良好。,荷主契約が内諾段階で、燃料費上昇時の採算余力が薄い。,,,,,,,,,,,,,,,yes,,
1,CASE-JD-20260725-0255,demo_user_judgment_drill,2026-07-25,6,pending_user_judgment,購入選択権,卸売業,安定黒字,メイン,180,既存先,18,16,フォークリフト,24,6,倉庫能力維持,直近期売上650百万円、営業利益900万円、借入金8800万円、自己資本比率16%、ステージ=安定黒字。,使用時間が長く、バッテリー交換費用の負担確認が必要。,倉庫稼働は安定し、物件の必要性は明確。,購入選択権価格が低く、残価・満了後出口の説明が弱い。,,,,,,,,,,,,,,,yes,,
1,CASE-JD-20260725-0256,demo_user_judgment_drill,2026-07-25,6,pending_user_judgment,医療機器更新,医療・福祉,安定黒字,非メイン,250,新規先,0,20,画像診断装置,36,7,診療能力維持と待ち時間短縮,直近期売上90百万円、営業利益1600万円、借入金9700万円、自己資本比率20%、ステージ=安定黒字。,メーカー保守契約は提示済みだが、更新後の稼働計画は概算。,地域需要があり、既存患者基盤も安定している。,診療報酬改定や保守費用を織り込んだ採算表が不足。,,,,,,,,,,,,,,,yes,,
1,CASE-JD-20260725-0257,demo_user_judgment_drill,2026-07-25,6,pending_user_judgment,建機高稼働,建設業,安定黒字,非メイン,0,新規先,0,24,油圧ショベル,62,4,受注現場対応,直近期売上125百万円、営業利益2400万円、借入金10600万円、自己資本比率24%、ステージ=安定黒字。,代表は中古売却可能と説明するが、査定根拠は未取得。,公共工事の受注残があり、機械稼働の見込みはある。,工期後の転用先と中古価格下落時の出口説明が弱い。,,,,,,,,,,,,,,,yes,,
1,CASE-JD-20260725-0258,demo_user_judgment_drill,2026-07-25,6,pending_user_judgment,IT設備刷新,情報通信業,安定黒字,非メイン,20,新規先,0,30,サーバー・ネットワーク機器,12,5,顧客案件増加に伴う基盤増強,直近期売上160百万円、営業利益3600万円、借入金11500万円、自己資本比率30%、ステージ=安定黒字。,保守契約と入替計画はあるが、解約時の転用価値は限定的。,継続契約が複数あり、粗利率は比較的高い。,技術陳腐化が早く、期間と経済的寿命の整合確認が必要。,,,,,,,,,,,,,,,yes,,
1,CASE-JD-20260725-0259,demo_user_judgment_drill,2026-07-25,6,pending_user_judgment,美容店舗拡張,生活関連サービス業,安定黒字,メイン,35,新規先,0,36,美容機器,24,6,新メニュー開始,直近期売上195百万円、営業利益-800万円、借入金12400万円、自己資本比率36%、ステージ=安定黒字。,機器は専門性が高く、撤退時の換金性に幅がある。,既存顧客があり、単価上昇の余地がある。,新メニュー売上は口頭見込み中心で、解約率・稼働率が未整理。,,,,,,,,,,,,,,,yes,,
1,CASE-JD-20260725-0260,demo_user_judgment_drill,2026-07-25,6,pending_user_judgment,農業設備,農業,安定黒字,メイン,50,新規先,0,8,選果機,36,7,出荷能力向上,直近期売上230百万円、営業利益300万円、借入金13300万円、自己資本比率8%、ステージ=安定黒字。,補助金と組合支援の説明はあるが、入金時期が未確定。,出荷先との取引は長く、季節需要も見込める。,収穫量・天候影響に左右され、年間資金繰りの波が大きい。,,,,,,,,,,,,,,,yes,,
1,CASE-JD-20260725-0261,demo_user_judgment_drill,2026-07-25,6,pending_user_judgment,補助金前提,製造業,低利益,メイン,80,既存先,12,12,CNC工作機械,36,4,老朽設備更新と増産対応,直近期売上265百万円、営業利益900万円、借入金2500万円、自己資本比率12%、ステージ=低利益。,社長は採択前提で説明しているが、銀行支援は口頭段階。,既存主力先からの受注残があり、設備必要性は明確。,補助金採択前にリース開始予定で、未採択時の資金繰り説明が弱い。,,,,,,,,,,,,,,,yes,,
1,CASE-JD-20260725-0262,demo_user_judgment_drill,2026-07-25,6,pending_user_judgment,新店舗計画,飲食業,低利益,非メイン,120,既存先,18,16,厨房設備一式,62,5,新店舗出店,直近期売上300百万円、営業利益1600万円、借入金3400万円、自己資本比率16%、ステージ=低利益。,立地評価は高いが、回転率・客単価・原価率の資料が薄い。,既存店舗は黒字で、代表に運営経験がある。,新店舗売上計画が既存店実績より強く、人員確保も未確定。,,,,,,,,,,,,,,,yes,,
1,CASE-JD-20260725-0263,demo_user_judgment_drill,2026-07-25,6,pending_user_judgment,増額更新,食品製造業,低利益,非メイン,180,既存先,25,20,包装ライン,12,6,既存設備更新,直近期売上335百万円、営業利益2400万円、借入金4300万円、自己資本比率20%、ステージ=低利益。,旧設備の廃棄費用・下取り可否が未確認。,故障頻度と停止時間が増え、更新合理性はある。,月額負担が上がる一方、改善効果がメーカー資料中心。,,,,,,,,,,,,,,,yes,,
1,CASE-JD-20260725-0264,demo_user_judgment_drill,2026-07-25,6,pending_user_judgment,新規契約前提,運送業,低利益,非メイン,250,既存先,40,24,大型トラック,24,7,新規荷主ルート対応,直近期売上370百万円、営業利益3600万円、借入金5200万円、自己資本比率24%、ステージ=低利益。,契約不成立時は既存業務に転用可能だが採算は下がる。,既存車両の稼働率は高く、返済履歴も良好。,荷主契約が内諾段階で、燃料費上昇時の採算余力が薄い。,,,,,,,,,,,,,,,yes,,
1,CASE-JD-20260725-0265,demo_user_judgment_drill,2026-07-25,6,pending_user_judgment,購入選択権,卸売業,低利益,メイン,0,既存先,60,30,フォークリフト,36,4,倉庫能力維持,直近期売上405百万円、営業利益-800万円、借入金6100万円、自己資本比率30%、ステージ=低利益。,使用時間が長く、バッテリー交換費用の負担確認が必要。,倉庫稼働は安定し、物件の必要性は明確。,購入選択権価格が低く、残価・満了後出口の説明が弱い。,,,,,,,,,,,,,,,yes,,
1,CASE-JD-20260725-0266,demo_user_judgment_drill,2026-07-25,6,pending_user_judgment,医療機器更新,医療・福祉,低利益,メイン,20,新規先,0,36,画像診断装置,62,5,診療能力維持と待ち時間短縮,直近期売上440百万円、営業利益300万円、借入金7000万円、自己資本比率36%、ステージ=低利益。,メーカー保守契約は提示済みだが、更新後の稼働計画は概算。,地域需要があり、既存患者基盤も安定している。,診療報酬改定や保守費用を織り込んだ採算表が不足。,,,,,,,,,,,,,,,yes,,
1,CASE-JD-20260725-0267,demo_user_judgment_drill,2026-07-25,6,pending_user_judgment,建機高稼働,建設業,低利益,メイン,35,新規先,0,8,油圧ショベル,12,6,受注現場対応,直近期売上475百万円、営業利益900万円、借入金7900万円、自己資本比率8%、ステージ=低利益。,代表は中古売却可能と説明するが、査定根拠は未取得。,公共工事の受注残があり、機械稼働の見込みはある。,工期後の転用先と中古価格下落時の出口説明が弱い。,,,,,,,,,,,,,,,yes,,
1,CASE-JD-20260725-0268,demo_user_judgment_drill,2026-07-25,6,pending_user_judgment,IT設備刷新,情報通信業,低利益,非メイン,50,新規先,0,12,サーバー・ネットワーク機器,24,7,顧客案件増加に伴う基盤増強,直近期売上510百万円、営業利益1600万円、借入金8800万円、自己資本比率12%、ステージ=低利益。,保守契約と入替計画はあるが、解約時の転用価値は限定的。,継続契約が複数あり、粗利率は比較的高い。,技術陳腐化が早く、期間と経済的寿命の整合確認が必要。,,,,,,,,,,,,,,,yes,,
1,CASE-JD-20260725-0269,demo_user_judgment_drill,2026-07-25,6,pending_user_judgment,美容店舗拡張,生活関連サービス業,低利益,非メイン,80,新規先,0,16,美容機器,36,4,新メニュー開始,直近期売上545百万円、営業利益2400万円、借入金9700万円、自己資本比率16%、ステージ=低利益。,機器は専門性が高く、撤退時の換金性に幅がある。,既存顧客があり、単価上昇の余地がある。,新メニュー売上は口頭見込み中心で、解約率・稼働率が未整理。,,,,,,,,,,,,,,,yes,,
1,CASE-JD-20260725-0270,demo_user_judgment_drill,2026-07-25,6,pending_user_judgment,農業設備,農業,低利益,非メイン,120,新規先,0,20,選果機,62,5,出荷能力向上,直近期売上580百万円、営業利益3600万円、借入金10600万円、自己資本比率20%、ステージ=低利益。,補助金と組合支援の説明はあるが、入金時期が未確定。,出荷先との取引は長く、季節需要も見込める。,収穫量・天候影響に左右され、年間資金繰りの波が大きい。,,,,,,,,,,,,,,,yes,,
1,CASE-JD-20260725-0271,demo_user_judgment_drill,2026-07-25,6,pending_user_judgment,補助金前提,製造業,赤字改善中,メイン,180,既存先,40,24,CNC工作機械,62,6,老朽設備更新と増産対応,直近期売上615百万円、営業利益-800万円、借入金11500万円、自己資本比率24%、ステージ=赤字改善中。,社長は採択前提で説明しているが、銀行支援は口頭段階。,既存主力先からの受注残があり、設備必要性は明確。,補助金採択前にリース開始予定で、未採択時の資金繰り説明が弱い。,,,,,,,,,,,,,,,yes,,
1,CASE-JD-20260725-0272,demo_user_judgment_drill,2026-07-25,6,pending_user_judgment,新店舗計画,飲食業,赤字改善中,メイン,250,既存先,60,30,厨房設備一式,12,7,新店舗出店,直近期売上650百万円、営業利益300万円、借入金12400万円、自己資本比率30%、ステージ=赤字改善中。,立地評価は高いが、回転率・客単価・原価率の資料が薄い。,既存店舗は黒字で、代表に運営経験がある。,新店舗売上計画が既存店実績より強く、人員確保も未確定。,,,,,,,,,,,,,,,yes,,
1,CASE-JD-20260725-0273,demo_user_judgment_drill,2026-07-25,6,pending_user_judgment,増額更新,食品製造業,赤字改善中,メイン,0,既存先,90,36,包装ライン,24,4,既存設備更新,直近期売上90百万円、営業利益900万円、借入金13300万円、自己資本比率36%、ステージ=赤字改善中。,旧設備の廃棄費用・下取り可否が未確認。,故障頻度と停止時間が増え、更新合理性はある。,月額負担が上がる一方、改善効果がメーカー資料中心。,,,,,,,,,,,,,,,yes,,
1,CASE-JD-20260725-0274,demo_user_judgment_drill,2026-07-25,6,pending_user_judgment,新規契約前提,運送業,赤字改善中,非メイン,20,既存先,5,8,大型トラック,36,5,新規荷主ルート対応,直近期売上125百万円、営業利益1600万円、借入金2500万円、自己資本比率8%、ステージ=赤字改善中。,契約不成立時は既存業務に転用可能だが採算は下がる。,既存車両の稼働率は高く、返済履歴も良好。,荷主契約が内諾段階で、燃料費上昇時の採算余力が薄い。,,,,,,,,,,,,,,,yes,,
1,CASE-JD-20260725-0275,demo_user_judgment_drill,2026-07-25,6,pending_user_judgment,購入選択権,卸売業,赤字改善中,非メイン,35,既存先,12,12,フォークリフト,62,6,倉庫能力維持,直近期売上160百万円、営業利益2400万円、借入金3400万円、自己資本比率12%、ステージ=赤字改善中。,使用時間が長く、バッテリー交換費用の負担確認が必要。,倉庫稼働は安定し、物件の必要性は明確。,購入選択権価格が低く、残価・満了後出口の説明が弱い。,,,,,,,,,,,,,,,yes,,
1,CASE-JD-20260725-0276,demo_user_judgment_drill,2026-07-25,6,pending_user_judgment,医療機器更新,医療・福祉,赤字改善中,非メイン,50,新規先,0,16,画像診断装置,12,7,診療能力維持と待ち時間短縮,直近期売上195百万円、営業利益3600万円、借入金4300万円、自己資本比率16%、ステージ=赤字改善中。,メーカー保守契約は提示済みだが、更新後の稼働計画は概算。,地域需要があり、既存患者基盤も安定している。,診療報酬改定や保守費用を織り込んだ採算表が不足。,,,,,,,,,,,,,,,yes,,
1,CASE-JD-20260725-0277,demo_user_judgment_drill,2026-07-25,6,pending_user_judgment,建機高稼働,建設業,赤字改善中,メイン,80,新規先,0,20,油圧ショベル,24,4,受注現場対応,直近期売上230百万円、営業利益-800万円、借入金5200万円、自己資本比率20%、ステージ=赤字改善中。,代表は中古売却可能と説明するが、査定根拠は未取得。,公共工事の受注残があり、機械稼働の見込みはある。,工期後の転用先と中古価格下落時の出口説明が弱い。,,,,,,,,,,,,,,,yes,,
1,CASE-JD-20260725-0278,demo_user_judgment_drill,2026-07-25,6,pending_user_judgment,IT設備刷新,情報通信業,赤字改善中,メイン,120,新規先,0,24,サーバー・ネットワーク機器,36,5,顧客案件増加に伴う基盤増強,直近期売上265百万円、営業利益300万円、借入金6100万円、自己資本比率24%、ステージ=赤字改善中。,保守契約と入替計画はあるが、解約時の転用価値は限定的。,継続契約が複数あり、粗利率は比較的高い。,技術陳腐化が早く、期間と経済的寿命の整合確認が必要。,,,,,,,,,,,,,,,yes,,
1,CASE-JD-20260725-0279,demo_user_judgment_drill,2026-07-25,6,pending_user_judgment,美容店舗拡張,生活関連サービス業,赤字改善中,メイン,180,新規先,0,30,美容機器,62,6,新メニュー開始,直近期売上300百万円、営業利益900万円、借入金7000万円、自己資本比率30%、ステージ=赤字改善中。,機器は専門性が高く、撤退時の換金性に幅がある。,既存顧客があり、単価上昇の余地がある。,新メニュー売上は口頭見込み中心で、解約率・稼働率が未整理。,,,,,,,,,,,,,,,yes,,
1,CASE-JD-20260725-0280,demo_user_judgment_drill,2026-07-25,6,pending_user_judgment,農業設備,農業,赤字改善中,非メイン,250,新規先,0,36,選果機,12,7,出荷能力向上,直近期売上335百万円、営業利益1600万円、借入金7900万円、自己資本比率36%、ステージ=赤字改善中。,補助金と組合支援の説明はあるが、入金時期が未確定。,出荷先との取引は長く、季節需要も見込める。,収穫量・天候影響に左右され、年間資金繰りの波が大きい。,,,,,,,,,,,,,,,yes,,
1,CASE-JD-20260725-0281,demo_user_judgment_drill,2026-07-25,6,pending_user_judgment,補助金前提,製造業,急成長,非メイン,0,既存先,5,8,CNC工作機械,12,4,老朽設備更新と増産対応,直近期売上370百万円、営業利益2400万円、借入金8800万円、自己資本比率8%、ステージ=急成長。,社長は採択前提で説明しているが、銀行支援は口頭段階。,既存主力先からの受注残があり、設備必要性は明確。,補助金採択前にリース開始予定で、未採択時の資金繰り説明が弱い。,,,,,,,,,,,,,,,yes,,
1,CASE-JD-20260725-0282,demo_user_judgment_drill,2026-07-25,6,pending_user_judgment,新店舗計画,飲食業,急成長,非メイン,20,既存先,12,12,厨房設備一式,24,5,新店舗出店,直近期売上405百万円、営業利益3600万円、借入金9700万円、自己資本比率12%、ステージ=急成長。,立地評価は高いが、回転率・客単価・原価率の資料が薄い。,既存店舗は黒字で、代表に運営経験がある。,新店舗売上計画が既存店実績より強く、人員確保も未確定。,,,,,,,,,,,,,,,yes,,
1,CASE-JD-20260725-0283,demo_user_judgment_drill,2026-07-25,6,pending_user_judgment,増額更新,食品製造業,急成長,メイン,35,既存先,18,16,包装ライン,36,6,既存設備更新,直近期売上440百万円、営業利益-800万円、借入金10600万円、自己資本比率16%、ステージ=急成長。,旧設備の廃棄費用・下取り可否が未確認。,故障頻度と停止時間が増え、更新合理性はある。,月額負担が上がる一方、改善効果がメーカー資料中心。,,,,,,,,,,,,,,,yes,,
1,CASE-JD-20260725-0284,demo_user_judgment_drill,2026-07-25,6,pending_user_judgment,新規契約前提,運送業,急成長,メイン,50,既存先,25,20,大型トラック,62,7,新規荷主ルート対応,直近期売上475百万円、営業利益300万円、借入金11500万円、自己資本比率20%、ステージ=急成長。,契約不成立時は既存業務に転用可能だが採算は下がる。,既存車両の稼働率は高く、返済履歴も良好。,荷主契約が内諾段階で、燃料費上昇時の採算余力が薄い。,,,,,,,,,,,,,,,yes,,
1,CASE-JD-20260725-0285,demo_user_judgment_drill,2026-07-25,6,pending_user_judgment,購入選択権,卸売業,急成長,メイン,80,既存先,40,24,フォークリフト,12,4,倉庫能力維持,直近期売上510百万円、営業利益900万円、借入金12400万円、自己資本比率24%、ステージ=急成長。,使用時間が長く、バッテリー交換費用の負担確認が必要。,倉庫稼働は安定し、物件の必要性は明確。,購入選択権価格が低く、残価・満了後出口の説明が弱い。,,,,,,,,,,,,,,,yes,,
1,CASE-JD-20260725-0286,demo_user_judgment_drill,2026-07-25,6,pending_user_judgment,医療機器更新,医療・福祉,急成長,非メイン,120,新規先,0,30,画像診断装置,24,5,診療能力維持と待ち時間短縮,直近期売上545百万円、営業利益1600万円、借入金13300万円、自己資本比率30%、ステージ=急成長。,メーカー保守契約は提示済みだが、更新後の稼働計画は概算。,地域需要があり、既存患者基盤も安定している。,診療報酬改定や保守費用を織り込んだ採算表が不足。,,,,,,,,,,,,,,,yes,,
1,CASE-JD-20260725-0287,demo_user_judgment_drill,2026-07-25,6,pending_user_judgment,建機高稼働,建設業,急成長,非メイン,180,新規先,0,36,油圧ショベル,36,6,受注現場対応,直近期売上580百万円、営業利益2400万円、借入金2500万円、自己資本比率36%、ステージ=急成長。,代表は中古売却可能と説明するが、査定根拠は未取得。,公共工事の受注残があり、機械稼働の見込みはある。,工期後の転用先と中古価格下落時の出口説明が弱い。,,,,,,,,,,,,,,,yes,,
1,CASE-JD-20260725-0288,demo_user_judgment_drill,2026-07-25,6,pending_user_judgment,IT設備刷新,情報通信業,急成長,非メイン,250,新規先,0,8,サーバー・ネットワーク機器,62,7,顧客案件増加に伴う基盤増強,直近期売上615百万円、営業利益3600万円、借入金3400万円、自己資本比率8%、ステージ=急成長。,保守契約と入替計画はあるが、解約時の転用価値は限定的。,継続契約が複数あり、粗利率は比較的高い。,技術陳腐化が早く、期間と経済的寿命の整合確認が必要。,,,,,,,,,,,,,,,yes,,
1,CASE-JD-20260725-0289,demo_user_judgment_drill,2026-07-25,6,pending_user_judgment,美容店舗拡張,生活関連サービス業,急成長,メイン,0,新規先,0,12,美容機器,12,4,新メニュー開始,直近期売上650百万円、営業利益-800万円、借入金4300万円、自己資本比率12%、ステージ=急成長。,機器は専門性が高く、撤退時の換金性に幅がある。,既存顧客があり、単価上昇の余地がある。,新メニュー売上は口頭見込み中心で、解約率・稼働率が未整理。,,,,,,,,,,,,,,,yes,,
1,CASE-JD-20260725-0290,demo_user_judgment_drill,2026-07-25,6,pending_user_judgment,農業設備,農業,急成長,メイン,20,新規先,0,16,選果機,24,5,出荷能力向上,直近期売上90百万円、営業利益300万円、借入金5200万円、自己資本比率16%、ステージ=急成長。,補助金と組合支援の説明はあるが、入金時期が未確定。,出荷先との取引は長く、季節需要も見込める。,収穫量・天候影響に左右され、年間資金繰りの波が大きい。,,,,,,,,,,,,,,,yes,,
1,CASE-JD-20260725-0291,demo_user_judgment_drill,2026-07-25,6,pending_user_judgment,補助金前提,製造業,事業承継直後,メイン,35,既存先,25,20,CNC工作機械,24,6,老朽設備更新と増産対応,直近期売上125百万円、営業利益900万円、借入金6100万円、自己資本比率20%、ステージ=事業承継直後。,社長は採択前提で説明しているが、銀行支援は口頭段階。,既存主力先からの受注残があり、設備必要性は明確。,補助金採択前にリース開始予定で、未採択時の資金繰り説明が弱い。,,,,,,,,,,,,,,,yes,,
1,CASE-JD-20260725-0292,demo_user_judgment_drill,2026-07-25,6,pending_user_judgment,新店舗計画,飲食業,事業承継直後,非メイン,50,既存先,40,24,厨房設備一式,36,7,新店舗出店,直近期売上160百万円、営業利益1600万円、借入金7000万円、自己資本比率24%、ステージ=事業承継直後。,立地評価は高いが、回転率・客単価・原価率の資料が薄い。,既存店舗は黒字で、代表に運営経験がある。,新店舗売上計画が既存店実績より強く、人員確保も未確定。,,,,,,,,,,,,,,,yes,,
1,CASE-JD-20260725-0293,demo_user_judgment_drill,2026-07-25,6,pending_user_judgment,増額更新,食品製造業,事業承継直後,非メイン,80,既存先,60,30,包装ライン,62,4,既存設備更新,直近期売上195百万円、営業利益2400万円、借入金7900万円、自己資本比率30%、ステージ=事業承継直後。,旧設備の廃棄費用・下取り可否が未確認。,故障頻度と停止時間が増え、更新合理性はある。,月額負担が上がる一方、改善効果がメーカー資料中心。,,,,,,,,,,,,,,,yes,,
1,CASE-JD-20260725-0294,demo_user_judgment_drill,2026-07-25,6,pending_user_judgment,新規契約前提,運送業,事業承継直後,非メイン,120,既存先,90,36,大型トラック,12,5,新規荷主ルート対応,直近期売上230百万円、営業利益3600万円、借入金8800万円、自己資本比率36%、ステージ=事業承継直後。,契約不成立時は既存業務に転用可能だが採算は下がる。,既存車両の稼働率は高く、返済履歴も良好。,荷主契約が内諾段階で、燃料費上昇時の採算余力が薄い。,,,,,,,,,,,,,,,yes,,
1,CASE-JD-20260725-0295,demo_user_judgment_drill,2026-07-25,6,pending_user_judgment,購入選択権,卸売業,事業承継直後,メイン,180,既存先,5,8,フォークリフト,24,6,倉庫能力維持,直近期売上265百万円、営業利益-800万円、借入金9700万円、自己資本比率8%、ステージ=事業承継直後。,使用時間が長く、バッテリー交換費用の負担確認が必要。,倉庫稼働は安定し、物件の必要性は明確。,購入選択権価格が低く、残価・満了後出口の説明が弱い。,,,,,,,,,,,,,,,yes,,
1,CASE-JD-20260725-0296,demo_user_judgment_drill,2026-07-25,6,pending_user_judgment,医療機器更新,医療・福祉,事業承継直後,メイン,250,新規先,0,12,画像診断装置,36,7,診療能力維持と待ち時間短縮,直近期売上300百万円、営業利益300万円、借入金10600万円、自己資本比率12%、ステージ=事業承継直後。,メーカー保守契約は提示済みだが、更新後の稼働計画は概算。,地域需要があり、既存患者基盤も安定している。,診療報酬改定や保守費用を織り込んだ採算表が不足。,,,,,,,,,,,,,,,yes,,
1,CASE-JD-20260725-0297,demo_user_judgment_drill,2026-07-25,6,pending_user_judgment,建機高稼働,建設業,事業承継直後,メイン,0,新規先,0,16,油圧ショベル,62,4,受注現場対応,直近期売上335百万円、営業利益900万円、借入金11500万円、自己資本比率16%、ステージ=事業承継直後。,代表は中古売却可能と説明するが、査定根拠は未取得。,公共工事の受注残があり、機械稼働の見込みはある。,工期後の転用先と中古価格下落時の出口説明が弱い。,,,,,,,,,,,,,,,yes,,
1,CASE-JD-20260725-0298,demo_user_judgment_drill,2026-07-25,6,pending_user_judgment,IT設備刷新,情報通信業,事業承継直後,非メイン,20,新規先,0,20,サーバー・ネットワーク機器,12,5,顧客案件増加に伴う基盤増強,直近期売上370百万円、営業利益1600万円、借入金12400万円、自己資本比率20%、ステージ=事業承継直後。,保守契約と入替計画はあるが、解約時の転用価値は限定的。,継続契約が複数あり、粗利率は比較的高い。,技術陳腐化が早く、期間と経済的寿命の整合確認が必要。,,,,,,,,,,,,,,,yes,,
1,CASE-JD-20260725-0299,demo_user_judgment_drill,2026-07-25,6,pending_user_judgment,美容店舗拡張,生活関連サービス業,事業承継直後,非メイン,35,新規先,0,24,美容機器,24,6,新メニュー開始,直近期売上405百万円、営業利益2400万円、借入金13300万円、自己資本比率24%、ステージ=事業承継直後。,機器は専門性が高く、撤退時の換金性に幅がある。,既存顧客があり、単価上昇の余地がある。,新メニュー売上は口頭見込み中心で、解約率・稼働率が未整理。,,,,,,,,,,,,,,,yes,,
1,CASE-JD-20260725-0300,demo_user_judgment_drill,2026-07-25,6,pending_user_judgment,農業設備,農業,事業承継直後,非メイン,50,新規先,0,30,選果機,36,7,出荷能力向上,直近期売上440百万円、営業利益3600万円、借入金2500万円、自己資本比率30%、ステージ=事業承継直後。,補助金と組合支援の説明はあるが、入金時期が未確定。,出荷先との取引は長く、季節需要も見込める。,収穫量・天候影響に左右され、年間資金繰りの波が大きい。,,,,,,,,,,,,,,,yes,,
1,CASE-JD-20260725-0301,demo_user_judgment_drill,2026-07-25,7,pending_user_judgment,補助金前提,製造業,安定黒字,メイン,80,既存先,90,36,CNC工作機械,36,4,老朽設備更新と増産対応,直近期売上475百万円、営業利益-800万円、借入金3400万円、自己資本比率36%、ステージ=安定黒字。,社長は採択前提で説明しているが、銀行支援は口頭段階。,既存主力先からの受注残があり、設備必要性は明確。,補助金採択前にリース開始予定で、未採択時の資金繰り説明が弱い。,,,,,,,,,,,,,,,yes,,
1,CASE-JD-20260725-0302,demo_user_judgment_drill,2026-07-25,7,pending_user_judgment,新店舗計画,飲食業,安定黒字,メイン,120,既存先,5,8,厨房設備一式,62,5,新店舗出店,直近期売上510百万円、営業利益300万円、借入金4300万円、自己資本比率8%、ステージ=安定黒字。,立地評価は高いが、回転率・客単価・原価率の資料が薄い。,既存店舗は黒字で、代表に運営経験がある。,新店舗売上計画が既存店実績より強く、人員確保も未確定。,,,,,,,,,,,,,,,yes,,
1,CASE-JD-20260725-0303,demo_user_judgment_drill,2026-07-25,7,pending_user_judgment,増額更新,食品製造業,安定黒字,メイン,180,既存先,12,12,包装ライン,12,6,既存設備更新,直近期売上545百万円、営業利益900万円、借入金5200万円、自己資本比率12%、ステージ=安定黒字。,旧設備の廃棄費用・下取り可否が未確認。,故障頻度と停止時間が増え、更新合理性はある。,月額負担が上がる一方、改善効果がメーカー資料中心。,,,,,,,,,,,,,,,yes,,
1,CASE-JD-20260725-0304,demo_user_judgment_drill,2026-07-25,7,pending_user_judgment,新規契約前提,運送業,安定黒字,非メイン,250,既存先,18,16,大型トラック,24,7,新規荷主ルート対応,直近期売上580百万円、営業利益1600万円、借入金6100万円、自己資本比率16%、ステージ=安定黒字。,契約不成立時は既存業務に転用可能だが採算は下がる。,既存車両の稼働率は高く、返済履歴も良好。,荷主契約が内諾段階で、燃料費上昇時の採算余力が薄い。,,,,,,,,,,,,,,,yes,,
1,CASE-JD-20260725-0305,demo_user_judgment_drill,2026-07-25,7,pending_user_judgment,購入選択権,卸売業,安定黒字,非メイン,0,既存先,25,20,フォークリフト,36,4,倉庫能力維持,直近期売上615百万円、営業利益2400万円、借入金7000万円、自己資本比率20%、ステージ=安定黒字。,使用時間が長く、バッテリー交換費用の負担確認が必要。,倉庫稼働は安定し、物件の必要性は明確。,購入選択権価格が低く、残価・満了後出口の説明が弱い。,,,,,,,,,,,,,,,yes,,
1,CASE-JD-20260725-0306,demo_user_judgment_drill,2026-07-25,7,pending_user_judgment,医療機器更新,医療・福祉,安定黒字,非メイン,20,新規先,0,24,画像診断装置,62,5,診療能力維持と待ち時間短縮,直近期売上650百万円、営業利益3600万円、借入金7900万円、自己資本比率24%、ステージ=安定黒字。,メーカー保守契約は提示済みだが、更新後の稼働計画は概算。,地域需要があり、既存患者基盤も安定している。,診療報酬改定や保守費用を織り込んだ採算表が不足。,,,,,,,,,,,,,,,yes,,
1,CASE-JD-20260725-0307,demo_user_judgment_drill,2026-07-25,7,pending_user_judgment,建機高稼働,建設業,安定黒字,メイン,35,新規先,0,30,油圧ショベル,12,6,受注現場対応,直近期売上90百万円、営業利益-800万円、借入金8800万円、自己資本比率30%、ステージ=安定黒字。,代表は中古売却可能と説明するが、査定根拠は未取得。,公共工事の受注残があり、機械稼働の見込みはある。,工期後の転用先と中古価格下落時の出口説明が弱い。,,,,,,,,,,,,,,,yes,,
1,CASE-JD-20260725-0308,demo_user_judgment_drill,2026-07-25,7,pending_user_judgment,IT設備刷新,情報通信業,安定黒字,メイン,50,新規先,0,36,サーバー・ネットワーク機器,24,7,顧客案件増加に伴う基盤増強,直近期売上125百万円、営業利益300万円、借入金9700万円、自己資本比率36%、ステージ=安定黒字。,保守契約と入替計画はあるが、解約時の転用価値は限定的。,継続契約が複数あり、粗利率は比較的高い。,技術陳腐化が早く、期間と経済的寿命の整合確認が必要。,,,,,,,,,,,,,,,yes,,
1,CASE-JD-20260725-0309,demo_user_judgment_drill,2026-07-25,7,pending_user_judgment,美容店舗拡張,生活関連サービス業,安定黒字,メイン,80,新規先,0,8,美容機器,36,4,新メニュー開始,直近期売上160百万円、営業利益900万円、借入金10600万円、自己資本比率8%、ステージ=安定黒字。,機器は専門性が高く、撤退時の換金性に幅がある。,既存顧客があり、単価上昇の余地がある。,新メニュー売上は口頭見込み中心で、解約率・稼働率が未整理。,,,,,,,,,,,,,,,yes,,
1,CASE-JD-20260725-0310,demo_user_judgment_drill,2026-07-25,7,pending_user_judgment,農業設備,農業,安定黒字,非メイン,120,新規先,0,12,選果機,62,5,出荷能力向上,直近期売上195百万円、営業利益1600万円、借入金11500万円、自己資本比率12%、ステージ=安定黒字。,補助金と組合支援の説明はあるが、入金時期が未確定。,出荷先との取引は長く、季節需要も見込める。,収穫量・天候影響に左右され、年間資金繰りの波が大きい。,,,,,,,,,,,,,,,yes,,
1,CASE-JD-20260725-0311,demo_user_judgment_drill,2026-07-25,7,pending_user_judgment,補助金前提,製造業,低利益,非メイン,180,既存先,18,16,CNC工作機械,62,6,老朽設備更新と増産対応,直近期売上230百万円、営業利益2400万円、借入金12400万円、自己資本比率16%、ステージ=低利益。,社長は採択前提で説明しているが、銀行支援は口頭段階。,既存主力先からの受注残があり、設備必要性は明確。,補助金採択前にリース開始予定で、未採択時の資金繰り説明が弱い。,,,,,,,,,,,,,,,yes,,
1,CASE-JD-20260725-0312,demo_user_judgment_drill,2026-07-25,7,pending_user_judgment,新店舗計画,飲食業,低利益,非メイン,250,既存先,25,20,厨房設備一式,12,7,新店舗出店,直近期売上265百万円、営業利益3600万円、借入金13300万円、自己資本比率20%、ステージ=低利益。,立地評価は高いが、回転率・客単価・原価率の資料が薄い。,既存店舗は黒字で、代表に運営経験がある。,新店舗売上計画が既存店実績より強く、人員確保も未確定。,,,,,,,,,,,,,,,yes,,
1,CASE-JD-20260725-0313,demo_user_judgment_drill,2026-07-25,7,pending_user_judgment,増額更新,食品製造業,低利益,メイン,0,既存先,40,24,包装ライン,24,4,既存設備更新,直近期売上300百万円、営業利益-800万円、借入金2500万円、自己資本比率24%、ステージ=低利益。,旧設備の廃棄費用・下取り可否が未確認。,故障頻度と停止時間が増え、更新合理性はある。,月額負担が上がる一方、改善効果がメーカー資料中心。,,,,,,,,,,,,,,,yes,,
1,CASE-JD-20260725-0314,demo_user_judgment_drill,2026-07-25,7,pending_user_judgment,新規契約前提,運送業,低利益,メイン,20,既存先,60,30,大型トラック,36,5,新規荷主ルート対応,直近期売上335百万円、営業利益300万円、借入金3400万円、自己資本比率30%、ステージ=低利益。,契約不成立時は既存業務に転用可能だが採算は下がる。,既存車両の稼働率は高く、返済履歴も良好。,荷主契約が内諾段階で、燃料費上昇時の採算余力が薄い。,,,,,,,,,,,,,,,yes,,
1,CASE-JD-20260725-0315,demo_user_judgment_drill,2026-07-25,7,pending_user_judgment,購入選択権,卸売業,低利益,メイン,35,既存先,90,36,フォークリフト,62,6,倉庫能力維持,直近期売上370百万円、営業利益900万円、借入金4300万円、自己資本比率36%、ステージ=低利益。,使用時間が長く、バッテリー交換費用の負担確認が必要。,倉庫稼働は安定し、物件の必要性は明確。,購入選択権価格が低く、残価・満了後出口の説明が弱い。,,,,,,,,,,,,,,,yes,,
1,CASE-JD-20260725-0316,demo_user_judgment_drill,2026-07-25,7,pending_user_judgment,医療機器更新,医療・福祉,低利益,非メイン,50,新規先,0,8,画像診断装置,12,7,診療能力維持と待ち時間短縮,直近期売上405百万円、営業利益1600万円、借入金5200万円、自己資本比率8%、ステージ=低利益。,メーカー保守契約は提示済みだが、更新後の稼働計画は概算。,地域需要があり、既存患者基盤も安定している。,診療報酬改定や保守費用を織り込んだ採算表が不足。,,,,,,,,,,,,,,,yes,,
1,CASE-JD-20260725-0317,demo_user_judgment_drill,2026-07-25,7,pending_user_judgment,建機高稼働,建設業,低利益,非メイン,80,新規先,0,12,油圧ショベル,24,4,受注現場対応,直近期売上440百万円、営業利益2400万円、借入金6100万円、自己資本比率12%、ステージ=低利益。,代表は中古売却可能と説明するが、査定根拠は未取得。,公共工事の受注残があり、機械稼働の見込みはある。,工期後の転用先と中古価格下落時の出口説明が弱い。,,,,,,,,,,,,,,,yes,,
1,CASE-JD-20260725-0318,demo_user_judgment_drill,2026-07-25,7,pending_user_judgment,IT設備刷新,情報通信業,低利益,非メイン,120,新規先,0,16,サーバー・ネットワーク機器,36,5,顧客案件増加に伴う基盤増強,直近期売上475百万円、営業利益3600万円、借入金7000万円、自己資本比率16%、ステージ=低利益。,保守契約と入替計画はあるが、解約時の転用価値は限定的。,継続契約が複数あり、粗利率は比較的高い。,技術陳腐化が早く、期間と経済的寿命の整合確認が必要。,,,,,,,,,,,,,,,yes,,
1,CASE-JD-20260725-0319,demo_user_judgment_drill,2026-07-25,7,pending_user_judgment,美容店舗拡張,生活関連サービス業,低利益,メイン,180,新規先,0,20,美容機器,62,6,新メニュー開始,直近期売上510百万円、営業利益-800万円、借入金7900万円、自己資本比率20%、ステージ=低利益。,機器は専門性が高く、撤退時の換金性に幅がある。,既存顧客があり、単価上昇の余地がある。,新メニュー売上は口頭見込み中心で、解約率・稼働率が未整理。,,,,,,,,,,,,,,,yes,,
1,CASE-JD-20260725-0320,demo_user_judgment_drill,2026-07-25,7,pending_user_judgment,農業設備,農業,低利益,メイン,250,新規先,0,24,選果機,12,7,出荷能力向上,直近期売上545百万円、営業利益300万円、借入金8800万円、自己資本比率24%、ステージ=低利益。,補助金と組合支援の説明はあるが、入金時期が未確定。,出荷先との取引は長く、季節需要も見込める。,収穫量・天候影響に左右され、年間資金繰りの波が大きい。,,,,,,,,,,,,,,,yes,,
1,CASE-JD-20260725-0321,demo_user_judgment_drill,2026-07-25,7,pending_user_judgment,補助金前提,製造業,赤字改善中,メイン,0,既存先,60,30,CNC工作機械,12,4,老朽設備更新と増産対応,直近期売上580百万円、営業利益900万円、借入金9700万円、自己資本比率30%、ステージ=赤字改善中。,社長は採択前提で説明しているが、銀行支援は口頭段階。,既存主力先からの受注残があり、設備必要性は明確。,補助金採択前にリース開始予定で、未採択時の資金繰り説明が弱い。,,,,,,,,,,,,,,,yes,,
1,CASE-JD-20260725-0322,demo_user_judgment_drill,2026-07-25,7,pending_user_judgment,新店舗計画,飲食業,赤字改善中,非メイン,20,既存先,90,36,厨房設備一式,24,5,新店舗出店,直近期売上615百万円、営業利益1600万円、借入金10600万円、自己資本比率36%、ステージ=赤字改善中。,立地評価は高いが、回転率・客単価・原価率の資料が薄い。,既存店舗は黒字で、代表に運営経験がある。,新店舗売上計画が既存店実績より強く、人員確保も未確定。,,,,,,,,,,,,,,,yes,,
1,CASE-JD-20260725-0323,demo_user_judgment_drill,2026-07-25,7,pending_user_judgment,増額更新,食品製造業,赤字改善中,非メイン,35,既存先,5,8,包装ライン,36,6,既存設備更新,直近期売上650百万円、営業利益2400万円、借入金11500万円、自己資本比率8%、ステージ=赤字改善中。,旧設備の廃棄費用・下取り可否が未確認。,故障頻度と停止時間が増え、更新合理性はある。,月額負担が上がる一方、改善効果がメーカー資料中心。,,,,,,,,,,,,,,,yes,,
1,CASE-JD-20260725-0324,demo_user_judgment_drill,2026-07-25,7,pending_user_judgment,新規契約前提,運送業,赤字改善中,非メイン,50,既存先,12,12,大型トラック,62,7,新規荷主ルート対応,直近期売上90百万円、営業利益3600万円、借入金12400万円、自己資本比率12%、ステージ=赤字改善中。,契約不成立時は既存業務に転用可能だが採算は下がる。,既存車両の稼働率は高く、返済履歴も良好。,荷主契約が内諾段階で、燃料費上昇時の採算余力が薄い。,,,,,,,,,,,,,,,yes,,
1,CASE-JD-20260725-0325,demo_user_judgment_drill,2026-07-25,7,pending_user_judgment,購入選択権,卸売業,赤字改善中,メイン,80,既存先,18,16,フォークリフト,12,4,倉庫能力維持,直近期売上125百万円、営業利益-800万円、借入金13300万円、自己資本比率16%、ステージ=赤字改善中。,使用時間が長く、バッテリー交換費用の負担確認が必要。,倉庫稼働は安定し、物件の必要性は明確。,購入選択権価格が低く、残価・満了後出口の説明が弱い。,,,,,,,,,,,,,,,yes,,
1,CASE-JD-20260725-0326,demo_user_judgment_drill,2026-07-25,7,pending_user_judgment,医療機器更新,医療・福祉,赤字改善中,メイン,120,新規先,0,20,画像診断装置,24,5,診療能力維持と待ち時間短縮,直近期売上160百万円、営業利益300万円、借入金2500万円、自己資本比率20%、ステージ=赤字改善中。,メーカー保守契約は提示済みだが、更新後の稼働計画は概算。,地域需要があり、既存患者基盤も安定している。,診療報酬改定や保守費用を織り込んだ採算表が不足。,,,,,,,,,,,,,,,yes,,
1,CASE-JD-20260725-0327,demo_user_judgment_drill,2026-07-25,7,pending_user_judgment,建機高稼働,建設業,赤字改善中,メイン,180,新規先,0,24,油圧ショベル,36,6,受注現場対応,直近期売上195百万円、営業利益900万円、借入金3400万円、自己資本比率24%、ステージ=赤字改善中。,代表は中古売却可能と説明するが、査定根拠は未取得。,公共工事の受注残があり、機械稼働の見込みはある。,工期後の転用先と中古価格下落時の出口説明が弱い。,,,,,,,,,,,,,,,yes,,
1,CASE-JD-20260725-0328,demo_user_judgment_drill,2026-07-25,7,pending_user_judgment,IT設備刷新,情報通信業,赤字改善中,非メイン,250,新規先,0,30,サーバー・ネットワーク機器,62,7,顧客案件増加に伴う基盤増強,直近期売上230百万円、営業利益1600万円、借入金4300万円、自己資本比率30%、ステージ=赤字改善中。,保守契約と入替計画はあるが、解約時の転用価値は限定的。,継続契約が複数あり、粗利率は比較的高い。,技術陳腐化が早く、期間と経済的寿命の整合確認が必要。,,,,,,,,,,,,,,,yes,,
1,CASE-JD-20260725-0329,demo_user_judgment_drill,2026-07-25,7,pending_user_judgment,美容店舗拡張,生活関連サービス業,赤字改善中,非メイン,0,新規先,0,36,美容機器,12,4,新メニュー開始,直近期売上265百万円、営業利益2400万円、借入金5200万円、自己資本比率36%、ステージ=赤字改善中。,機器は専門性が高く、撤退時の換金性に幅がある。,既存顧客があり、単価上昇の余地がある。,新メニュー売上は口頭見込み中心で、解約率・稼働率が未整理。,,,,,,,,,,,,,,,yes,,
1,CASE-JD-20260725-0330,demo_user_judgment_drill,2026-07-25,7,pending_user_judgment,農業設備,農業,赤字改善中,非メイン,20,新規先,0,8,選果機,24,5,出荷能力向上,直近期売上300百万円、営業利益3600万円、借入金6100万円、自己資本比率8%、ステージ=赤字改善中。,補助金と組合支援の説明はあるが、入金時期が未確定。,出荷先との取引は長く、季節需要も見込める。,収穫量・天候影響に左右され、年間資金繰りの波が大きい。,,,,,,,,,,,,,,,yes,,
1,CASE-JD-20260725-0331,demo_user_judgment_drill,2026-07-25,7,pending_user_judgment,補助金前提,製造業,急成長,メイン,35,既存先,12,12,CNC工作機械,24,6,老朽設備更新と増産対応,直近期売上335百万円、営業利益-800万円、借入金7000万円、自己資本比率12%、ステージ=急成長。,社長は採択前提で説明しているが、銀行支援は口頭段階。,既存主力先からの受注残があり、設備必要性は明確。,補助金採択前にリース開始予定で、未採択時の資金繰り説明が弱い。,,,,,,,,,,,,,,,yes,,
1,CASE-JD-20260725-0332,demo_user_judgment_drill,2026-07-25,7,pending_user_judgment,新店舗計画,飲食業,急成長,メイン,50,既存先,18,16,厨房設備一式,36,7,新店舗出店,直近期売上370百万円、営業利益300万円、借入金7900万円、自己資本比率16%、ステージ=急成長。,立地評価は高いが、回転率・客単価・原価率の資料が薄い。,既存店舗は黒字で、代表に運営経験がある。,新店舗売上計画が既存店実績より強く、人員確保も未確定。,,,,,,,,,,,,,,,yes,,
1,CASE-JD-20260725-0333,demo_user_judgment_drill,2026-07-25,7,pending_user_judgment,増額更新,食品製造業,急成長,メイン,80,既存先,25,20,包装ライン,62,4,既存設備更新,直近期売上405百万円、営業利益900万円、借入金8800万円、自己資本比率20%、ステージ=急成長。,旧設備の廃棄費用・下取り可否が未確認。,故障頻度と停止時間が増え、更新合理性はある。,月額負担が上がる一方、改善効果がメーカー資料中心。,,,,,,,,,,,,,,,yes,,
1,CASE-JD-20260725-0334,demo_user_judgment_drill,2026-07-25,7,pending_user_judgment,新規契約前提,運送業,急成長,非メイン,120,既存先,40,24,大型トラック,12,5,新規荷主ルート対応,直近期売上440百万円、営業利益1600万円、借入金9700万円、自己資本比率24%、ステージ=急成長。,契約不成立時は既存業務に転用可能だが採算は下がる。,既存車両の稼働率は高く、返済履歴も良好。,荷主契約が内諾段階で、燃料費上昇時の採算余力が薄い。,,,,,,,,,,,,,,,yes,,
1,CASE-JD-20260725-0335,demo_user_judgment_drill,2026-07-25,7,pending_user_judgment,購入選択権,卸売業,急成長,非メイン,180,既存先,60,30,フォークリフト,24,6,倉庫能力維持,直近期売上475百万円、営業利益2400万円、借入金10600万円、自己資本比率30%、ステージ=急成長。,使用時間が長く、バッテリー交換費用の負担確認が必要。,倉庫稼働は安定し、物件の必要性は明確。,購入選択権価格が低く、残価・満了後出口の説明が弱い。,,,,,,,,,,,,,,,yes,,
1,CASE-JD-20260725-0336,demo_user_judgment_drill,2026-07-25,7,pending_user_judgment,医療機器更新,医療・福祉,急成長,非メイン,250,新規先,0,36,画像診断装置,36,7,診療能力維持と待ち時間短縮,直近期売上510百万円、営業利益3600万円、借入金11500万円、自己資本比率36%、ステージ=急成長。,メーカー保守契約は提示済みだが、更新後の稼働計画は概算。,地域需要があり、既存患者基盤も安定している。,診療報酬改定や保守費用を織り込んだ採算表が不足。,,,,,,,,,,,,,,,yes,,
1,CASE-JD-20260725-0337,demo_user_judgment_drill,2026-07-25,7,pending_user_judgment,建機高稼働,建設業,急成長,メイン,0,新規先,0,8,油圧ショベル,62,4,受注現場対応,直近期売上545百万円、営業利益-800万円、借入金12400万円、自己資本比率8%、ステージ=急成長。,代表は中古売却可能と説明するが、査定根拠は未取得。,公共工事の受注残があり、機械稼働の見込みはある。,工期後の転用先と中古価格下落時の出口説明が弱い。,,,,,,,,,,,,,,,yes,,
1,CASE-JD-20260725-0338,demo_user_judgment_drill,2026-07-25,7,pending_user_judgment,IT設備刷新,情報通信業,急成長,メイン,20,新規先,0,12,サーバー・ネットワーク機器,12,5,顧客案件増加に伴う基盤増強,直近期売上580百万円、営業利益300万円、借入金13300万円、自己資本比率12%、ステージ=急成長。,保守契約と入替計画はあるが、解約時の転用価値は限定的。,継続契約が複数あり、粗利率は比較的高い。,技術陳腐化が早く、期間と経済的寿命の整合確認が必要。,,,,,,,,,,,,,,,yes,,
1,CASE-JD-20260725-0339,demo_user_judgment_drill,2026-07-25,7,pending_user_judgment,美容店舗拡張,生活関連サービス業,急成長,メイン,35,新規先,0,16,美容機器,24,6,新メニュー開始,直近期売上615百万円、営業利益900万円、借入金2500万円、自己資本比率16%、ステージ=急成長。,機器は専門性が高く、撤退時の換金性に幅がある。,既存顧客があり、単価上昇の余地がある。,新メニュー売上は口頭見込み中心で、解約率・稼働率が未整理。,,,,,,,,,,,,,,,yes,,
1,CASE-JD-20260725-0340,demo_user_judgment_drill,2026-07-25,7,pending_user_judgment,農業設備,農業,急成長,非メイン,50,新規先,0,20,選果機,36,7,出荷能力向上,直近期売上650百万円、営業利益1600万円、借入金3400万円、自己資本比率20%、ステージ=急成長。,補助金と組合支援の説明はあるが、入金時期が未確定。,出荷先との取引は長く、季節需要も見込める。,収穫量・天候影響に左右され、年間資金繰りの波が大きい。,,,,,,,,,,,,,,,yes,,
1,CASE-JD-20260725-0341,demo_user_judgment_drill,2026-07-25,7,pending_user_judgment,補助金前提,製造業,事業承継直後,非メイン,80,既存先,40,24,CNC工作機械,36,4,老朽設備更新と増産対応,直近期売上90百万円、営業利益2400万円、借入金4300万円、自己資本比率24%、ステージ=事業承継直後。,社長は採択前提で説明しているが、銀行支援は口頭段階。,既存主力先からの受注残があり、設備必要性は明確。,補助金採択前にリース開始予定で、未採択時の資金繰り説明が弱い。,,,,,,,,,,,,,,,yes,,
1,CASE-JD-20260725-0342,demo_user_judgment_drill,2026-07-25,7,pending_user_judgment,新店舗計画,飲食業,事業承継直後,非メイン,120,既存先,60,30,厨房設備一式,62,5,新店舗出店,直近期売上125百万円、営業利益3600万円、借入金5200万円、自己資本比率30%、ステージ=事業承継直後。,立地評価は高いが、回転率・客単価・原価率の資料が薄い。,既存店舗は黒字で、代表に運営経験がある。,新店舗売上計画が既存店実績より強く、人員確保も未確定。,,,,,,,,,,,,,,,yes,,
1,CASE-JD-20260725-0343,demo_user_judgment_drill,2026-07-25,7,pending_user_judgment,増額更新,食品製造業,事業承継直後,メイン,180,既存先,90,36,包装ライン,12,6,既存設備更新,直近期売上160百万円、営業利益-800万円、借入金6100万円、自己資本比率36%、ステージ=事業承継直後。,旧設備の廃棄費用・下取り可否が未確認。,故障頻度と停止時間が増え、更新合理性はある。,月額負担が上がる一方、改善効果がメーカー資料中心。,,,,,,,,,,,,,,,yes,,
1,CASE-JD-20260725-0344,demo_user_judgment_drill,2026-07-25,7,pending_user_judgment,新規契約前提,運送業,事業承継直後,メイン,250,既存先,5,8,大型トラック,24,7,新規荷主ルート対応,直近期売上195百万円、営業利益300万円、借入金7000万円、自己資本比率8%、ステージ=事業承継直後。,契約不成立時は既存業務に転用可能だが採算は下がる。,既存車両の稼働率は高く、返済履歴も良好。,荷主契約が内諾段階で、燃料費上昇時の採算余力が薄い。,,,,,,,,,,,,,,,yes,,
1,CASE-JD-20260725-0345,demo_user_judgment_drill,2026-07-25,7,pending_user_judgment,購入選択権,卸売業,事業承継直後,メイン,0,既存先,12,12,フォークリフト,36,4,倉庫能力維持,直近期売上230百万円、営業利益900万円、借入金7900万円、自己資本比率12%、ステージ=事業承継直後。,使用時間が長く、バッテリー交換費用の負担確認が必要。,倉庫稼働は安定し、物件の必要性は明確。,購入選択権価格が低く、残価・満了後出口の説明が弱い。,,,,,,,,,,,,,,,yes,,
1,CASE-JD-20260725-0346,demo_user_judgment_drill,2026-07-25,7,pending_user_judgment,医療機器更新,医療・福祉,事業承継直後,非メイン,20,新規先,0,16,画像診断装置,62,5,診療能力維持と待ち時間短縮,直近期売上265百万円、営業利益1600万円、借入金8800万円、自己資本比率16%、ステージ=事業承継直後。,メーカー保守契約は提示済みだが、更新後の稼働計画は概算。,地域需要があり、既存患者基盤も安定している。,診療報酬改定や保守費用を織り込んだ採算表が不足。,,,,,,,,,,,,,,,yes,,
1,CASE-JD-20260725-0347,demo_user_judgment_drill,2026-07-25,7,pending_user_judgment,建機高稼働,建設業,事業承継直後,非メイン,35,新規先,0,20,油圧ショベル,12,6,受注現場対応,直近期売上300百万円、営業利益2400万円、借入金9700万円、自己資本比率20%、ステージ=事業承継直後。,代表は中古売却可能と説明するが、査定根拠は未取得。,公共工事の受注残があり、機械稼働の見込みはある。,工期後の転用先と中古価格下落時の出口説明が弱い。,,,,,,,,,,,,,,,yes,,
1,CASE-JD-20260725-0348,demo_user_judgment_drill,2026-07-25,7,pending_user_judgment,IT設備刷新,情報通信業,事業承継直後,非メイン,50,新規先,0,24,サーバー・ネットワーク機器,24,7,顧客案件増加に伴う基盤増強,直近期売上335百万円、営業利益3600万円、借入金10600万円、自己資本比率24%、ステージ=事業承継直後。,保守契約と入替計画はあるが、解約時の転用価値は限定的。,継続契約が複数あり、粗利率は比較的高い。,技術陳腐化が早く、期間と経済的寿命の整合確認が必要。,,,,,,,,,,,,,,,yes,,
1,CASE-JD-20260725-0349,demo_user_judgment_drill,2026-07-25,7,pending_user_judgment,美容店舗拡張,生活関連サービス業,事業承継直後,メイン,80,新規先,0,30,美容機器,36,4,新メニュー開始,直近期売上370百万円、営業利益-800万円、借入金11500万円、自己資本比率30%、ステージ=事業承継直後。,機器は専門性が高く、撤退時の換金性に幅がある。,既存顧客があり、単価上昇の余地がある。,新メニュー売上は口頭見込み中心で、解約率・稼働率が未整理。,,,,,,,,,,,,,,,yes,,
1,CASE-JD-20260725-0350,demo_user_judgment_drill,2026-07-25,7,pending_user_judgment,農業設備,農業,事業承継直後,メイン,120,新規先,0,36,選果機,62,5,出荷能力向上,直近期売上405百万円、営業利益300万円、借入金12400万円、自己資本比率36%、ステージ=事業承継直後。,補助金と組合支援の説明はあるが、入金時期が未確定。,出荷先との取引は長く、季節需要も見込める。,収穫量・天候影響に左右され、年間資金繰りの波が大きい。,,,,,,,,,,,,,,,yes,,
1,CASE-JD-20260725-0351,demo_user_judgment_drill,2026-07-25,8,pending_user_judgment,補助金前提,製造業,安定黒字,メイン,180,既存先,5,8,CNC工作機械,62,6,老朽設備更新と増産対応,直近期売上440百万円、営業利益900万円、借入金13300万円、自己資本比率8%、ステージ=安定黒字。,社長は採択前提で説明しているが、銀行支援は口頭段階。,既存主力先からの受注残があり、設備必要性は明確。,補助金採択前にリース開始予定で、未採択時の資金繰り説明が弱い。,,,,,,,,,,,,,,,yes,,
1,CASE-JD-20260725-0352,demo_user_judgment_drill,2026-07-25,8,pending_user_judgment,新店舗計画,飲食業,安定黒字,非メイン,250,既存先,12,12,厨房設備一式,12,7,新店舗出店,直近期売上475百万円、営業利益1600万円、借入金2500万円、自己資本比率12%、ステージ=安定黒字。,立地評価は高いが、回転率・客単価・原価率の資料が薄い。,既存店舗は黒字で、代表に運営経験がある。,新店舗売上計画が既存店実績より強く、人員確保も未確定。,,,,,,,,,,,,,,,yes,,
1,CASE-JD-20260725-0353,demo_user_judgment_drill,2026-07-25,8,pending_user_judgment,増額更新,食品製造業,安定黒字,非メイン,0,既存先,18,16,包装ライン,24,4,既存設備更新,直近期売上510百万円、営業利益2400万円、借入金3400万円、自己資本比率16%、ステージ=安定黒字。,旧設備の廃棄費用・下取り可否が未確認。,故障頻度と停止時間が増え、更新合理性はある。,月額負担が上がる一方、改善効果がメーカー資料中心。,,,,,,,,,,,,,,,yes,,
1,CASE-JD-20260725-0354,demo_user_judgment_drill,2026-07-25,8,pending_user_judgment,新規契約前提,運送業,安定黒字,非メイン,20,既存先,25,20,大型トラック,36,5,新規荷主ルート対応,直近期売上545百万円、営業利益3600万円、借入金4300万円、自己資本比率20%、ステージ=安定黒字。,契約不成立時は既存業務に転用可能だが採算は下がる。,既存車両の稼働率は高く、返済履歴も良好。,荷主契約が内諾段階で、燃料費上昇時の採算余力が薄い。,,,,,,,,,,,,,,,yes,,
1,CASE-JD-20260725-0355,demo_user_judgment_drill,2026-07-25,8,pending_user_judgment,購入選択権,卸売業,安定黒字,メイン,35,既存先,40,24,フォークリフト,62,6,倉庫能力維持,直近期売上580百万円、営業利益-800万円、借入金5200万円、自己資本比率24%、ステージ=安定黒字。,使用時間が長く、バッテリー交換費用の負担確認が必要。,倉庫稼働は安定し、物件の必要性は明確。,購入選択権価格が低く、残価・満了後出口の説明が弱い。,,,,,,,,,,,,,,,yes,,
1,CASE-JD-20260725-0356,demo_user_judgment_drill,2026-07-25,8,pending_user_judgment,医療機器更新,医療・福祉,安定黒字,メイン,50,新規先,0,30,画像診断装置,12,7,診療能力維持と待ち時間短縮,直近期売上615百万円、営業利益300万円、借入金6100万円、自己資本比率30%、ステージ=安定黒字。,メーカー保守契約は提示済みだが、更新後の稼働計画は概算。,地域需要があり、既存患者基盤も安定している。,診療報酬改定や保守費用を織り込んだ採算表が不足。,,,,,,,,,,,,,,,yes,,
1,CASE-JD-20260725-0357,demo_user_judgment_drill,2026-07-25,8,pending_user_judgment,建機高稼働,建設業,安定黒字,メイン,80,新規先,0,36,油圧ショベル,24,4,受注現場対応,直近期売上650百万円、営業利益900万円、借入金7000万円、自己資本比率36%、ステージ=安定黒字。,代表は中古売却可能と説明するが、査定根拠は未取得。,公共工事の受注残があり、機械稼働の見込みはある。,工期後の転用先と中古価格下落時の出口説明が弱い。,,,,,,,,,,,,,,,yes,,
1,CASE-JD-20260725-0358,demo_user_judgment_drill,2026-07-25,8,pending_user_judgment,IT設備刷新,情報通信業,安定黒字,非メイン,120,新規先,0,8,サーバー・ネットワーク機器,36,5,顧客案件増加に伴う基盤増強,直近期売上90百万円、営業利益1600万円、借入金7900万円、自己資本比率8%、ステージ=安定黒字。,保守契約と入替計画はあるが、解約時の転用価値は限定的。,継続契約が複数あり、粗利率は比較的高い。,技術陳腐化が早く、期間と経済的寿命の整合確認が必要。,,,,,,,,,,,,,,,yes,,
1,CASE-JD-20260725-0359,demo_user_judgment_drill,2026-07-25,8,pending_user_judgment,美容店舗拡張,生活関連サービス業,安定黒字,非メイン,180,新規先,0,12,美容機器,62,6,新メニュー開始,直近期売上125百万円、営業利益2400万円、借入金8800万円、自己資本比率12%、ステージ=安定黒字。,機器は専門性が高く、撤退時の換金性に幅がある。,既存顧客があり、単価上昇の余地がある。,新メニュー売上は口頭見込み中心で、解約率・稼働率が未整理。,,,,,,,,,,,,,,,yes,,
1,CASE-JD-20260725-0360,demo_user_judgment_drill,2026-07-25,8,pending_user_judgment,農業設備,農業,安定黒字,非メイン,250,新規先,0,16,選果機,12,7,出荷能力向上,直近期売上160百万円、営業利益3600万円、借入金9700万円、自己資本比率16%、ステージ=安定黒字。,補助金と組合支援の説明はあるが、入金時期が未確定。,出荷先との取引は長く、季節需要も見込める。,収穫量・天候影響に左右され、年間資金繰りの波が大きい。,,,,,,,,,,,,,,,yes,,
1,CASE-JD-20260725-0361,demo_user_judgment_drill,2026-07-25,8,pending_user_judgment,補助金前提,製造業,低利益,メイン,0,既存先,25,20,CNC工作機械,12,4,老朽設備更新と増産対応,直近期売上195百万円、営業利益-800万円、借入金10600万円、自己資本比率20%、ステージ=低利益。,社長は採択前提で説明しているが、銀行支援は口頭段階。,既存主力先からの受注残があり、設備必要性は明確。,補助金採択前にリース開始予定で、未採択時の資金繰り説明が弱い。,,,,,,,,,,,,,,,yes,,
1,CASE-JD-20260725-0362,demo_user_judgment_drill,2026-07-25,8,pending_user_judgment,新店舗計画,飲食業,低利益,メイン,20,既存先,40,24,厨房設備一式,24,5,新店舗出店,直近期売上230百万円、営業利益300万円、借入金11500万円、自己資本比率24%、ステージ=低利益。,立地評価は高いが、回転率・客単価・原価率の資料が薄い。,既存店舗は黒字で、代表に運営経験がある。,新店舗売上計画が既存店実績より強く、人員確保も未確定。,,,,,,,,,,,,,,,yes,,
1,CASE-JD-20260725-0363,demo_user_judgment_drill,2026-07-25,8,pending_user_judgment,増額更新,食品製造業,低利益,メイン,35,既存先,60,30,包装ライン,36,6,既存設備更新,直近期売上265百万円、営業利益900万円、借入金12400万円、自己資本比率30%、ステージ=低利益。,旧設備の廃棄費用・下取り可否が未確認。,故障頻度と停止時間が増え、更新合理性はある。,月額負担が上がる一方、改善効果がメーカー資料中心。,,,,,,,,,,,,,,,yes,,
1,CASE-JD-20260725-0364,demo_user_judgment_drill,2026-07-25,8,pending_user_judgment,新規契約前提,運送業,低利益,非メイン,50,既存先,90,36,大型トラック,62,7,新規荷主ルート対応,直近期売上300百万円、営業利益1600万円、借入金13300万円、自己資本比率36%、ステージ=低利益。,契約不成立時は既存業務に転用可能だが採算は下がる。,既存車両の稼働率は高く、返済履歴も良好。,荷主契約が内諾段階で、燃料費上昇時の採算余力が薄い。,,,,,,,,,,,,,,,yes,,
1,CASE-JD-20260725-0365,demo_user_judgment_drill,2026-07-25,8,pending_user_judgment,購入選択権,卸売業,低利益,非メイン,80,既存先,5,8,フォークリフト,12,4,倉庫能力維持,直近期売上335百万円、営業利益2400万円、借入金2500万円、自己資本比率8%、ステージ=低利益。,使用時間が長く、バッテリー交換費用の負担確認が必要。,倉庫稼働は安定し、物件の必要性は明確。,購入選択権価格が低く、残価・満了後出口の説明が弱い。,,,,,,,,,,,,,,,yes,,
1,CASE-JD-20260725-0366,demo_user_judgment_drill,2026-07-25,8,pending_user_judgment,医療機器更新,医療・福祉,低利益,非メイン,120,新規先,0,12,画像診断装置,24,5,診療能力維持と待ち時間短縮,直近期売上370百万円、営業利益3600万円、借入金3400万円、自己資本比率12%、ステージ=低利益。,メーカー保守契約は提示済みだが、更新後の稼働計画は概算。,地域需要があり、既存患者基盤も安定している。,診療報酬改定や保守費用を織り込んだ採算表が不足。,,,,,,,,,,,,,,,yes,,
1,CASE-JD-20260725-0367,demo_user_judgment_drill,2026-07-25,8,pending_user_judgment,建機高稼働,建設業,低利益,メイン,180,新規先,0,16,油圧ショベル,36,6,受注現場対応,直近期売上405百万円、営業利益-800万円、借入金4300万円、自己資本比率16%、ステージ=低利益。,代表は中古売却可能と説明するが、査定根拠は未取得。,公共工事の受注残があり、機械稼働の見込みはある。,工期後の転用先と中古価格下落時の出口説明が弱い。,,,,,,,,,,,,,,,yes,,
1,CASE-JD-20260725-0368,demo_user_judgment_drill,2026-07-25,8,pending_user_judgment,IT設備刷新,情報通信業,低利益,メイン,250,新規先,0,20,サーバー・ネットワーク機器,62,7,顧客案件増加に伴う基盤増強,直近期売上440百万円、営業利益300万円、借入金5200万円、自己資本比率20%、ステージ=低利益。,保守契約と入替計画はあるが、解約時の転用価値は限定的。,継続契約が複数あり、粗利率は比較的高い。,技術陳腐化が早く、期間と経済的寿命の整合確認が必要。,,,,,,,,,,,,,,,yes,,
1,CASE-JD-20260725-0369,demo_user_judgment_drill,2026-07-25,8,pending_user_judgment,美容店舗拡張,生活関連サービス業,低利益,メイン,0,新規先,0,24,美容機器,12,4,新メニュー開始,直近期売上475百万円、営業利益900万円、借入金6100万円、自己資本比率24%、ステージ=低利益。,機器は専門性が高く、撤退時の換金性に幅がある。,既存顧客があり、単価上昇の余地がある。,新メニュー売上は口頭見込み中心で、解約率・稼働率が未整理。,,,,,,,,,,,,,,,yes,,
1,CASE-JD-20260725-0370,demo_user_judgment_drill,2026-07-25,8,pending_user_judgment,農業設備,農業,低利益,非メイン,20,新規先,0,30,選果機,24,5,出荷能力向上,直近期売上510百万円、営業利益1600万円、借入金7000万円、自己資本比率30%、ステージ=低利益。,補助金と組合支援の説明はあるが、入金時期が未確定。,出荷先との取引は長く、季節需要も見込める。,収穫量・天候影響に左右され、年間資金繰りの波が大きい。,,,,,,,,,,,,,,,yes,,
1,CASE-JD-20260725-0371,demo_user_judgment_drill,2026-07-25,8,pending_user_judgment,補助金前提,製造業,赤字改善中,非メイン,35,既存先,90,36,CNC工作機械,24,6,老朽設備更新と増産対応,直近期売上545百万円、営業利益2400万円、借入金7900万円、自己資本比率36%、ステージ=赤字改善中。,社長は採択前提で説明しているが、銀行支援は口頭段階。,既存主力先からの受注残があり、設備必要性は明確。,補助金採択前にリース開始予定で、未採択時の資金繰り説明が弱い。,,,,,,,,,,,,,,,yes,,
1,CASE-JD-20260725-0372,demo_user_judgment_drill,2026-07-25,8,pending_user_judgment,新店舗計画,飲食業,赤字改善中,非メイン,50,既存先,5,8,厨房設備一式,36,7,新店舗出店,直近期売上580百万円、営業利益3600万円、借入金8800万円、自己資本比率8%、ステージ=赤字改善中。,立地評価は高いが、回転率・客単価・原価率の資料が薄い。,既存店舗は黒字で、代表に運営経験がある。,新店舗売上計画が既存店実績より強く、人員確保も未確定。,,,,,,,,,,,,,,,yes,,
1,CASE-JD-20260725-0373,demo_user_judgment_drill,2026-07-25,8,pending_user_judgment,増額更新,食品製造業,赤字改善中,メイン,80,既存先,12,12,包装ライン,62,4,既存設備更新,直近期売上615百万円、営業利益-800万円、借入金9700万円、自己資本比率12%、ステージ=赤字改善中。,旧設備の廃棄費用・下取り可否が未確認。,故障頻度と停止時間が増え、更新合理性はある。,月額負担が上がる一方、改善効果がメーカー資料中心。,,,,,,,,,,,,,,,yes,,
1,CASE-JD-20260725-0374,demo_user_judgment_drill,2026-07-25,8,pending_user_judgment,新規契約前提,運送業,赤字改善中,メイン,120,既存先,18,16,大型トラック,12,5,新規荷主ルート対応,直近期売上650百万円、営業利益300万円、借入金10600万円、自己資本比率16%、ステージ=赤字改善中。,契約不成立時は既存業務に転用可能だが採算は下がる。,既存車両の稼働率は高く、返済履歴も良好。,荷主契約が内諾段階で、燃料費上昇時の採算余力が薄い。,,,,,,,,,,,,,,,yes,,
1,CASE-JD-20260725-0375,demo_user_judgment_drill,2026-07-25,8,pending_user_judgment,購入選択権,卸売業,赤字改善中,メイン,180,既存先,25,20,フォークリフト,24,6,倉庫能力維持,直近期売上90百万円、営業利益900万円、借入金11500万円、自己資本比率20%、ステージ=赤字改善中。,使用時間が長く、バッテリー交換費用の負担確認が必要。,倉庫稼働は安定し、物件の必要性は明確。,購入選択権価格が低く、残価・満了後出口の説明が弱い。,,,,,,,,,,,,,,,yes,,
1,CASE-JD-20260725-0376,demo_user_judgment_drill,2026-07-25,8,pending_user_judgment,医療機器更新,医療・福祉,赤字改善中,非メイン,250,新規先,0,24,画像診断装置,36,7,診療能力維持と待ち時間短縮,直近期売上125百万円、営業利益1600万円、借入金12400万円、自己資本比率24%、ステージ=赤字改善中。,メーカー保守契約は提示済みだが、更新後の稼働計画は概算。,地域需要があり、既存患者基盤も安定している。,診療報酬改定や保守費用を織り込んだ採算表が不足。,,,,,,,,,,,,,,,yes,,
1,CASE-JD-20260725-0377,demo_user_judgment_drill,2026-07-25,8,pending_user_judgment,建機高稼働,建設業,赤字改善中,非メイン,0,新規先,0,30,油圧ショベル,62,4,受注現場対応,直近期売上160百万円、営業利益2400万円、借入金13300万円、自己資本比率30%、ステージ=赤字改善中。,代表は中古売却可能と説明するが、査定根拠は未取得。,公共工事の受注残があり、機械稼働の見込みはある。,工期後の転用先と中古価格下落時の出口説明が弱い。,,,,,,,,,,,,,,,yes,,
1,CASE-JD-20260725-0378,demo_user_judgment_drill,2026-07-25,8,pending_user_judgment,IT設備刷新,情報通信業,赤字改善中,非メイン,20,新規先,0,36,サーバー・ネットワーク機器,12,5,顧客案件増加に伴う基盤増強,直近期売上195百万円、営業利益3600万円、借入金2500万円、自己資本比率36%、ステージ=赤字改善中。,保守契約と入替計画はあるが、解約時の転用価値は限定的。,継続契約が複数あり、粗利率は比較的高い。,技術陳腐化が早く、期間と経済的寿命の整合確認が必要。,,,,,,,,,,,,,,,yes,,
1,CASE-JD-20260725-0379,demo_user_judgment_drill,2026-07-25,8,pending_user_judgment,美容店舗拡張,生活関連サービス業,赤字改善中,メイン,35,新規先,0,8,美容機器,24,6,新メニュー開始,直近期売上230百万円、営業利益-800万円、借入金3400万円、自己資本比率8%、ステージ=赤字改善中。,機器は専門性が高く、撤退時の換金性に幅がある。,既存顧客があり、単価上昇の余地がある。,新メニュー売上は口頭見込み中心で、解約率・稼働率が未整理。,,,,,,,,,,,,,,,yes,,
1,CASE-JD-20260725-0380,demo_user_judgment_drill,2026-07-25,8,pending_user_judgment,農業設備,農業,赤字改善中,メイン,50,新規先,0,12,選果機,36,7,出荷能力向上,直近期売上265百万円、営業利益300万円、借入金4300万円、自己資本比率12%、ステージ=赤字改善中。,補助金と組合支援の説明はあるが、入金時期が未確定。,出荷先との取引は長く、季節需要も見込める。,収穫量・天候影響に左右され、年間資金繰りの波が大きい。,,,,,,,,,,,,,,,yes,,
1,CASE-JD-20260725-0381,demo_user_judgment_drill,2026-07-25,8,pending_user_judgment,補助金前提,製造業,急成長,メイン,80,既存先,18,16,CNC工作機械,36,4,老朽設備更新と増産対応,直近期売上300百万円、営業利益900万円、借入金5200万円、自己資本比率16%、ステージ=急成長。,社長は採択前提で説明しているが、銀行支援は口頭段階。,既存主力先からの受注残があり、設備必要性は明確。,補助金採択前にリース開始予定で、未採択時の資金繰り説明が弱い。,,,,,,,,,,,,,,,yes,,
1,CASE-JD-20260725-0382,demo_user_judgment_drill,2026-07-25,8,pending_user_judgment,新店舗計画,飲食業,急成長,非メイン,120,既存先,25,20,厨房設備一式,62,5,新店舗出店,直近期売上335百万円、営業利益1600万円、借入金6100万円、自己資本比率20%、ステージ=急成長。,立地評価は高いが、回転率・客単価・原価率の資料が薄い。,既存店舗は黒字で、代表に運営経験がある。,新店舗売上計画が既存店実績より強く、人員確保も未確定。,,,,,,,,,,,,,,,yes,,
1,CASE-JD-20260725-0383,demo_user_judgment_drill,2026-07-25,8,pending_user_judgment,増額更新,食品製造業,急成長,非メイン,180,既存先,40,24,包装ライン,12,6,既存設備更新,直近期売上370百万円、営業利益2400万円、借入金7000万円、自己資本比率24%、ステージ=急成長。,旧設備の廃棄費用・下取り可否が未確認。,故障頻度と停止時間が増え、更新合理性はある。,月額負担が上がる一方、改善効果がメーカー資料中心。,,,,,,,,,,,,,,,yes,,
1,CASE-JD-20260725-0384,demo_user_judgment_drill,2026-07-25,8,pending_user_judgment,新規契約前提,運送業,急成長,非メイン,250,既存先,60,30,大型トラック,24,7,新規荷主ルート対応,直近期売上405百万円、営業利益3600万円、借入金7900万円、自己資本比率30%、ステージ=急成長。,契約不成立時は既存業務に転用可能だが採算は下がる。,既存車両の稼働率は高く、返済履歴も良好。,荷主契約が内諾段階で、燃料費上昇時の採算余力が薄い。,,,,,,,,,,,,,,,yes,,
1,CASE-JD-20260725-0385,demo_user_judgment_drill,2026-07-25,8,pending_user_judgment,購入選択権,卸売業,急成長,メイン,0,既存先,90,36,フォークリフト,36,4,倉庫能力維持,直近期売上440百万円、営業利益-800万円、借入金8800万円、自己資本比率36%、ステージ=急成長。,使用時間が長く、バッテリー交換費用の負担確認が必要。,倉庫稼働は安定し、物件の必要性は明確。,購入選択権価格が低く、残価・満了後出口の説明が弱い。,,,,,,,,,,,,,,,yes,,
1,CASE-JD-20260725-0386,demo_user_judgment_drill,2026-07-25,8,pending_user_judgment,医療機器更新,医療・福祉,急成長,メイン,20,新規先,0,8,画像診断装置,62,5,診療能力維持と待ち時間短縮,直近期売上475百万円、営業利益300万円、借入金9700万円、自己資本比率8%、ステージ=急成長。,メーカー保守契約は提示済みだが、更新後の稼働計画は概算。,地域需要があり、既存患者基盤も安定している。,診療報酬改定や保守費用を織り込んだ採算表が不足。,,,,,,,,,,,,,,,yes,,
1,CASE-JD-20260725-0387,demo_user_judgment_drill,2026-07-25,8,pending_user_judgment,建機高稼働,建設業,急成長,メイン,35,新規先,0,12,油圧ショベル,12,6,受注現場対応,直近期売上510百万円、営業利益900万円、借入金10600万円、自己資本比率12%、ステージ=急成長。,代表は中古売却可能と説明するが、査定根拠は未取得。,公共工事の受注残があり、機械稼働の見込みはある。,工期後の転用先と中古価格下落時の出口説明が弱い。,,,,,,,,,,,,,,,yes,,
1,CASE-JD-20260725-0388,demo_user_judgment_drill,2026-07-25,8,pending_user_judgment,IT設備刷新,情報通信業,急成長,非メイン,50,新規先,0,16,サーバー・ネットワーク機器,24,7,顧客案件増加に伴う基盤増強,直近期売上545百万円、営業利益1600万円、借入金11500万円、自己資本比率16%、ステージ=急成長。,保守契約と入替計画はあるが、解約時の転用価値は限定的。,継続契約が複数あり、粗利率は比較的高い。,技術陳腐化が早く、期間と経済的寿命の整合確認が必要。,,,,,,,,,,,,,,,yes,,
1,CASE-JD-20260725-0389,demo_user_judgment_drill,2026-07-25,8,pending_user_judgment,美容店舗拡張,生活関連サービス業,急成長,非メイン,80,新規先,0,20,美容機器,36,4,新メニュー開始,直近期売上580百万円、営業利益2400万円、借入金12400万円、自己資本比率20%、ステージ=急成長。,機器は専門性が高く、撤退時の換金性に幅がある。,既存顧客があり、単価上昇の余地がある。,新メニュー売上は口頭見込み中心で、解約率・稼働率が未整理。,,,,,,,,,,,,,,,yes,,
1,CASE-JD-20260725-0390,demo_user_judgment_drill,2026-07-25,8,pending_user_judgment,農業設備,農業,急成長,非メイン,120,新規先,0,24,選果機,62,5,出荷能力向上,直近期売上615百万円、営業利益3600万円、借入金13300万円、自己資本比率24%、ステージ=急成長。,補助金と組合支援の説明はあるが、入金時期が未確定。,出荷先との取引は長く、季節需要も見込める。,収穫量・天候影響に左右され、年間資金繰りの波が大きい。,,,,,,,,,,,,,,,yes,,
1,CASE-JD-20260725-0391,demo_user_judgment_drill,2026-07-25,8,pending_user_judgment,補助金前提,製造業,事業承継直後,メイン,180,既存先,60,30,CNC工作機械,62,6,老朽設備更新と増産対応,直近期売上650百万円、営業利益-800万円、借入金2500万円、自己資本比率30%、ステージ=事業承継直後。,社長は採択前提で説明しているが、銀行支援は口頭段階。,既存主力先からの受注残があり、設備必要性は明確。,補助金採択前にリース開始予定で、未採択時の資金繰り説明が弱い。,,,,,,,,,,,,,,,yes,,
1,CASE-JD-20260725-0392,demo_user_judgment_drill,2026-07-25,8,pending_user_judgment,新店舗計画,飲食業,事業承継直後,メイン,250,既存先,90,36,厨房設備一式,12,7,新店舗出店,直近期売上90百万円、営業利益300万円、借入金3400万円、自己資本比率36%、ステージ=事業承継直後。,立地評価は高いが、回転率・客単価・原価率の資料が薄い。,既存店舗は黒字で、代表に運営経験がある。,新店舗売上計画が既存店実績より強く、人員確保も未確定。,,,,,,,,,,,,,,,yes,,
1,CASE-JD-20260725-0393,demo_user_judgment_drill,2026-07-25,8,pending_user_judgment,増額更新,食品製造業,事業承継直後,メイン,0,既存先,5,8,包装ライン,24,4,既存設備更新,直近期売上125百万円、営業利益900万円、借入金4300万円、自己資本比率8%、ステージ=事業承継直後。,旧設備の廃棄費用・下取り可否が未確認。,故障頻度と停止時間が増え、更新合理性はある。,月額負担が上がる一方、改善効果がメーカー資料中心。,,,,,,,,,,,,,,,yes,,
1,CASE-JD-20260725-0394,demo_user_judgment_drill,2026-07-25,8,pending_user_judgment,新規契約前提,運送業,事業承継直後,非メイン,20,既存先,12,12,大型トラック,36,5,新規荷主ルート対応,直近期売上160百万円、営業利益1600万円、借入金5200万円、自己資本比率12%、ステージ=事業承継直後。,契約不成立時は既存業務に転用可能だが採算は下がる。,既存車両の稼働率は高く、返済履歴も良好。,荷主契約が内諾段階で、燃料費上昇時の採算余力が薄い。,,,,,,,,,,,,,,,yes,,
1,CASE-JD-20260725-0395,demo_user_judgment_drill,2026-07-25,8,pending_user_judgment,購入選択権,卸売業,事業承継直後,非メイン,35,既存先,18,16,フォークリフト,62,6,倉庫能力維持,直近期売上195百万円、営業利益2400万円、借入金6100万円、自己資本比率16%、ステージ=事業承継直後。,使用時間が長く、バッテリー交換費用の負担確認が必要。,倉庫稼働は安定し、物件の必要性は明確。,購入選択権価格が低く、残価・満了後出口の説明が弱い。,,,,,,,,,,,,,,,yes,,
1,CASE-JD-20260725-0396,demo_user_judgment_drill,2026-07-25,8,pending_user_judgment,医療機器更新,医療・福祉,事業承継直後,非メイン,50,新規先,0,20,画像診断装置,12,7,診療能力維持と待ち時間短縮,直近期売上230百万円、営業利益3600万円、借入金7000万円、自己資本比率20%、ステージ=事業承継直後。,メーカー保守契約は提示済みだが、更新後の稼働計画は概算。,地域需要があり、既存患者基盤も安定している。,診療報酬改定や保守費用を織り込んだ採算表が不足。,,,,,,,,,,,,,,,yes,,
1,CASE-JD-20260725-0397,demo_user_judgment_drill,2026-07-25,8,pending_user_judgment,建機高稼働,建設業,事業承継直後,メイン,80,新規先,0,24,油圧ショベル,24,4,受注現場対応,直近期売上265百万円、営業利益-800万円、借入金7900万円、自己資本比率24%、ステージ=事業承継直後。,代表は中古売却可能と説明するが、査定根拠は未取得。,公共工事の受注残があり、機械稼働の見込みはある。,工期後の転用先と中古価格下落時の出口説明が弱い。,,,,,,,,,,,,,,,yes,,
1,CASE-JD-20260725-0398,demo_user_judgment_drill,2026-07-25,8,pending_user_judgment,IT設備刷新,情報通信業,事業承継直後,メイン,120,新規先,0,30,サーバー・ネットワーク機器,36,5,顧客案件増加に伴う基盤増強,直近期売上300百万円、営業利益300万円、借入金8800万円、自己資本比率30%、ステージ=事業承継直後。,保守契約と入替計画はあるが、解約時の転用価値は限定的。,継続契約が複数あり、粗利率は比較的高い。,技術陳腐化が早く、期間と経済的寿命の整合確認が必要。,,,,,,,,,,,,,,,yes,,
1,CASE-JD-20260725-0399,demo_user_judgment_drill,2026-07-25,8,pending_user_judgment,美容店舗拡張,生活関連サービス業,事業承継直後,メイン,180,新規先,0,36,美容機器,62,6,新メニュー開始,直近期売上335百万円、営業利益900万円、借入金9700万円、自己資本比率36%、ステージ=事業承継直後。,機器は専門性が高く、撤退時の換金性に幅がある。,既存顧客があり、単価上昇の余地がある。,新メニュー売上は口頭見込み中心で、解約率・稼働率が未整理。,,,,,,,,,,,,,,,yes,,
1,CASE-JD-20260725-0400,demo_user_judgment_drill,2026-07-25,8,pending_user_judgment,農業設備,農業,事業承継直後,非メイン,250,新規先,0,8,選果機,12,7,出荷能力向上,直近期売上370百万円、営業利益1600万円、借入金10600万円、自己資本比率8%、ステージ=事業承継直後。,補助金と組合支援の説明はあるが、入金時期が未確定。,出荷先との取引は長く、季節需要も見込める。,収穫量・天候影響に左右され、年間資金繰りの波が大きい。,,,,,,,,,,,,,,,yes,,
1,CASE-JD-20260725-0401,demo_user_judgment_drill,2026-07-25,9,pending_user_judgment,補助金前提,製造業,安定黒字,非メイン,0,既存先,12,12,CNC工作機械,12,4,老朽設備更新と増産対応,直近期売上405百万円、営業利益2400万円、借入金11500万円、自己資本比率12%、ステージ=安定黒字。,社長は採択前提で説明しているが、銀行支援は口頭段階。,既存主力先からの受注残があり、設備必要性は明確。,補助金採択前にリース開始予定で、未採択時の資金繰り説明が弱い。,,,,,,,,,,,,,,,yes,,
1,CASE-JD-20260725-0402,demo_user_judgment_drill,2026-07-25,9,pending_user_judgment,新店舗計画,飲食業,安定黒字,非メイン,20,既存先,18,16,厨房設備一式,24,5,新店舗出店,直近期売上440百万円、営業利益3600万円、借入金12400万円、自己資本比率16%、ステージ=安定黒字。,立地評価は高いが、回転率・客単価・原価率の資料が薄い。,既存店舗は黒字で、代表に運営経験がある。,新店舗売上計画が既存店実績より強く、人員確保も未確定。,,,,,,,,,,,,,,,yes,,
1,CASE-JD-20260725-0403,demo_user_judgment_drill,2026-07-25,9,pending_user_judgment,増額更新,食品製造業,安定黒字,メイン,35,既存先,25,20,包装ライン,36,6,既存設備更新,直近期売上475百万円、営業利益-800万円、借入金13300万円、自己資本比率20%、ステージ=安定黒字。,旧設備の廃棄費用・下取り可否が未確認。,故障頻度と停止時間が増え、更新合理性はある。,月額負担が上がる一方、改善効果がメーカー資料中心。,,,,,,,,,,,,,,,yes,,
1,CASE-JD-20260725-0404,demo_user_judgment_drill,2026-07-25,9,pending_user_judgment,新規契約前提,運送業,安定黒字,メイン,50,既存先,40,24,大型トラック,62,7,新規荷主ルート対応,直近期売上510百万円、営業利益300万円、借入金2500万円、自己資本比率24%、ステージ=安定黒字。,契約不成立時は既存業務に転用可能だが採算は下がる。,既存車両の稼働率は高く、返済履歴も良好。,荷主契約が内諾段階で、燃料費上昇時の採算余力が薄い。,,,,,,,,,,,,,,,yes,,
1,CASE-JD-20260725-0405,demo_user_judgment_drill,2026-07-25,9,pending_user_judgment,購入選択権,卸売業,安定黒字,メイン,80,既存先,60,30,フォークリフト,12,4,倉庫能力維持,直近期売上545百万円、営業利益900万円、借入金3400万円、自己資本比率30%、ステージ=安定黒字。,使用時間が長く、バッテリー交換費用の負担確認が必要。,倉庫稼働は安定し、物件の必要性は明確。,購入選択権価格が低く、残価・満了後出口の説明が弱い。,,,,,,,,,,,,,,,yes,,
1,CASE-JD-20260725-0406,demo_user_judgment_drill,2026-07-25,9,pending_user_judgment,医療機器更新,医療・福祉,安定黒字,非メイン,120,新規先,0,36,画像診断装置,24,5,診療能力維持と待ち時間短縮,直近期売上580百万円、営業利益1600万円、借入金4300万円、自己資本比率36%、ステージ=安定黒字。,メーカー保守契約は提示済みだが、更新後の稼働計画は概算。,地域需要があり、既存患者基盤も安定している。,診療報酬改定や保守費用を織り込んだ採算表が不足。,,,,,,,,,,,,,,,yes,,
1,CASE-JD-20260725-0407,demo_user_judgment_drill,2026-07-25,9,pending_user_judgment,建機高稼働,建設業,安定黒字,非メイン,180,新規先,0,8,油圧ショベル,36,6,受注現場対応,直近期売上615百万円、営業利益2400万円、借入金5200万円、自己資本比率8%、ステージ=安定黒字。,代表は中古売却可能と説明するが、査定根拠は未取得。,公共工事の受注残があり、機械稼働の見込みはある。,工期後の転用先と中古価格下落時の出口説明が弱い。,,,,,,,,,,,,,,,yes,,
1,CASE-JD-20260725-0408,demo_user_judgment_drill,2026-07-25,9,pending_user_judgment,IT設備刷新,情報通信業,安定黒字,非メイン,250,新規先,0,12,サーバー・ネットワーク機器,62,7,顧客案件増加に伴う基盤増強,直近期売上650百万円、営業利益3600万円、借入金6100万円、自己資本比率12%、ステージ=安定黒字。,保守契約と入替計画はあるが、解約時の転用価値は限定的。,継続契約が複数あり、粗利率は比較的高い。,技術陳腐化が早く、期間と経済的寿命の整合確認が必要。,,,,,,,,,,,,,,,yes,,
1,CASE-JD-20260725-0409,demo_user_judgment_drill,2026-07-25,9,pending_user_judgment,美容店舗拡張,生活関連サービス業,安定黒字,メイン,0,新規先,0,16,美容機器,12,4,新メニュー開始,直近期売上90百万円、営業利益-800万円、借入金7000万円、自己資本比率16%、ステージ=安定黒字。,機器は専門性が高く、撤退時の換金性に幅がある。,既存顧客があり、単価上昇の余地がある。,新メニュー売上は口頭見込み中心で、解約率・稼働率が未整理。,,,,,,,,,,,,,,,yes,,
1,CASE-JD-20260725-0410,demo_user_judgment_drill,2026-07-25,9,pending_user_judgment,農業設備,農業,安定黒字,メイン,20,新規先,0,20,選果機,24,5,出荷能力向上,直近期売上125百万円、営業利益300万円、借入金7900万円、自己資本比率20%、ステージ=安定黒字。,補助金と組合支援の説明はあるが、入金時期が未確定。,出荷先との取引は長く、季節需要も見込める。,収穫量・天候影響に左右され、年間資金繰りの波が大きい。,,,,,,,,,,,,,,,yes,,
1,CASE-JD-20260725-0411,demo_user_judgment_drill,2026-07-25,9,pending_user_judgment,補助金前提,製造業,低利益,メイン,35,既存先,40,24,CNC工作機械,24,6,老朽設備更新と増産対応,直近期売上160百万円、営業利益900万円、借入金8800万円、自己資本比率24%、ステージ=低利益。,社長は採択前提で説明しているが、銀行支援は口頭段階。,既存主力先からの受注残があり、設備必要性は明確。,補助金採択前にリース開始予定で、未採択時の資金繰り説明が弱い。,,,,,,,,,,,,,,,yes,,
1,CASE-JD-20260725-0412,demo_user_judgment_drill,2026-07-25,9,pending_user_judgment,新店舗計画,飲食業,低利益,非メイン,50,既存先,60,30,厨房設備一式,36,7,新店舗出店,直近期売上195百万円、営業利益1600万円、借入金9700万円、自己資本比率30%、ステージ=低利益。,立地評価は高いが、回転率・客単価・原価率の資料が薄い。,既存店舗は黒字で、代表に運営経験がある。,新店舗売上計画が既存店実績より強く、人員確保も未確定。,,,,,,,,,,,,,,,yes,,
1,CASE-JD-20260725-0413,demo_user_judgment_drill,2026-07-25,9,pending_user_judgment,増額更新,食品製造業,低利益,非メイン,80,既存先,90,36,包装ライン,62,4,既存設備更新,直近期売上230百万円、営業利益2400万円、借入金10600万円、自己資本比率36%、ステージ=低利益。,旧設備の廃棄費用・下取り可否が未確認。,故障頻度と停止時間が増え、更新合理性はある。,月額負担が上がる一方、改善効果がメーカー資料中心。,,,,,,,,,,,,,,,yes,,
1,CASE-JD-20260725-0414,demo_user_judgment_drill,2026-07-25,9,pending_user_judgment,新規契約前提,運送業,低利益,非メイン,120,既存先,5,8,大型トラック,12,5,新規荷主ルート対応,直近期売上265百万円、営業利益3600万円、借入金11500万円、自己資本比率8%、ステージ=低利益。,契約不成立時は既存業務に転用可能だが採算は下がる。,既存車両の稼働率は高く、返済履歴も良好。,荷主契約が内諾段階で、燃料費上昇時の採算余力が薄い。,,,,,,,,,,,,,,,yes,,
1,CASE-JD-20260725-0415,demo_user_judgment_drill,2026-07-25,9,pending_user_judgment,購入選択権,卸売業,低利益,メイン,180,既存先,12,12,フォークリフト,24,6,倉庫能力維持,直近期売上300百万円、営業利益-800万円、借入金12400万円、自己資本比率12%、ステージ=低利益。,使用時間が長く、バッテリー交換費用の負担確認が必要。,倉庫稼働は安定し、物件の必要性は明確。,購入選択権価格が低く、残価・満了後出口の説明が弱い。,,,,,,,,,,,,,,,yes,,
1,CASE-JD-20260725-0416,demo_user_judgment_drill,2026-07-25,9,pending_user_judgment,医療機器更新,医療・福祉,低利益,メイン,250,新規先,0,16,画像診断装置,36,7,診療能力維持と待ち時間短縮,直近期売上335百万円、営業利益300万円、借入金13300万円、自己資本比率16%、ステージ=低利益。,メーカー保守契約は提示済みだが、更新後の稼働計画は概算。,地域需要があり、既存患者基盤も安定している。,診療報酬改定や保守費用を織り込んだ採算表が不足。,,,,,,,,,,,,,,,yes,,
1,CASE-JD-20260725-0417,demo_user_judgment_drill,2026-07-25,9,pending_user_judgment,建機高稼働,建設業,低利益,メイン,0,新規先,0,20,油圧ショベル,62,4,受注現場対応,直近期売上370百万円、営業利益900万円、借入金2500万円、自己資本比率20%、ステージ=低利益。,代表は中古売却可能と説明するが、査定根拠は未取得。,公共工事の受注残があり、機械稼働の見込みはある。,工期後の転用先と中古価格下落時の出口説明が弱い。,,,,,,,,,,,,,,,yes,,
1,CASE-JD-20260725-0418,demo_user_judgment_drill,2026-07-25,9,pending_user_judgment,IT設備刷新,情報通信業,低利益,非メイン,20,新規先,0,24,サーバー・ネットワーク機器,12,5,顧客案件増加に伴う基盤増強,直近期売上405百万円、営業利益1600万円、借入金3400万円、自己資本比率24%、ステージ=低利益。,保守契約と入替計画はあるが、解約時の転用価値は限定的。,継続契約が複数あり、粗利率は比較的高い。,技術陳腐化が早く、期間と経済的寿命の整合確認が必要。,,,,,,,,,,,,,,,yes,,
1,CASE-JD-20260725-0419,demo_user_judgment_drill,2026-07-25,9,pending_user_judgment,美容店舗拡張,生活関連サービス業,低利益,非メイン,35,新規先,0,30,美容機器,24,6,新メニュー開始,直近期売上440百万円、営業利益2400万円、借入金4300万円、自己資本比率30%、ステージ=低利益。,機器は専門性が高く、撤退時の換金性に幅がある。,既存顧客があり、単価上昇の余地がある。,新メニュー売上は口頭見込み中心で、解約率・稼働率が未整理。,,,,,,,,,,,,,,,yes,,
1,CASE-JD-20260725-0420,demo_user_judgment_drill,2026-07-25,9,pending_user_judgment,農業設備,農業,低利益,非メイン,50,新規先,0,36,選果機,36,7,出荷能力向上,直近期売上475百万円、営業利益3600万円、借入金5200万円、自己資本比率36%、ステージ=低利益。,補助金と組合支援の説明はあるが、入金時期が未確定。,出荷先との取引は長く、季節需要も見込める。,収穫量・天候影響に左右され、年間資金繰りの波が大きい。,,,,,,,,,,,,,,,yes,,
1,CASE-JD-20260725-0421,demo_user_judgment_drill,2026-07-25,9,pending_user_judgment,補助金前提,製造業,赤字改善中,メイン,80,既存先,5,8,CNC工作機械,36,4,老朽設備更新と増産対応,直近期売上510百万円、営業利益-800万円、借入金6100万円、自己資本比率8%、ステージ=赤字改善中。,社長は採択前提で説明しているが、銀行支援は口頭段階。,既存主力先からの受注残があり、設備必要性は明確。,補助金採択前にリース開始予定で、未採択時の資金繰り説明が弱い。,,,,,,,,,,,,,,,yes,,
1,CASE-JD-20260725-0422,demo_user_judgment_drill,2026-07-25,9,pending_user_judgment,新店舗計画,飲食業,赤字改善中,メイン,120,既存先,12,12,厨房設備一式,62,5,新店舗出店,直近期売上545百万円、営業利益300万円、借入金7000万円、自己資本比率12%、ステージ=赤字改善中。,立地評価は高いが、回転率・客単価・原価率の資料が薄い。,既存店舗は黒字で、代表に運営経験がある。,新店舗売上計画が既存店実績より強く、人員確保も未確定。,,,,,,,,,,,,,,,yes,,
1,CASE-JD-20260725-0423,demo_user_judgment_drill,2026-07-25,9,pending_user_judgment,増額更新,食品製造業,赤字改善中,メイン,180,既存先,18,16,包装ライン,12,6,既存設備更新,直近期売上580百万円、営業利益900万円、借入金7900万円、自己資本比率16%、ステージ=赤字改善中。,旧設備の廃棄費用・下取り可否が未確認。,故障頻度と停止時間が増え、更新合理性はある。,月額負担が上がる一方、改善効果がメーカー資料中心。,,,,,,,,,,,,,,,yes,,
1,CASE-JD-20260725-0424,demo_user_judgment_drill,2026-07-25,9,pending_user_judgment,新規契約前提,運送業,赤字改善中,非メイン,250,既存先,25,20,大型トラック,24,7,新規荷主ルート対応,直近期売上615百万円、営業利益1600万円、借入金8800万円、自己資本比率20%、ステージ=赤字改善中。,契約不成立時は既存業務に転用可能だが採算は下がる。,既存車両の稼働率は高く、返済履歴も良好。,荷主契約が内諾段階で、燃料費上昇時の採算余力が薄い。,,,,,,,,,,,,,,,yes,,
1,CASE-JD-20260725-0425,demo_user_judgment_drill,2026-07-25,9,pending_user_judgment,購入選択権,卸売業,赤字改善中,非メイン,0,既存先,40,24,フォークリフト,36,4,倉庫能力維持,直近期売上650百万円、営業利益2400万円、借入金9700万円、自己資本比率24%、ステージ=赤字改善中。,使用時間が長く、バッテリー交換費用の負担確認が必要。,倉庫稼働は安定し、物件の必要性は明確。,購入選択権価格が低く、残価・満了後出口の説明が弱い。,,,,,,,,,,,,,,,yes,,
1,CASE-JD-20260725-0426,demo_user_judgment_drill,2026-07-25,9,pending_user_judgment,医療機器更新,医療・福祉,赤字改善中,非メイン,20,新規先,0,30,画像診断装置,62,5,診療能力維持と待ち時間短縮,直近期売上90百万円、営業利益3600万円、借入金10600万円、自己資本比率30%、ステージ=赤字改善中。,メーカー保守契約は提示済みだが、更新後の稼働計画は概算。,地域需要があり、既存患者基盤も安定している。,診療報酬改定や保守費用を織り込んだ採算表が不足。,,,,,,,,,,,,,,,yes,,
1,CASE-JD-20260725-0427,demo_user_judgment_drill,2026-07-25,9,pending_user_judgment,建機高稼働,建設業,赤字改善中,メイン,35,新規先,0,36,油圧ショベル,12,6,受注現場対応,直近期売上125百万円、営業利益-800万円、借入金11500万円、自己資本比率36%、ステージ=赤字改善中。,代表は中古売却可能と説明するが、査定根拠は未取得。,公共工事の受注残があり、機械稼働の見込みはある。,工期後の転用先と中古価格下落時の出口説明が弱い。,,,,,,,,,,,,,,,yes,,
1,CASE-JD-20260725-0428,demo_user_judgment_drill,2026-07-25,9,pending_user_judgment,IT設備刷新,情報通信業,赤字改善中,メイン,50,新規先,0,8,サーバー・ネットワーク機器,24,7,顧客案件増加に伴う基盤増強,直近期売上160百万円、営業利益300万円、借入金12400万円、自己資本比率8%、ステージ=赤字改善中。,保守契約と入替計画はあるが、解約時の転用価値は限定的。,継続契約が複数あり、粗利率は比較的高い。,技術陳腐化が早く、期間と経済的寿命の整合確認が必要。,,,,,,,,,,,,,,,yes,,
1,CASE-JD-20260725-0429,demo_user_judgment_drill,2026-07-25,9,pending_user_judgment,美容店舗拡張,生活関連サービス業,赤字改善中,メイン,80,新規先,0,12,美容機器,36,4,新メニュー開始,直近期売上195百万円、営業利益900万円、借入金13300万円、自己資本比率12%、ステージ=赤字改善中。,機器は専門性が高く、撤退時の換金性に幅がある。,既存顧客があり、単価上昇の余地がある。,新メニュー売上は口頭見込み中心で、解約率・稼働率が未整理。,,,,,,,,,,,,,,,yes,,
1,CASE-JD-20260725-0430,demo_user_judgment_drill,2026-07-25,9,pending_user_judgment,農業設備,農業,赤字改善中,非メイン,120,新規先,0,16,選果機,62,5,出荷能力向上,直近期売上230百万円、営業利益1600万円、借入金2500万円、自己資本比率16%、ステージ=赤字改善中。,補助金と組合支援の説明はあるが、入金時期が未確定。,出荷先との取引は長く、季節需要も見込める。,収穫量・天候影響に左右され、年間資金繰りの波が大きい。,,,,,,,,,,,,,,,yes,,
1,CASE-JD-20260725-0431,demo_user_judgment_drill,2026-07-25,9,pending_user_judgment,補助金前提,製造業,急成長,非メイン,180,既存先,25,20,CNC工作機械,62,6,老朽設備更新と増産対応,直近期売上265百万円、営業利益2400万円、借入金3400万円、自己資本比率20%、ステージ=急成長。,社長は採択前提で説明しているが、銀行支援は口頭段階。,既存主力先からの受注残があり、設備必要性は明確。,補助金採択前にリース開始予定で、未採択時の資金繰り説明が弱い。,,,,,,,,,,,,,,,yes,,
1,CASE-JD-20260725-0432,demo_user_judgment_drill,2026-07-25,9,pending_user_judgment,新店舗計画,飲食業,急成長,非メイン,250,既存先,40,24,厨房設備一式,12,7,新店舗出店,直近期売上300百万円、営業利益3600万円、借入金4300万円、自己資本比率24%、ステージ=急成長。,立地評価は高いが、回転率・客単価・原価率の資料が薄い。,既存店舗は黒字で、代表に運営経験がある。,新店舗売上計画が既存店実績より強く、人員確保も未確定。,,,,,,,,,,,,,,,yes,,
1,CASE-JD-20260725-0433,demo_user_judgment_drill,2026-07-25,9,pending_user_judgment,増額更新,食品製造業,急成長,メイン,0,既存先,60,30,包装ライン,24,4,既存設備更新,直近期売上335百万円、営業利益-800万円、借入金5200万円、自己資本比率30%、ステージ=急成長。,旧設備の廃棄費用・下取り可否が未確認。,故障頻度と停止時間が増え、更新合理性はある。,月額負担が上がる一方、改善効果がメーカー資料中心。,,,,,,,,,,,,,,,yes,,
1,CASE-JD-20260725-0434,demo_user_judgment_drill,2026-07-25,9,pending_user_judgment,新規契約前提,運送業,急成長,メイン,20,既存先,90,36,大型トラック,36,5,新規荷主ルート対応,直近期売上370百万円、営業利益300万円、借入金6100万円、自己資本比率36%、ステージ=急成長。,契約不成立時は既存業務に転用可能だが採算は下がる。,既存車両の稼働率は高く、返済履歴も良好。,荷主契約が内諾段階で、燃料費上昇時の採算余力が薄い。,,,,,,,,,,,,,,,yes,,
1,CASE-JD-20260725-0435,demo_user_judgment_drill,2026-07-25,9,pending_user_judgment,購入選択権,卸売業,急成長,メイン,35,既存先,5,8,フォークリフト,62,6,倉庫能力維持,直近期売上405百万円、営業利益900万円、借入金7000万円、自己資本比率8%、ステージ=急成長。,使用時間が長く、バッテリー交換費用の負担確認が必要。,倉庫稼働は安定し、物件の必要性は明確。,購入選択権価格が低く、残価・満了後出口の説明が弱い。,,,,,,,,,,,,,,,yes,,
1,CASE-JD-20260725-0436,demo_user_judgment_drill,2026-07-25,9,pending_user_judgment,医療機器更新,医療・福祉,急成長,非メイン,50,新規先,0,12,画像診断装置,12,7,診療能力維持と待ち時間短縮,直近期売上440百万円、営業利益1600万円、借入金7900万円、自己資本比率12%、ステージ=急成長。,メーカー保守契約は提示済みだが、更新後の稼働計画は概算。,地域需要があり、既存患者基盤も安定している。,診療報酬改定や保守費用を織り込んだ採算表が不足。,,,,,,,,,,,,,,,yes,,
1,CASE-JD-20260725-0437,demo_user_judgment_drill,2026-07-25,9,pending_user_judgment,建機高稼働,建設業,急成長,非メイン,80,新規先,0,16,油圧ショベル,24,4,受注現場対応,直近期売上475百万円、営業利益2400万円、借入金8800万円、自己資本比率16%、ステージ=急成長。,代表は中古売却可能と説明するが、査定根拠は未取得。,公共工事の受注残があり、機械稼働の見込みはある。,工期後の転用先と中古価格下落時の出口説明が弱い。,,,,,,,,,,,,,,,yes,,
1,CASE-JD-20260725-0438,demo_user_judgment_drill,2026-07-25,9,pending_user_judgment,IT設備刷新,情報通信業,急成長,非メイン,120,新規先,0,20,サーバー・ネットワーク機器,36,5,顧客案件増加に伴う基盤増強,直近期売上510百万円、営業利益3600万円、借入金9700万円、自己資本比率20%、ステージ=急成長。,保守契約と入替計画はあるが、解約時の転用価値は限定的。,継続契約が複数あり、粗利率は比較的高い。,技術陳腐化が早く、期間と経済的寿命の整合確認が必要。,,,,,,,,,,,,,,,yes,,
1,CASE-JD-20260725-0439,demo_user_judgment_drill,2026-07-25,9,pending_user_judgment,美容店舗拡張,生活関連サービス業,急成長,メイン,180,新規先,0,24,美容機器,62,6,新メニュー開始,直近期売上545百万円、営業利益-800万円、借入金10600万円、自己資本比率24%、ステージ=急成長。,機器は専門性が高く、撤退時の換金性に幅がある。,既存顧客があり、単価上昇の余地がある。,新メニュー売上は口頭見込み中心で、解約率・稼働率が未整理。,,,,,,,,,,,,,,,yes,,
1,CASE-JD-20260725-0440,demo_user_judgment_drill,2026-07-25,9,pending_user_judgment,農業設備,農業,急成長,メイン,250,新規先,0,30,選果機,12,7,出荷能力向上,直近期売上580百万円、営業利益300万円、借入金11500万円、自己資本比率30%、ステージ=急成長。,補助金と組合支援の説明はあるが、入金時期が未確定。,出荷先との取引は長く、季節需要も見込める。,収穫量・天候影響に左右され、年間資金繰りの波が大きい。,,,,,,,,,,,,,,,yes,,
1,CASE-JD-20260725-0441,demo_user_judgment_drill,2026-07-25,9,pending_user_judgment,補助金前提,製造業,事業承継直後,メイン,0,既存先,90,36,CNC工作機械,12,4,老朽設備更新と増産対応,直近期売上615百万円、営業利益900万円、借入金12400万円、自己資本比率36%、ステージ=事業承継直後。,社長は採択前提で説明しているが、銀行支援は口頭段階。,既存主力先からの受注残があり、設備必要性は明確。,補助金採択前にリース開始予定で、未採択時の資金繰り説明が弱い。,,,,,,,,,,,,,,,yes,,
1,CASE-JD-20260725-0442,demo_user_judgment_drill,2026-07-25,9,pending_user_judgment,新店舗計画,飲食業,事業承継直後,非メイン,20,既存先,5,8,厨房設備一式,24,5,新店舗出店,直近期売上650百万円、営業利益1600万円、借入金13300万円、自己資本比率8%、ステージ=事業承継直後。,立地評価は高いが、回転率・客単価・原価率の資料が薄い。,既存店舗は黒字で、代表に運営経験がある。,新店舗売上計画が既存店実績より強く、人員確保も未確定。,,,,,,,,,,,,,,,yes,,
1,CASE-JD-20260725-0443,demo_user_judgment_drill,2026-07-25,9,pending_user_judgment,増額更新,食品製造業,事業承継直後,非メイン,35,既存先,12,12,包装ライン,36,6,既存設備更新,直近期売上90百万円、営業利益2400万円、借入金2500万円、自己資本比率12%、ステージ=事業承継直後。,旧設備の廃棄費用・下取り可否が未確認。,故障頻度と停止時間が増え、更新合理性はある。,月額負担が上がる一方、改善効果がメーカー資料中心。,,,,,,,,,,,,,,,yes,,
1,CASE-JD-20260725-0444,demo_user_judgment_drill,2026-07-25,9,pending_user_judgment,新規契約前提,運送業,事業承継直後,非メイン,50,既存先,18,16,大型トラック,62,7,新規荷主ルート対応,直近期売上125百万円、営業利益3600万円、借入金3400万円、自己資本比率16%、ステージ=事業承継直後。,契約不成立時は既存業務に転用可能だが採算は下がる。,既存車両の稼働率は高く、返済履歴も良好。,荷主契約が内諾段階で、燃料費上昇時の採算余力が薄い。,,,,,,,,,,,,,,,yes,,
1,CASE-JD-20260725-0445,demo_user_judgment_drill,2026-07-25,9,pending_user_judgment,購入選択権,卸売業,事業承継直後,メイン,80,既存先,25,20,フォークリフト,12,4,倉庫能力維持,直近期売上160百万円、営業利益-800万円、借入金4300万円、自己資本比率20%、ステージ=事業承継直後。,使用時間が長く、バッテリー交換費用の負担確認が必要。,倉庫稼働は安定し、物件の必要性は明確。,購入選択権価格が低く、残価・満了後出口の説明が弱い。,,,,,,,,,,,,,,,yes,,
1,CASE-JD-20260725-0446,demo_user_judgment_drill,2026-07-25,9,pending_user_judgment,医療機器更新,医療・福祉,事業承継直後,メイン,120,新規先,0,24,画像診断装置,24,5,診療能力維持と待ち時間短縮,直近期売上195百万円、営業利益300万円、借入金5200万円、自己資本比率24%、ステージ=事業承継直後。,メーカー保守契約は提示済みだが、更新後の稼働計画は概算。,地域需要があり、既存患者基盤も安定している。,診療報酬改定や保守費用を織り込んだ採算表が不足。,,,,,,,,,,,,,,,yes,,
1,CASE-JD-20260725-0447,demo_user_judgment_drill,2026-07-25,9,pending_user_judgment,建機高稼働,建設業,事業承継直後,メイン,180,新規先,0,30,油圧ショベル,36,6,受注現場対応,直近期売上230百万円、営業利益900万円、借入金6100万円、自己資本比率30%、ステージ=事業承継直後。,代表は中古売却可能と説明するが、査定根拠は未取得。,公共工事の受注残があり、機械稼働の見込みはある。,工期後の転用先と中古価格下落時の出口説明が弱い。,,,,,,,,,,,,,,,yes,,
1,CASE-JD-20260725-0448,demo_user_judgment_drill,2026-07-25,9,pending_user_judgment,IT設備刷新,情報通信業,事業承継直後,非メイン,250,新規先,0,36,サーバー・ネットワーク機器,62,7,顧客案件増加に伴う基盤増強,直近期売上265百万円、営業利益1600万円、借入金7000万円、自己資本比率36%、ステージ=事業承継直後。,保守契約と入替計画はあるが、解約時の転用価値は限定的。,継続契約が複数あり、粗利率は比較的高い。,技術陳腐化が早く、期間と経済的寿命の整合確認が必要。,,,,,,,,,,,,,,,yes,,
1,CASE-JD-20260725-0449,demo_user_judgment_drill,2026-07-25,9,pending_user_judgment,美容店舗拡張,生活関連サービス業,事業承継直後,非メイン,0,新規先,0,8,美容機器,12,4,新メニュー開始,直近期売上300百万円、営業利益2400万円、借入金7900万円、自己資本比率8%、ステージ=事業承継直後。,機器は専門性が高く、撤退時の換金性に幅がある。,既存顧客があり、単価上昇の余地がある。,新メニュー売上は口頭見込み中心で、解約率・稼働率が未整理。,,,,,,,,,,,,,,,yes,,
1,CASE-JD-20260725-0450,demo_user_judgment_drill,2026-07-25,9,pending_user_judgment,農業設備,農業,事業承継直後,非メイン,20,新規先,0,12,選果機,24,5,出荷能力向上,直近期売上335百万円、営業利益3600万円、借入金8800万円、自己資本比率12%、ステージ=事業承継直後。,補助金と組合支援の説明はあるが、入金時期が未確定。,出荷先との取引は長く、季節需要も見込める。,収穫量・天候影響に左右され、年間資金繰りの波が大きい。,,,,,,,,,,,,,,,yes,,
1,CASE-JD-20260725-0451,demo_user_judgment_drill,2026-07-25,10,pending_user_judgment,補助金前提,製造業,安定黒字,メイン,35,既存先,18,16,CNC工作機械,24,6,老朽設備更新と増産対応,直近期売上370百万円、営業利益-800万円、借入金9700万円、自己資本比率16%、ステージ=安定黒字。,社長は採択前提で説明しているが、銀行支援は口頭段階。,既存主力先からの受注残があり、設備必要性は明確。,補助金採択前にリース開始予定で、未採択時の資金繰り説明が弱い。,,,,,,,,,,,,,,,yes,,
1,CASE-JD-20260725-0452,demo_user_judgment_drill,2026-07-25,10,pending_user_judgment,新店舗計画,飲食業,安定黒字,メイン,50,既存先,25,20,厨房設備一式,36,7,新店舗出店,直近期売上405百万円、営業利益300万円、借入金10600万円、自己資本比率20%、ステージ=安定黒字。,立地評価は高いが、回転率・客単価・原価率の資料が薄い。,既存店舗は黒字で、代表に運営経験がある。,新店舗売上計画が既存店実績より強く、人員確保も未確定。,,,,,,,,,,,,,,,yes,,
1,CASE-JD-20260725-0453,demo_user_judgment_drill,2026-07-25,10,pending_user_judgment,増額更新,食品製造業,安定黒字,メイン,80,既存先,40,24,包装ライン,62,4,既存設備更新,直近期売上440百万円、営業利益900万円、借入金11500万円、自己資本比率24%、ステージ=安定黒字。,旧設備の廃棄費用・下取り可否が未確認。,故障頻度と停止時間が増え、更新合理性はある。,月額負担が上がる一方、改善効果がメーカー資料中心。,,,,,,,,,,,,,,,yes,,
1,CASE-JD-20260725-0454,demo_user_judgment_drill,2026-07-25,10,pending_user_judgment,新規契約前提,運送業,安定黒字,非メイン,120,既存先,60,30,大型トラック,12,5,新規荷主ルート対応,直近期売上475百万円、営業利益1600万円、借入金12400万円、自己資本比率30%、ステージ=安定黒字。,契約不成立時は既存業務に転用可能だが採算は下がる。,既存車両の稼働率は高く、返済履歴も良好。,荷主契約が内諾段階で、燃料費上昇時の採算余力が薄い。,,,,,,,,,,,,,,,yes,,
1,CASE-JD-20260725-0455,demo_user_judgment_drill,2026-07-25,10,pending_user_judgment,購入選択権,卸売業,安定黒字,非メイン,180,既存先,90,36,フォークリフト,24,6,倉庫能力維持,直近期売上510百万円、営業利益2400万円、借入金13300万円、自己資本比率36%、ステージ=安定黒字。,使用時間が長く、バッテリー交換費用の負担確認が必要。,倉庫稼働は安定し、物件の必要性は明確。,購入選択権価格が低く、残価・満了後出口の説明が弱い。,,,,,,,,,,,,,,,yes,,
1,CASE-JD-20260725-0456,demo_user_judgment_drill,2026-07-25,10,pending_user_judgment,医療機器更新,医療・福祉,安定黒字,非メイン,250,新規先,0,8,画像診断装置,36,7,診療能力維持と待ち時間短縮,直近期売上545百万円、営業利益3600万円、借入金2500万円、自己資本比率8%、ステージ=安定黒字。,メーカー保守契約は提示済みだが、更新後の稼働計画は概算。,地域需要があり、既存患者基盤も安定している。,診療報酬改定や保守費用を織り込んだ採算表が不足。,,,,,,,,,,,,,,,yes,,
1,CASE-JD-20260725-0457,demo_user_judgment_drill,2026-07-25,10,pending_user_judgment,建機高稼働,建設業,安定黒字,メイン,0,新規先,0,12,油圧ショベル,62,4,受注現場対応,直近期売上580百万円、営業利益-800万円、借入金3400万円、自己資本比率12%、ステージ=安定黒字。,代表は中古売却可能と説明するが、査定根拠は未取得。,公共工事の受注残があり、機械稼働の見込みはある。,工期後の転用先と中古価格下落時の出口説明が弱い。,,,,,,,,,,,,,,,yes,,
1,CASE-JD-20260725-0458,demo_user_judgment_drill,2026-07-25,10,pending_user_judgment,IT設備刷新,情報通信業,安定黒字,メイン,20,新規先,0,16,サーバー・ネットワーク機器,12,5,顧客案件増加に伴う基盤増強,直近期売上615百万円、営業利益300万円、借入金4300万円、自己資本比率16%、ステージ=安定黒字。,保守契約と入替計画はあるが、解約時の転用価値は限定的。,継続契約が複数あり、粗利率は比較的高い。,技術陳腐化が早く、期間と経済的寿命の整合確認が必要。,,,,,,,,,,,,,,,yes,,
1,CASE-JD-20260725-0459,demo_user_judgment_drill,2026-07-25,10,pending_user_judgment,美容店舗拡張,生活関連サービス業,安定黒字,メイン,35,新規先,0,20,美容機器,24,6,新メニュー開始,直近期売上650百万円、営業利益900万円、借入金5200万円、自己資本比率20%、ステージ=安定黒字。,機器は専門性が高く、撤退時の換金性に幅がある。,既存顧客があり、単価上昇の余地がある。,新メニュー売上は口頭見込み中心で、解約率・稼働率が未整理。,,,,,,,,,,,,,,,yes,,
1,CASE-JD-20260725-0460,demo_user_judgment_drill,2026-07-25,10,pending_user_judgment,農業設備,農業,安定黒字,非メイン,50,新規先,0,24,選果機,36,7,出荷能力向上,直近期売上90百万円、営業利益1600万円、借入金6100万円、自己資本比率24%、ステージ=安定黒字。,補助金と組合支援の説明はあるが、入金時期が未確定。,出荷先との取引は長く、季節需要も見込める。,収穫量・天候影響に左右され、年間資金繰りの波が大きい。,,,,,,,,,,,,,,,yes,,
1,CASE-JD-20260725-0461,demo_user_judgment_drill,2026-07-25,10,pending_user_judgment,補助金前提,製造業,低利益,非メイン,80,既存先,60,30,CNC工作機械,36,4,老朽設備更新と増産対応,直近期売上125百万円、営業利益2400万円、借入金7000万円、自己資本比率30%、ステージ=低利益。,社長は採択前提で説明しているが、銀行支援は口頭段階。,既存主力先からの受注残があり、設備必要性は明確。,補助金採択前にリース開始予定で、未採択時の資金繰り説明が弱い。,,,,,,,,,,,,,,,yes,,
1,CASE-JD-20260725-0462,demo_user_judgment_drill,2026-07-25,10,pending_user_judgment,新店舗計画,飲食業,低利益,非メイン,120,既存先,90,36,厨房設備一式,62,5,新店舗出店,直近期売上160百万円、営業利益3600万円、借入金7900万円、自己資本比率36%、ステージ=低利益。,立地評価は高いが、回転率・客単価・原価率の資料が薄い。,既存店舗は黒字で、代表に運営経験がある。,新店舗売上計画が既存店実績より強く、人員確保も未確定。,,,,,,,,,,,,,,,yes,,
1,CASE-JD-20260725-0463,demo_user_judgment_drill,2026-07-25,10,pending_user_judgment,増額更新,食品製造業,低利益,メイン,180,既存先,5,8,包装ライン,12,6,既存設備更新,直近期売上195百万円、営業利益-800万円、借入金8800万円、自己資本比率8%、ステージ=低利益。,旧設備の廃棄費用・下取り可否が未確認。,故障頻度と停止時間が増え、更新合理性はある。,月額負担が上がる一方、改善効果がメーカー資料中心。,,,,,,,,,,,,,,,yes,,
1,CASE-JD-20260725-0464,demo_user_judgment_drill,2026-07-25,10,pending_user_judgment,新規契約前提,運送業,低利益,メイン,250,既存先,12,12,大型トラック,24,7,新規荷主ルート対応,直近期売上230百万円、営業利益300万円、借入金9700万円、自己資本比率12%、ステージ=低利益。,契約不成立時は既存業務に転用可能だが採算は下がる。,既存車両の稼働率は高く、返済履歴も良好。,荷主契約が内諾段階で、燃料費上昇時の採算余力が薄い。,,,,,,,,,,,,,,,yes,,
1,CASE-JD-20260725-0465,demo_user_judgment_drill,2026-07-25,10,pending_user_judgment,購入選択権,卸売業,低利益,メイン,0,既存先,18,16,フォークリフト,36,4,倉庫能力維持,直近期売上265百万円、営業利益900万円、借入金10600万円、自己資本比率16%、ステージ=低利益。,使用時間が長く、バッテリー交換費用の負担確認が必要。,倉庫稼働は安定し、物件の必要性は明確。,購入選択権価格が低く、残価・満了後出口の説明が弱い。,,,,,,,,,,,,,,,yes,,
1,CASE-JD-20260725-0466,demo_user_judgment_drill,2026-07-25,10,pending_user_judgment,医療機器更新,医療・福祉,低利益,非メイン,20,新規先,0,20,画像診断装置,62,5,診療能力維持と待ち時間短縮,直近期売上300百万円、営業利益1600万円、借入金11500万円、自己資本比率20%、ステージ=低利益。,メーカー保守契約は提示済みだが、更新後の稼働計画は概算。,地域需要があり、既存患者基盤も安定している。,診療報酬改定や保守費用を織り込んだ採算表が不足。,,,,,,,,,,,,,,,yes,,
1,CASE-JD-20260725-0467,demo_user_judgment_drill,2026-07-25,10,pending_user_judgment,建機高稼働,建設業,低利益,非メイン,35,新規先,0,24,油圧ショベル,12,6,受注現場対応,直近期売上335百万円、営業利益2400万円、借入金12400万円、自己資本比率24%、ステージ=低利益。,代表は中古売却可能と説明するが、査定根拠は未取得。,公共工事の受注残があり、機械稼働の見込みはある。,工期後の転用先と中古価格下落時の出口説明が弱い。,,,,,,,,,,,,,,,yes,,
1,CASE-JD-20260725-0468,demo_user_judgment_drill,2026-07-25,10,pending_user_judgment,IT設備刷新,情報通信業,低利益,非メイン,50,新規先,0,30,サーバー・ネットワーク機器,24,7,顧客案件増加に伴う基盤増強,直近期売上370百万円、営業利益3600万円、借入金13300万円、自己資本比率30%、ステージ=低利益。,保守契約と入替計画はあるが、解約時の転用価値は限定的。,継続契約が複数あり、粗利率は比較的高い。,技術陳腐化が早く、期間と経済的寿命の整合確認が必要。,,,,,,,,,,,,,,,yes,,
1,CASE-JD-20260725-0469,demo_user_judgment_drill,2026-07-25,10,pending_user_judgment,美容店舗拡張,生活関連サービス業,低利益,メイン,80,新規先,0,36,美容機器,36,4,新メニュー開始,直近期売上405百万円、営業利益-800万円、借入金2500万円、自己資本比率36%、ステージ=低利益。,機器は専門性が高く、撤退時の換金性に幅がある。,既存顧客があり、単価上昇の余地がある。,新メニュー売上は口頭見込み中心で、解約率・稼働率が未整理。,,,,,,,,,,,,,,,yes,,
1,CASE-JD-20260725-0470,demo_user_judgment_drill,2026-07-25,10,pending_user_judgment,農業設備,農業,低利益,メイン,120,新規先,0,8,選果機,62,5,出荷能力向上,直近期売上440百万円、営業利益300万円、借入金3400万円、自己資本比率8%、ステージ=低利益。,補助金と組合支援の説明はあるが、入金時期が未確定。,出荷先との取引は長く、季節需要も見込める。,収穫量・天候影響に左右され、年間資金繰りの波が大きい。,,,,,,,,,,,,,,,yes,,
1,CASE-JD-20260725-0471,demo_user_judgment_drill,2026-07-25,10,pending_user_judgment,補助金前提,製造業,赤字改善中,メイン,180,既存先,12,12,CNC工作機械,62,6,老朽設備更新と増産対応,直近期売上475百万円、営業利益900万円、借入金4300万円、自己資本比率12%、ステージ=赤字改善中。,社長は採択前提で説明しているが、銀行支援は口頭段階。,既存主力先からの受注残があり、設備必要性は明確。,補助金採択前にリース開始予定で、未採択時の資金繰り説明が弱い。,,,,,,,,,,,,,,,yes,,
1,CASE-JD-20260725-0472,demo_user_judgment_drill,2026-07-25,10,pending_user_judgment,新店舗計画,飲食業,赤字改善中,非メイン,250,既存先,18,16,厨房設備一式,12,7,新店舗出店,直近期売上510百万円、営業利益1600万円、借入金5200万円、自己資本比率16%、ステージ=赤字改善中。,立地評価は高いが、回転率・客単価・原価率の資料が薄い。,既存店舗は黒字で、代表に運営経験がある。,新店舗売上計画が既存店実績より強く、人員確保も未確定。,,,,,,,,,,,,,,,yes,,
1,CASE-JD-20260725-0473,demo_user_judgment_drill,2026-07-25,10,pending_user_judgment,増額更新,食品製造業,赤字改善中,非メイン,0,既存先,25,20,包装ライン,24,4,既存設備更新,直近期売上545百万円、営業利益2400万円、借入金6100万円、自己資本比率20%、ステージ=赤字改善中。,旧設備の廃棄費用・下取り可否が未確認。,故障頻度と停止時間が増え、更新合理性はある。,月額負担が上がる一方、改善効果がメーカー資料中心。,,,,,,,,,,,,,,,yes,,
1,CASE-JD-20260725-0474,demo_user_judgment_drill,2026-07-25,10,pending_user_judgment,新規契約前提,運送業,赤字改善中,非メイン,20,既存先,40,24,大型トラック,36,5,新規荷主ルート対応,直近期売上580百万円、営業利益3600万円、借入金7000万円、自己資本比率24%、ステージ=赤字改善中。,契約不成立時は既存業務に転用可能だが採算は下がる。,既存車両の稼働率は高く、返済履歴も良好。,荷主契約が内諾段階で、燃料費上昇時の採算余力が薄い。,,,,,,,,,,,,,,,yes,,
1,CASE-JD-20260725-0475,demo_user_judgment_drill,2026-07-25,10,pending_user_judgment,購入選択権,卸売業,赤字改善中,メイン,35,既存先,60,30,フォークリフト,62,6,倉庫能力維持,直近期売上615百万円、営業利益-800万円、借入金7900万円、自己資本比率30%、ステージ=赤字改善中。,使用時間が長く、バッテリー交換費用の負担確認が必要。,倉庫稼働は安定し、物件の必要性は明確。,購入選択権価格が低く、残価・満了後出口の説明が弱い。,,,,,,,,,,,,,,,yes,,
1,CASE-JD-20260725-0476,demo_user_judgment_drill,2026-07-25,10,pending_user_judgment,医療機器更新,医療・福祉,赤字改善中,メイン,50,新規先,0,36,画像診断装置,12,7,診療能力維持と待ち時間短縮,直近期売上650百万円、営業利益300万円、借入金8800万円、自己資本比率36%、ステージ=赤字改善中。,メーカー保守契約は提示済みだが、更新後の稼働計画は概算。,地域需要があり、既存患者基盤も安定している。,診療報酬改定や保守費用を織り込んだ採算表が不足。,,,,,,,,,,,,,,,yes,,
1,CASE-JD-20260725-0477,demo_user_judgment_drill,2026-07-25,10,pending_user_judgment,建機高稼働,建設業,赤字改善中,メイン,80,新規先,0,8,油圧ショベル,24,4,受注現場対応,直近期売上90百万円、営業利益900万円、借入金9700万円、自己資本比率8%、ステージ=赤字改善中。,代表は中古売却可能と説明するが、査定根拠は未取得。,公共工事の受注残があり、機械稼働の見込みはある。,工期後の転用先と中古価格下落時の出口説明が弱い。,,,,,,,,,,,,,,,yes,,
1,CASE-JD-20260725-0478,demo_user_judgment_drill,2026-07-25,10,pending_user_judgment,IT設備刷新,情報通信業,赤字改善中,非メイン,120,新規先,0,12,サーバー・ネットワーク機器,36,5,顧客案件増加に伴う基盤増強,直近期売上125百万円、営業利益1600万円、借入金10600万円、自己資本比率12%、ステージ=赤字改善中。,保守契約と入替計画はあるが、解約時の転用価値は限定的。,継続契約が複数あり、粗利率は比較的高い。,技術陳腐化が早く、期間と経済的寿命の整合確認が必要。,,,,,,,,,,,,,,,yes,,
1,CASE-JD-20260725-0479,demo_user_judgment_drill,2026-07-25,10,pending_user_judgment,美容店舗拡張,生活関連サービス業,赤字改善中,非メイン,180,新規先,0,16,美容機器,62,6,新メニュー開始,直近期売上160百万円、営業利益2400万円、借入金11500万円、自己資本比率16%、ステージ=赤字改善中。,機器は専門性が高く、撤退時の換金性に幅がある。,既存顧客があり、単価上昇の余地がある。,新メニュー売上は口頭見込み中心で、解約率・稼働率が未整理。,,,,,,,,,,,,,,,yes,,
1,CASE-JD-20260725-0480,demo_user_judgment_drill,2026-07-25,10,pending_user_judgment,農業設備,農業,赤字改善中,非メイン,250,新規先,0,20,選果機,12,7,出荷能力向上,直近期売上195百万円、営業利益3600万円、借入金12400万円、自己資本比率20%、ステージ=赤字改善中。,補助金と組合支援の説明はあるが、入金時期が未確定。,出荷先との取引は長く、季節需要も見込める。,収穫量・天候影響に左右され、年間資金繰りの波が大きい。,,,,,,,,,,,,,,,yes,,
1,CASE-JD-20260725-0481,demo_user_judgment_drill,2026-07-25,10,pending_user_judgment,補助金前提,製造業,急成長,メイン,0,既存先,40,24,CNC工作機械,12,4,老朽設備更新と増産対応,直近期売上230百万円、営業利益-800万円、借入金13300万円、自己資本比率24%、ステージ=急成長。,社長は採択前提で説明しているが、銀行支援は口頭段階。,既存主力先からの受注残があり、設備必要性は明確。,補助金採択前にリース開始予定で、未採択時の資金繰り説明が弱い。,,,,,,,,,,,,,,,yes,,
1,CASE-JD-20260725-0482,demo_user_judgment_drill,2026-07-25,10,pending_user_judgment,新店舗計画,飲食業,急成長,メイン,20,既存先,60,30,厨房設備一式,24,5,新店舗出店,直近期売上265百万円、営業利益300万円、借入金2500万円、自己資本比率30%、ステージ=急成長。,立地評価は高いが、回転率・客単価・原価率の資料が薄い。,既存店舗は黒字で、代表に運営経験がある。,新店舗売上計画が既存店実績より強く、人員確保も未確定。,,,,,,,,,,,,,,,yes,,
1,CASE-JD-20260725-0483,demo_user_judgment_drill,2026-07-25,10,pending_user_judgment,増額更新,食品製造業,急成長,メイン,35,既存先,90,36,包装ライン,36,6,既存設備更新,直近期売上300百万円、営業利益900万円、借入金3400万円、自己資本比率36%、ステージ=急成長。,旧設備の廃棄費用・下取り可否が未確認。,故障頻度と停止時間が増え、更新合理性はある。,月額負担が上がる一方、改善効果がメーカー資料中心。,,,,,,,,,,,,,,,yes,,
1,CASE-JD-20260725-0484,demo_user_judgment_drill,2026-07-25,10,pending_user_judgment,新規契約前提,運送業,急成長,非メイン,50,既存先,5,8,大型トラック,62,7,新規荷主ルート対応,直近期売上335百万円、営業利益1600万円、借入金4300万円、自己資本比率8%、ステージ=急成長。,契約不成立時は既存業務に転用可能だが採算は下がる。,既存車両の稼働率は高く、返済履歴も良好。,荷主契約が内諾段階で、燃料費上昇時の採算余力が薄い。,,,,,,,,,,,,,,,yes,,
1,CASE-JD-20260725-0485,demo_user_judgment_drill,2026-07-25,10,pending_user_judgment,購入選択権,卸売業,急成長,非メイン,80,既存先,12,12,フォークリフト,12,4,倉庫能力維持,直近期売上370百万円、営業利益2400万円、借入金5200万円、自己資本比率12%、ステージ=急成長。,使用時間が長く、バッテリー交換費用の負担確認が必要。,倉庫稼働は安定し、物件の必要性は明確。,購入選択権価格が低く、残価・満了後出口の説明が弱い。,,,,,,,,,,,,,,,yes,,
1,CASE-JD-20260725-0486,demo_user_judgment_drill,2026-07-25,10,pending_user_judgment,医療機器更新,医療・福祉,急成長,非メイン,120,新規先,0,16,画像診断装置,24,5,診療能力維持と待ち時間短縮,直近期売上405百万円、営業利益3600万円、借入金6100万円、自己資本比率16%、ステージ=急成長。,メーカー保守契約は提示済みだが、更新後の稼働計画は概算。,地域需要があり、既存患者基盤も安定している。,診療報酬改定や保守費用を織り込んだ採算表が不足。,,,,,,,,,,,,,,,yes,,
1,CASE-JD-20260725-0487,demo_user_judgment_drill,2026-07-25,10,pending_user_judgment,建機高稼働,建設業,急成長,メイン,180,新規先,0,20,油圧ショベル,36,6,受注現場対応,直近期売上440百万円、営業利益-800万円、借入金7000万円、自己資本比率20%、ステージ=急成長。,代表は中古売却可能と説明するが、査定根拠は未取得。,公共工事の受注残があり、機械稼働の見込みはある。,工期後の転用先と中古価格下落時の出口説明が弱い。,,,,,,,,,,,,,,,yes,,
1,CASE-JD-20260725-0488,demo_user_judgment_drill,2026-07-25,10,pending_user_judgment,IT設備刷新,情報通信業,急成長,メイン,250,新規先,0,24,サーバー・ネットワーク機器,62,7,顧客案件増加に伴う基盤増強,直近期売上475百万円、営業利益300万円、借入金7900万円、自己資本比率24%、ステージ=急成長。,保守契約と入替計画はあるが、解約時の転用価値は限定的。,継続契約が複数あり、粗利率は比較的高い。,技術陳腐化が早く、期間と経済的寿命の整合確認が必要。,,,,,,,,,,,,,,,yes,,
1,CASE-JD-20260725-0489,demo_user_judgment_drill,2026-07-25,10,pending_user_judgment,美容店舗拡張,生活関連サービス業,急成長,メイン,0,新規先,0,30,美容機器,12,4,新メニュー開始,直近期売上510百万円、営業利益900万円、借入金8800万円、自己資本比率30%、ステージ=急成長。,機器は専門性が高く、撤退時の換金性に幅がある。,既存顧客があり、単価上昇の余地がある。,新メニュー売上は口頭見込み中心で、解約率・稼働率が未整理。,,,,,,,,,,,,,,,yes,,
1,CASE-JD-20260725-0490,demo_user_judgment_drill,2026-07-25,10,pending_user_judgment,農業設備,農業,急成長,非メイン,20,新規先,0,36,選果機,24,5,出荷能力向上,直近期売上545百万円、営業利益1600万円、借入金9700万円、自己資本比率36%、ステージ=急成長。,補助金と組合支援の説明はあるが、入金時期が未確定。,出荷先との取引は長く、季節需要も見込める。,収穫量・天候影響に左右され、年間資金繰りの波が大きい。,,,,,,,,,,,,,,,yes,,
1,CASE-JD-20260725-0491,demo_user_judgment_drill,2026-07-25,10,pending_user_judgment,補助金前提,製造業,事業承継直後,非メイン,35,既存先,5,8,CNC工作機械,24,6,老朽設備更新と増産対応,直近期売上580百万円、営業利益2400万円、借入金10600万円、自己資本比率8%、ステージ=事業承継直後。,社長は採択前提で説明しているが、銀行支援は口頭段階。,既存主力先からの受注残があり、設備必要性は明確。,補助金採択前にリース開始予定で、未採択時の資金繰り説明が弱い。,,,,,,,,,,,,,,,yes,,
1,CASE-JD-20260725-0492,demo_user_judgment_drill,2026-07-25,10,pending_user_judgment,新店舗計画,飲食業,事業承継直後,非メイン,50,既存先,12,12,厨房設備一式,36,7,新店舗出店,直近期売上615百万円、営業利益3600万円、借入金11500万円、自己資本比率12%、ステージ=事業承継直後。,立地評価は高いが、回転率・客単価・原価率の資料が薄い。,既存店舗は黒字で、代表に運営経験がある。,新店舗売上計画が既存店実績より強く、人員確保も未確定。,,,,,,,,,,,,,,,yes,,
1,CASE-JD-20260725-0493,demo_user_judgment_drill,2026-07-25,10,pending_user_judgment,増額更新,食品製造業,事業承継直後,メイン,80,既存先,18,16,包装ライン,62,4,既存設備更新,直近期売上650百万円、営業利益-800万円、借入金12400万円、自己資本比率16%、ステージ=事業承継直後。,旧設備の廃棄費用・下取り可否が未確認。,故障頻度と停止時間が増え、更新合理性はある。,月額負担が上がる一方、改善効果がメーカー資料中心。,,,,,,,,,,,,,,,yes,,
1,CASE-JD-20260725-0494,demo_user_judgment_drill,2026-07-25,10,pending_user_judgment,新規契約前提,運送業,事業承継直後,メイン,120,既存先,25,20,大型トラック,12,5,新規荷主ルート対応,直近期売上90百万円、営業利益300万円、借入金13300万円、自己資本比率20%、ステージ=事業承継直後。,契約不成立時は既存業務に転用可能だが採算は下がる。,既存車両の稼働率は高く、返済履歴も良好。,荷主契約が内諾段階で、燃料費上昇時の採算余力が薄い。,,,,,,,,,,,,,,,yes,,
1,CASE-JD-20260725-0495,demo_user_judgment_drill,2026-07-25,10,pending_user_judgment,購入選択権,卸売業,事業承継直後,メイン,180,既存先,40,24,フォークリフト,24,6,倉庫能力維持,直近期売上125百万円、営業利益900万円、借入金2500万円、自己資本比率24%、ステージ=事業承継直後。,使用時間が長く、バッテリー交換費用の負担確認が必要。,倉庫稼働は安定し、物件の必要性は明確。,購入選択権価格が低く、残価・満了後出口の説明が弱い。,,,,,,,,,,,,,,,yes,,
1,CASE-JD-20260725-0496,demo_user_judgment_drill,2026-07-25,10,pending_user_judgment,医療機器更新,医療・福祉,事業承継直後,非メイン,250,新規先,0,30,画像診断装置,36,7,診療能力維持と待ち時間短縮,直近期売上160百万円、営業利益1600万円、借入金3400万円、自己資本比率30%、ステージ=事業承継直後。,メーカー保守契約は提示済みだが、更新後の稼働計画は概算。,地域需要があり、既存患者基盤も安定している。,診療報酬改定や保守費用を織り込んだ採算表が不足。,,,,,,,,,,,,,,,yes,,
1,CASE-JD-20260725-0497,demo_user_judgment_drill,2026-07-25,10,pending_user_judgment,建機高稼働,建設業,事業承継直後,非メイン,0,新規先,0,36,油圧ショベル,62,4,受注現場対応,直近期売上195百万円、営業利益2400万円、借入金4300万円、自己資本比率36%、ステージ=事業承継直後。,代表は中古売却可能と説明するが、査定根拠は未取得。,公共工事の受注残があり、機械稼働の見込みはある。,工期後の転用先と中古価格下落時の出口説明が弱い。,,,,,,,,,,,,,,,yes,,
1,CASE-JD-20260725-0498,demo_user_judgment_drill,2026-07-25,10,pending_user_judgment,IT設備刷新,情報通信業,事業承継直後,非メイン,20,新規先,0,8,サーバー・ネットワーク機器,12,5,顧客案件増加に伴う基盤増強,直近期売上230百万円、営業利益3600万円、借入金5200万円、自己資本比率8%、ステージ=事業承継直後。,保守契約と入替計画はあるが、解約時の転用価値は限定的。,継続契約が複数あり、粗利率は比較的高い。,技術陳腐化が早く、期間と経済的寿命の整合確認が必要。,,,,,,,,,,,,,,,yes,,
1,CASE-JD-20260725-0499,demo_user_judgment_drill,2026-07-25,10,pending_user_judgment,美容店舗拡張,生活関連サービス業,事業承継直後,メイン,35,新規先,0,12,美容機器,24,6,新メニュー開始,直近期売上265百万円、営業利益-800万円、借入金6100万円、自己資本比率12%、ステージ=事業承継直後。,機器は専門性が高く、撤退時の換金性に幅がある。,既存顧客があり、単価上昇の余地がある。,新メニュー売上は口頭見込み中心で、解約率・稼働率が未整理。,,,,,,,,,,,,,,,yes,,
1,CASE-JD-20260725-0500,demo_user_judgment_drill,2026-07-25,10,pending_user_judgment,農業設備,農業,事業承継直後,メイン,50,新規先,0,16,選果機,36,7,出荷能力向上,直近期売上300百万円、営業利益300万円、借入金7000万円、自己資本比率16%、ステージ=事業承継直後。,補助金と組合支援の説明はあるが、入金時期が未確定。,出荷先との取引は長く、季節需要も見込める。,収穫量・天候影響に左右され、年間資金繰りの波が大きい。,,,,,,,,,,,,,,,yes,,
1,CASE-JD-20260725-0501,demo_user_judgment_drill,2026-07-25,11,pending_user_judgment,補助金前提,製造業,安定黒字,メイン,80,既存先,25,20,CNC工作機械,36,4,老朽設備更新と増産対応,直近期売上335百万円、営業利益900万円、借入金7900万円、自己資本比率20%、ステージ=安定黒字。,社長は採択前提で説明しているが、銀行支援は口頭段階。,既存主力先からの受注残があり、設備必要性は明確。,補助金採択前にリース開始予定で、未採択時の資金繰り説明が弱い。,,,,,,,,,,,,,,,yes,,
1,CASE-JD-20260725-0502,demo_user_judgment_drill,2026-07-25,11,pending_user_judgment,新店舗計画,飲食業,安定黒字,非メイン,120,既存先,40,24,厨房設備一式,62,5,新店舗出店,直近期売上370百万円、営業利益1600万円、借入金8800万円、自己資本比率24%、ステージ=安定黒字。,立地評価は高いが、回転率・客単価・原価率の資料が薄い。,既存店舗は黒字で、代表に運営経験がある。,新店舗売上計画が既存店実績より強く、人員確保も未確定。,,,,,,,,,,,,,,,yes,,
1,CASE-JD-20260725-0503,demo_user_judgment_drill,2026-07-25,11,pending_user_judgment,増額更新,食品製造業,安定黒字,非メイン,180,既存先,60,30,包装ライン,12,6,既存設備更新,直近期売上405百万円、営業利益2400万円、借入金9700万円、自己資本比率30%、ステージ=安定黒字。,旧設備の廃棄費用・下取り可否が未確認。,故障頻度と停止時間が増え、更新合理性はある。,月額負担が上がる一方、改善効果がメーカー資料中心。,,,,,,,,,,,,,,,yes,,
1,CASE-JD-20260725-0504,demo_user_judgment_drill,2026-07-25,11,pending_user_judgment,新規契約前提,運送業,安定黒字,非メイン,250,既存先,90,36,大型トラック,24,7,新規荷主ルート対応,直近期売上440百万円、営業利益3600万円、借入金10600万円、自己資本比率36%、ステージ=安定黒字。,契約不成立時は既存業務に転用可能だが採算は下がる。,既存車両の稼働率は高く、返済履歴も良好。,荷主契約が内諾段階で、燃料費上昇時の採算余力が薄い。,,,,,,,,,,,,,,,yes,,
1,CASE-JD-20260725-0505,demo_user_judgment_drill,2026-07-25,11,pending_user_judgment,購入選択権,卸売業,安定黒字,メイン,0,既存先,5,8,フォークリフト,36,4,倉庫能力維持,直近期売上475百万円、営業利益-800万円、借入金11500万円、自己資本比率8%、ステージ=安定黒字。,使用時間が長く、バッテリー交換費用の負担確認が必要。,倉庫稼働は安定し、物件の必要性は明確。,購入選択権価格が低く、残価・満了後出口の説明が弱い。,,,,,,,,,,,,,,,yes,,
1,CASE-JD-20260725-0506,demo_user_judgment_drill,2026-07-25,11,pending_user_judgment,医療機器更新,医療・福祉,安定黒字,メイン,20,新規先,0,12,画像診断装置,62,5,診療能力維持と待ち時間短縮,直近期売上510百万円、営業利益300万円、借入金12400万円、自己資本比率12%、ステージ=安定黒字。,メーカー保守契約は提示済みだが、更新後の稼働計画は概算。,地域需要があり、既存患者基盤も安定している。,診療報酬改定や保守費用を織り込んだ採算表が不足。,,,,,,,,,,,,,,,yes,,
1,CASE-JD-20260725-0507,demo_user_judgment_drill,2026-07-25,11,pending_user_judgment,建機高稼働,建設業,安定黒字,メイン,35,新規先,0,16,油圧ショベル,12,6,受注現場対応,直近期売上545百万円、営業利益900万円、借入金13300万円、自己資本比率16%、ステージ=安定黒字。,代表は中古売却可能と説明するが、査定根拠は未取得。,公共工事の受注残があり、機械稼働の見込みはある。,工期後の転用先と中古価格下落時の出口説明が弱い。,,,,,,,,,,,,,,,yes,,
1,CASE-JD-20260725-0508,demo_user_judgment_drill,2026-07-25,11,pending_user_judgment,IT設備刷新,情報通信業,安定黒字,非メイン,50,新規先,0,20,サーバー・ネットワーク機器,24,7,顧客案件増加に伴う基盤増強,直近期売上580百万円、営業利益1600万円、借入金2500万円、自己資本比率20%、ステージ=安定黒字。,保守契約と入替計画はあるが、解約時の転用価値は限定的。,継続契約が複数あり、粗利率は比較的高い。,技術陳腐化が早く、期間と経済的寿命の整合確認が必要。,,,,,,,,,,,,,,,yes,,
1,CASE-JD-20260725-0509,demo_user_judgment_drill,2026-07-25,11,pending_user_judgment,美容店舗拡張,生活関連サービス業,安定黒字,非メイン,80,新規先,0,24,美容機器,36,4,新メニュー開始,直近期売上615百万円、営業利益2400万円、借入金3400万円、自己資本比率24%、ステージ=安定黒字。,機器は専門性が高く、撤退時の換金性に幅がある。,既存顧客があり、単価上昇の余地がある。,新メニュー売上は口頭見込み中心で、解約率・稼働率が未整理。,,,,,,,,,,,,,,,yes,,
1,CASE-JD-20260725-0510,demo_user_judgment_drill,2026-07-25,11,pending_user_judgment,農業設備,農業,安定黒字,非メイン,120,新規先,0,30,選果機,62,5,出荷能力向上,直近期売上650百万円、営業利益3600万円、借入金4300万円、自己資本比率30%、ステージ=安定黒字。,補助金と組合支援の説明はあるが、入金時期が未確定。,出荷先との取引は長く、季節需要も見込める。,収穫量・天候影響に左右され、年間資金繰りの波が大きい。,,,,,,,,,,,,,,,yes,,
1,CASE-JD-20260725-0511,demo_user_judgment_drill,2026-07-25,11,pending_user_judgment,補助金前提,製造業,低利益,メイン,180,既存先,90,36,CNC工作機械,62,6,老朽設備更新と増産対応,直近期売上90百万円、営業利益-800万円、借入金5200万円、自己資本比率36%、ステージ=低利益。,社長は採択前提で説明しているが、銀行支援は口頭段階。,既存主力先からの受注残があり、設備必要性は明確。,補助金採択前にリース開始予定で、未採択時の資金繰り説明が弱い。,,,,,,,,,,,,,,,yes,,
1,CASE-JD-20260725-0512,demo_user_judgment_drill,2026-07-25,11,pending_user_judgment,新店舗計画,飲食業,低利益,メイン,250,既存先,5,8,厨房設備一式,12,7,新店舗出店,直近期売上125百万円、営業利益300万円、借入金6100万円、自己資本比率8%、ステージ=低利益。,立地評価は高いが、回転率・客単価・原価率の資料が薄い。,既存店舗は黒字で、代表に運営経験がある。,新店舗売上計画が既存店実績より強く、人員確保も未確定。,,,,,,,,,,,,,,,yes,,
1,CASE-JD-20260725-0513,demo_user_judgment_drill,2026-07-25,11,pending_user_judgment,増額更新,食品製造業,低利益,メイン,0,既存先,12,12,包装ライン,24,4,既存設備更新,直近期売上160百万円、営業利益900万円、借入金7000万円、自己資本比率12%、ステージ=低利益。,旧設備の廃棄費用・下取り可否が未確認。,故障頻度と停止時間が増え、更新合理性はある。,月額負担が上がる一方、改善効果がメーカー資料中心。,,,,,,,,,,,,,,,yes,,
1,CASE-JD-20260725-0514,demo_user_judgment_drill,2026-07-25,11,pending_user_judgment,新規契約前提,運送業,低利益,非メイン,20,既存先,18,16,大型トラック,36,5,新規荷主ルート対応,直近期売上195百万円、営業利益1600万円、借入金7900万円、自己資本比率16%、ステージ=低利益。,契約不成立時は既存業務に転用可能だが採算は下がる。,既存車両の稼働率は高く、返済履歴も良好。,荷主契約が内諾段階で、燃料費上昇時の採算余力が薄い。,,,,,,,,,,,,,,,yes,,
1,CASE-JD-20260725-0515,demo_user_judgment_drill,2026-07-25,11,pending_user_judgment,購入選択権,卸売業,低利益,非メイン,35,既存先,25,20,フォークリフト,62,6,倉庫能力維持,直近期売上230百万円、営業利益2400万円、借入金8800万円、自己資本比率20%、ステージ=低利益。,使用時間が長く、バッテリー交換費用の負担確認が必要。,倉庫稼働は安定し、物件の必要性は明確。,購入選択権価格が低く、残価・満了後出口の説明が弱い。,,,,,,,,,,,,,,,yes,,
1,CASE-JD-20260725-0516,demo_user_judgment_drill,2026-07-25,11,pending_user_judgment,医療機器更新,医療・福祉,低利益,非メイン,50,新規先,0,24,画像診断装置,12,7,診療能力維持と待ち時間短縮,直近期売上265百万円、営業利益3600万円、借入金9700万円、自己資本比率24%、ステージ=低利益。,メーカー保守契約は提示済みだが、更新後の稼働計画は概算。,地域需要があり、既存患者基盤も安定している。,診療報酬改定や保守費用を織り込んだ採算表が不足。,,,,,,,,,,,,,,,yes,,
1,CASE-JD-20260725-0517,demo_user_judgment_drill,2026-07-25,11,pending_user_judgment,建機高稼働,建設業,低利益,メイン,80,新規先,0,30,油圧ショベル,24,4,受注現場対応,直近期売上300百万円、営業利益-800万円、借入金10600万円、自己資本比率30%、ステージ=低利益。,代表は中古売却可能と説明するが、査定根拠は未取得。,公共工事の受注残があり、機械稼働の見込みはある。,工期後の転用先と中古価格下落時の出口説明が弱い。,,,,,,,,,,,,,,,yes,,
1,CASE-JD-20260725-0518,demo_user_judgment_drill,2026-07-25,11,pending_user_judgment,IT設備刷新,情報通信業,低利益,メイン,120,新規先,0,36,サーバー・ネットワーク機器,36,5,顧客案件増加に伴う基盤増強,直近期売上335百万円、営業利益300万円、借入金11500万円、自己資本比率36%、ステージ=低利益。,保守契約と入替計画はあるが、解約時の転用価値は限定的。,継続契約が複数あり、粗利率は比較的高い。,技術陳腐化が早く、期間と経済的寿命の整合確認が必要。,,,,,,,,,,,,,,,yes,,
1,CASE-JD-20260725-0519,demo_user_judgment_drill,2026-07-25,11,pending_user_judgment,美容店舗拡張,生活関連サービス業,低利益,メイン,180,新規先,0,8,美容機器,62,6,新メニュー開始,直近期売上370百万円、営業利益900万円、借入金12400万円、自己資本比率8%、ステージ=低利益。,機器は専門性が高く、撤退時の換金性に幅がある。,既存顧客があり、単価上昇の余地がある。,新メニュー売上は口頭見込み中心で、解約率・稼働率が未整理。,,,,,,,,,,,,,,,yes,,
1,CASE-JD-20260725-0520,demo_user_judgment_drill,2026-07-25,11,pending_user_judgment,農業設備,農業,低利益,非メイン,250,新規先,0,12,選果機,12,7,出荷能力向上,直近期売上405百万円、営業利益1600万円、借入金13300万円、自己資本比率12%、ステージ=低利益。,補助金と組合支援の説明はあるが、入金時期が未確定。,出荷先との取引は長く、季節需要も見込める。,収穫量・天候影響に左右され、年間資金繰りの波が大きい。,,,,,,,,,,,,,,,yes,,
1,CASE-JD-20260725-0521,demo_user_judgment_drill,2026-07-25,11,pending_user_judgment,補助金前提,製造業,赤字改善中,非メイン,0,既存先,18,16,CNC工作機械,12,4,老朽設備更新と増産対応,直近期売上440百万円、営業利益2400万円、借入金2500万円、自己資本比率16%、ステージ=赤字改善中。,社長は採択前提で説明しているが、銀行支援は口頭段階。,既存主力先からの受注残があり、設備必要性は明確。,補助金採択前にリース開始予定で、未採択時の資金繰り説明が弱い。,,,,,,,,,,,,,,,yes,,
1,CASE-JD-20260725-0522,demo_user_judgment_drill,2026-07-25,11,pending_user_judgment,新店舗計画,飲食業,赤字改善中,非メイン,20,既存先,25,20,厨房設備一式,24,5,新店舗出店,直近期売上475百万円、営業利益3600万円、借入金3400万円、自己資本比率20%、ステージ=赤字改善中。,立地評価は高いが、回転率・客単価・原価率の資料が薄い。,既存店舗は黒字で、代表に運営経験がある。,新店舗売上計画が既存店実績より強く、人員確保も未確定。,,,,,,,,,,,,,,,yes,,
1,CASE-JD-20260725-0523,demo_user_judgment_drill,2026-07-25,11,pending_user_judgment,増額更新,食品製造業,赤字改善中,メイン,35,既存先,40,24,包装ライン,36,6,既存設備更新,直近期売上510百万円、営業利益-800万円、借入金4300万円、自己資本比率24%、ステージ=赤字改善中。,旧設備の廃棄費用・下取り可否が未確認。,故障頻度と停止時間が増え、更新合理性はある。,月額負担が上がる一方、改善効果がメーカー資料中心。,,,,,,,,,,,,,,,yes,,
1,CASE-JD-20260725-0524,demo_user_judgment_drill,2026-07-25,11,pending_user_judgment,新規契約前提,運送業,赤字改善中,メイン,50,既存先,60,30,大型トラック,62,7,新規荷主ルート対応,直近期売上545百万円、営業利益300万円、借入金5200万円、自己資本比率30%、ステージ=赤字改善中。,契約不成立時は既存業務に転用可能だが採算は下がる。,既存車両の稼働率は高く、返済履歴も良好。,荷主契約が内諾段階で、燃料費上昇時の採算余力が薄い。,,,,,,,,,,,,,,,yes,,
1,CASE-JD-20260725-0525,demo_user_judgment_drill,2026-07-25,11,pending_user_judgment,購入選択権,卸売業,赤字改善中,メイン,80,既存先,90,36,フォークリフト,12,4,倉庫能力維持,直近期売上580百万円、営業利益900万円、借入金6100万円、自己資本比率36%、ステージ=赤字改善中。,使用時間が長く、バッテリー交換費用の負担確認が必要。,倉庫稼働は安定し、物件の必要性は明確。,購入選択権価格が低く、残価・満了後出口の説明が弱い。,,,,,,,,,,,,,,,yes,,
1,CASE-JD-20260725-0526,demo_user_judgment_drill,2026-07-25,11,pending_user_judgment,医療機器更新,医療・福祉,赤字改善中,非メイン,120,新規先,0,8,画像診断装置,24,5,診療能力維持と待ち時間短縮,直近期売上615百万円、営業利益1600万円、借入金7000万円、自己資本比率8%、ステージ=赤字改善中。,メーカー保守契約は提示済みだが、更新後の稼働計画は概算。,地域需要があり、既存患者基盤も安定している。,診療報酬改定や保守費用を織り込んだ採算表が不足。,,,,,,,,,,,,,,,yes,,
1,CASE-JD-20260725-0527,demo_user_judgment_drill,2026-07-25,11,pending_user_judgment,建機高稼働,建設業,赤字改善中,非メイン,180,新規先,0,12,油圧ショベル,36,6,受注現場対応,直近期売上650百万円、営業利益2400万円、借入金7900万円、自己資本比率12%、ステージ=赤字改善中。,代表は中古売却可能と説明するが、査定根拠は未取得。,公共工事の受注残があり、機械稼働の見込みはある。,工期後の転用先と中古価格下落時の出口説明が弱い。,,,,,,,,,,,,,,,yes,,
1,CASE-JD-20260725-0528,demo_user_judgment_drill,2026-07-25,11,pending_user_judgment,IT設備刷新,情報通信業,赤字改善中,非メイン,250,新規先,0,16,サーバー・ネットワーク機器,62,7,顧客案件増加に伴う基盤増強,直近期売上90百万円、営業利益3600万円、借入金8800万円、自己資本比率16%、ステージ=赤字改善中。,保守契約と入替計画はあるが、解約時の転用価値は限定的。,継続契約が複数あり、粗利率は比較的高い。,技術陳腐化が早く、期間と経済的寿命の整合確認が必要。,,,,,,,,,,,,,,,yes,,
1,CASE-JD-20260725-0529,demo_user_judgment_drill,2026-07-25,11,pending_user_judgment,美容店舗拡張,生活関連サービス業,赤字改善中,メイン,0,新規先,0,20,美容機器,12,4,新メニュー開始,直近期売上125百万円、営業利益-800万円、借入金9700万円、自己資本比率20%、ステージ=赤字改善中。,機器は専門性が高く、撤退時の換金性に幅がある。,既存顧客があり、単価上昇の余地がある。,新メニュー売上は口頭見込み中心で、解約率・稼働率が未整理。,,,,,,,,,,,,,,,yes,,
1,CASE-JD-20260725-0530,demo_user_judgment_drill,2026-07-25,11,pending_user_judgment,農業設備,農業,赤字改善中,メイン,20,新規先,0,24,選果機,24,5,出荷能力向上,直近期売上160百万円、営業利益300万円、借入金10600万円、自己資本比率24%、ステージ=赤字改善中。,補助金と組合支援の説明はあるが、入金時期が未確定。,出荷先との取引は長く、季節需要も見込める。,収穫量・天候影響に左右され、年間資金繰りの波が大きい。,,,,,,,,,,,,,,,yes,,
1,CASE-JD-20260725-0531,demo_user_judgment_drill,2026-07-25,11,pending_user_judgment,補助金前提,製造業,急成長,メイン,35,既存先,60,30,CNC工作機械,24,6,老朽設備更新と増産対応,直近期売上195百万円、営業利益900万円、借入金11500万円、自己資本比率30%、ステージ=急成長。,社長は採択前提で説明しているが、銀行支援は口頭段階。,既存主力先からの受注残があり、設備必要性は明確。,補助金採択前にリース開始予定で、未採択時の資金繰り説明が弱い。,,,,,,,,,,,,,,,yes,,
1,CASE-JD-20260725-0532,demo_user_judgment_drill,2026-07-25,11,pending_user_judgment,新店舗計画,飲食業,急成長,非メイン,50,既存先,90,36,厨房設備一式,36,7,新店舗出店,直近期売上230百万円、営業利益1600万円、借入金12400万円、自己資本比率36%、ステージ=急成長。,立地評価は高いが、回転率・客単価・原価率の資料が薄い。,既存店舗は黒字で、代表に運営経験がある。,新店舗売上計画が既存店実績より強く、人員確保も未確定。,,,,,,,,,,,,,,,yes,,
1,CASE-JD-20260725-0533,demo_user_judgment_drill,2026-07-25,11,pending_user_judgment,増額更新,食品製造業,急成長,非メイン,80,既存先,5,8,包装ライン,62,4,既存設備更新,直近期売上265百万円、営業利益2400万円、借入金13300万円、自己資本比率8%、ステージ=急成長。,旧設備の廃棄費用・下取り可否が未確認。,故障頻度と停止時間が増え、更新合理性はある。,月額負担が上がる一方、改善効果がメーカー資料中心。,,,,,,,,,,,,,,,yes,,
1,CASE-JD-20260725-0534,demo_user_judgment_drill,2026-07-25,11,pending_user_judgment,新規契約前提,運送業,急成長,非メイン,120,既存先,12,12,大型トラック,12,5,新規荷主ルート対応,直近期売上300百万円、営業利益3600万円、借入金2500万円、自己資本比率12%、ステージ=急成長。,契約不成立時は既存業務に転用可能だが採算は下がる。,既存車両の稼働率は高く、返済履歴も良好。,荷主契約が内諾段階で、燃料費上昇時の採算余力が薄い。,,,,,,,,,,,,,,,yes,,
1,CASE-JD-20260725-0535,demo_user_judgment_drill,2026-07-25,11,pending_user_judgment,購入選択権,卸売業,急成長,メイン,180,既存先,18,16,フォークリフト,24,6,倉庫能力維持,直近期売上335百万円、営業利益-800万円、借入金3400万円、自己資本比率16%、ステージ=急成長。,使用時間が長く、バッテリー交換費用の負担確認が必要。,倉庫稼働は安定し、物件の必要性は明確。,購入選択権価格が低く、残価・満了後出口の説明が弱い。,,,,,,,,,,,,,,,yes,,
1,CASE-JD-20260725-0536,demo_user_judgment_drill,2026-07-25,11,pending_user_judgment,医療機器更新,医療・福祉,急成長,メイン,250,新規先,0,20,画像診断装置,36,7,診療能力維持と待ち時間短縮,直近期売上370百万円、営業利益300万円、借入金4300万円、自己資本比率20%、ステージ=急成長。,メーカー保守契約は提示済みだが、更新後の稼働計画は概算。,地域需要があり、既存患者基盤も安定している。,診療報酬改定や保守費用を織り込んだ採算表が不足。,,,,,,,,,,,,,,,yes,,
1,CASE-JD-20260725-0537,demo_user_judgment_drill,2026-07-25,11,pending_user_judgment,建機高稼働,建設業,急成長,メイン,0,新規先,0,24,油圧ショベル,62,4,受注現場対応,直近期売上405百万円、営業利益900万円、借入金5200万円、自己資本比率24%、ステージ=急成長。,代表は中古売却可能と説明するが、査定根拠は未取得。,公共工事の受注残があり、機械稼働の見込みはある。,工期後の転用先と中古価格下落時の出口説明が弱い。,,,,,,,,,,,,,,,yes,,
1,CASE-JD-20260725-0538,demo_user_judgment_drill,2026-07-25,11,pending_user_judgment,IT設備刷新,情報通信業,急成長,非メイン,20,新規先,0,30,サーバー・ネットワーク機器,12,5,顧客案件増加に伴う基盤増強,直近期売上440百万円、営業利益1600万円、借入金6100万円、自己資本比率30%、ステージ=急成長。,保守契約と入替計画はあるが、解約時の転用価値は限定的。,継続契約が複数あり、粗利率は比較的高い。,技術陳腐化が早く、期間と経済的寿命の整合確認が必要。,,,,,,,,,,,,,,,yes,,
1,CASE-JD-20260725-0539,demo_user_judgment_drill,2026-07-25,11,pending_user_judgment,美容店舗拡張,生活関連サービス業,急成長,非メイン,35,新規先,0,36,美容機器,24,6,新メニュー開始,直近期売上475百万円、営業利益2400万円、借入金7000万円、自己資本比率36%、ステージ=急成長。,機器は専門性が高く、撤退時の換金性に幅がある。,既存顧客があり、単価上昇の余地がある。,新メニュー売上は口頭見込み中心で、解約率・稼働率が未整理。,,,,,,,,,,,,,,,yes,,
1,CASE-JD-20260725-0540,demo_user_judgment_drill,2026-07-25,11,pending_user_judgment,農業設備,農業,急成長,非メイン,50,新規先,0,8,選果機,36,7,出荷能力向上,直近期売上510百万円、営業利益3600万円、借入金7900万円、自己資本比率8%、ステージ=急成長。,補助金と組合支援の説明はあるが、入金時期が未確定。,出荷先との取引は長く、季節需要も見込める。,収穫量・天候影響に左右され、年間資金繰りの波が大きい。,,,,,,,,,,,,,,,yes,,
1,CASE-JD-20260725-0541,demo_user_judgment_drill,2026-07-25,11,pending_user_judgment,補助金前提,製造業,事業承継直後,メイン,80,既存先,12,12,CNC工作機械,36,4,老朽設備更新と増産対応,直近期売上545百万円、営業利益-800万円、借入金8800万円、自己資本比率12%、ステージ=事業承継直後。,社長は採択前提で説明しているが、銀行支援は口頭段階。,既存主力先からの受注残があり、設備必要性は明確。,補助金採択前にリース開始予定で、未採択時の資金繰り説明が弱い。,,,,,,,,,,,,,,,yes,,
1,CASE-JD-20260725-0542,demo_user_judgment_drill,2026-07-25,11,pending_user_judgment,新店舗計画,飲食業,事業承継直後,メイン,120,既存先,18,16,厨房設備一式,62,5,新店舗出店,直近期売上580百万円、営業利益300万円、借入金9700万円、自己資本比率16%、ステージ=事業承継直後。,立地評価は高いが、回転率・客単価・原価率の資料が薄い。,既存店舗は黒字で、代表に運営経験がある。,新店舗売上計画が既存店実績より強く、人員確保も未確定。,,,,,,,,,,,,,,,yes,,
1,CASE-JD-20260725-0543,demo_user_judgment_drill,2026-07-25,11,pending_user_judgment,増額更新,食品製造業,事業承継直後,メイン,180,既存先,25,20,包装ライン,12,6,既存設備更新,直近期売上615百万円、営業利益900万円、借入金10600万円、自己資本比率20%、ステージ=事業承継直後。,旧設備の廃棄費用・下取り可否が未確認。,故障頻度と停止時間が増え、更新合理性はある。,月額負担が上がる一方、改善効果がメーカー資料中心。,,,,,,,,,,,,,,,yes,,
1,CASE-JD-20260725-0544,demo_user_judgment_drill,2026-07-25,11,pending_user_judgment,新規契約前提,運送業,事業承継直後,非メイン,250,既存先,40,24,大型トラック,24,7,新規荷主ルート対応,直近期売上650百万円、営業利益1600万円、借入金11500万円、自己資本比率24%、ステージ=事業承継直後。,契約不成立時は既存業務に転用可能だが採算は下がる。,既存車両の稼働率は高く、返済履歴も良好。,荷主契約が内諾段階で、燃料費上昇時の採算余力が薄い。,,,,,,,,,,,,,,,yes,,
1,CASE-JD-20260725-0545,demo_user_judgment_drill,2026-07-25,11,pending_user_judgment,購入選択権,卸売業,事業承継直後,非メイン,0,既存先,60,30,フォークリフト,36,4,倉庫能力維持,直近期売上90百万円、営業利益2400万円、借入金12400万円、自己資本比率30%、ステージ=事業承継直後。,使用時間が長く、バッテリー交換費用の負担確認が必要。,倉庫稼働は安定し、物件の必要性は明確。,購入選択権価格が低く、残価・満了後出口の説明が弱い。,,,,,,,,,,,,,,,yes,,
1,CASE-JD-20260725-0546,demo_user_judgment_drill,2026-07-25,11,pending_user_judgment,医療機器更新,医療・福祉,事業承継直後,非メイン,20,新規先,0,36,画像診断装置,62,5,診療能力維持と待ち時間短縮,直近期売上125百万円、営業利益3600万円、借入金13300万円、自己資本比率36%、ステージ=事業承継直後。,メーカー保守契約は提示済みだが、更新後の稼働計画は概算。,地域需要があり、既存患者基盤も安定している。,診療報酬改定や保守費用を織り込んだ採算表が不足。,,,,,,,,,,,,,,,yes,,
1,CASE-JD-20260725-0547,demo_user_judgment_drill,2026-07-25,11,pending_user_judgment,建機高稼働,建設業,事業承継直後,メイン,35,新規先,0,8,油圧ショベル,12,6,受注現場対応,直近期売上160百万円、営業利益-800万円、借入金2500万円、自己資本比率8%、ステージ=事業承継直後。,代表は中古売却可能と説明するが、査定根拠は未取得。,公共工事の受注残があり、機械稼働の見込みはある。,工期後の転用先と中古価格下落時の出口説明が弱い。,,,,,,,,,,,,,,,yes,,
1,CASE-JD-20260725-0548,demo_user_judgment_drill,2026-07-25,11,pending_user_judgment,IT設備刷新,情報通信業,事業承継直後,メイン,50,新規先,0,12,サーバー・ネットワーク機器,24,7,顧客案件増加に伴う基盤増強,直近期売上195百万円、営業利益300万円、借入金3400万円、自己資本比率12%、ステージ=事業承継直後。,保守契約と入替計画はあるが、解約時の転用価値は限定的。,継続契約が複数あり、粗利率は比較的高い。,技術陳腐化が早く、期間と経済的寿命の整合確認が必要。,,,,,,,,,,,,,,,yes,,
1,CASE-JD-20260725-0549,demo_user_judgment_drill,2026-07-25,11,pending_user_judgment,美容店舗拡張,生活関連サービス業,事業承継直後,メイン,80,新規先,0,16,美容機器,36,4,新メニュー開始,直近期売上230百万円、営業利益900万円、借入金4300万円、自己資本比率16%、ステージ=事業承継直後。,機器は専門性が高く、撤退時の換金性に幅がある。,既存顧客があり、単価上昇の余地がある。,新メニュー売上は口頭見込み中心で、解約率・稼働率が未整理。,,,,,,,,,,,,,,,yes,,
1,CASE-JD-20260725-0550,demo_user_judgment_drill,2026-07-25,11,pending_user_judgment,農業設備,農業,事業承継直後,非メイン,120,新規先,0,20,選果機,62,5,出荷能力向上,直近期売上265百万円、営業利益1600万円、借入金5200万円、自己資本比率20%、ステージ=事業承継直後。,補助金と組合支援の説明はあるが、入金時期が未確定。,出荷先との取引は長く、季節需要も見込める。,収穫量・天候影響に左右され、年間資金繰りの波が大きい。,,,,,,,,,,,,,,,yes,,
1,CASE-JD-20260725-0551,demo_user_judgment_drill,2026-07-25,12,pending_user_judgment,補助金前提,製造業,安定黒字,非メイン,180,既存先,40,24,CNC工作機械,62,6,老朽設備更新と増産対応,直近期売上300百万円、営業利益2400万円、借入金6100万円、自己資本比率24%、ステージ=安定黒字。,社長は採択前提で説明しているが、銀行支援は口頭段階。,既存主力先からの受注残があり、設備必要性は明確。,補助金採択前にリース開始予定で、未採択時の資金繰り説明が弱い。,,,,,,,,,,,,,,,yes,,
1,CASE-JD-20260725-0552,demo_user_judgment_drill,2026-07-25,12,pending_user_judgment,新店舗計画,飲食業,安定黒字,非メイン,250,既存先,60,30,厨房設備一式,12,7,新店舗出店,直近期売上335百万円、営業利益3600万円、借入金7000万円、自己資本比率30%、ステージ=安定黒字。,立地評価は高いが、回転率・客単価・原価率の資料が薄い。,既存店舗は黒字で、代表に運営経験がある。,新店舗売上計画が既存店実績より強く、人員確保も未確定。,,,,,,,,,,,,,,,yes,,
1,CASE-JD-20260725-0553,demo_user_judgment_drill,2026-07-25,12,pending_user_judgment,増額更新,食品製造業,安定黒字,メイン,0,既存先,90,36,包装ライン,24,4,既存設備更新,直近期売上370百万円、営業利益-800万円、借入金7900万円、自己資本比率36%、ステージ=安定黒字。,旧設備の廃棄費用・下取り可否が未確認。,故障頻度と停止時間が増え、更新合理性はある。,月額負担が上がる一方、改善効果がメーカー資料中心。,,,,,,,,,,,,,,,yes,,
1,CASE-JD-20260725-0554,demo_user_judgment_drill,2026-07-25,12,pending_user_judgment,新規契約前提,運送業,安定黒字,メイン,20,既存先,5,8,大型トラック,36,5,新規荷主ルート対応,直近期売上405百万円、営業利益300万円、借入金8800万円、自己資本比率8%、ステージ=安定黒字。,契約不成立時は既存業務に転用可能だが採算は下がる。,既存車両の稼働率は高く、返済履歴も良好。,荷主契約が内諾段階で、燃料費上昇時の採算余力が薄い。,,,,,,,,,,,,,,,yes,,
1,CASE-JD-20260725-0555,demo_user_judgment_drill,2026-07-25,12,pending_user_judgment,購入選択権,卸売業,安定黒字,メイン,35,既存先,12,12,フォークリフト,62,6,倉庫能力維持,直近期売上440百万円、営業利益900万円、借入金9700万円、自己資本比率12%、ステージ=安定黒字。,使用時間が長く、バッテリー交換費用の負担確認が必要。,倉庫稼働は安定し、物件の必要性は明確。,購入選択権価格が低く、残価・満了後出口の説明が弱い。,,,,,,,,,,,,,,,yes,,
1,CASE-JD-20260725-0556,demo_user_judgment_drill,2026-07-25,12,pending_user_judgment,医療機器更新,医療・福祉,安定黒字,非メイン,50,新規先,0,16,画像診断装置,12,7,診療能力維持と待ち時間短縮,直近期売上475百万円、営業利益1600万円、借入金10600万円、自己資本比率16%、ステージ=安定黒字。,メーカー保守契約は提示済みだが、更新後の稼働計画は概算。,地域需要があり、既存患者基盤も安定している。,診療報酬改定や保守費用を織り込んだ採算表が不足。,,,,,,,,,,,,,,,yes,,
1,CASE-JD-20260725-0557,demo_user_judgment_drill,2026-07-25,12,pending_user_judgment,建機高稼働,建設業,安定黒字,非メイン,80,新規先,0,20,油圧ショベル,24,4,受注現場対応,直近期売上510百万円、営業利益2400万円、借入金11500万円、自己資本比率20%、ステージ=安定黒字。,代表は中古売却可能と説明するが、査定根拠は未取得。,公共工事の受注残があり、機械稼働の見込みはある。,工期後の転用先と中古価格下落時の出口説明が弱い。,,,,,,,,,,,,,,,yes,,
1,CASE-JD-20260725-0558,demo_user_judgment_drill,2026-07-25,12,pending_user_judgment,IT設備刷新,情報通信業,安定黒字,非メイン,120,新規先,0,24,サーバー・ネットワーク機器,36,5,顧客案件増加に伴う基盤増強,直近期売上545百万円、営業利益3600万円、借入金12400万円、自己資本比率24%、ステージ=安定黒字。,保守契約と入替計画はあるが、解約時の転用価値は限定的。,継続契約が複数あり、粗利率は比較的高い。,技術陳腐化が早く、期間と経済的寿命の整合確認が必要。,,,,,,,,,,,,,,,yes,,
1,CASE-JD-20260725-0559,demo_user_judgment_drill,2026-07-25,12,pending_user_judgment,美容店舗拡張,生活関連サービス業,安定黒字,メイン,180,新規先,0,30,美容機器,62,6,新メニュー開始,直近期売上580百万円、営業利益-800万円、借入金13300万円、自己資本比率30%、ステージ=安定黒字。,機器は専門性が高く、撤退時の換金性に幅がある。,既存顧客があり、単価上昇の余地がある。,新メニュー売上は口頭見込み中心で、解約率・稼働率が未整理。,,,,,,,,,,,,,,,yes,,
1,CASE-JD-20260725-0560,demo_user_judgment_drill,2026-07-25,12,pending_user_judgment,農業設備,農業,安定黒字,メイン,250,新規先,0,36,選果機,12,7,出荷能力向上,直近期売上615百万円、営業利益300万円、借入金2500万円、自己資本比率36%、ステージ=安定黒字。,補助金と組合支援の説明はあるが、入金時期が未確定。,出荷先との取引は長く、季節需要も見込める。,収穫量・天候影響に左右され、年間資金繰りの波が大きい。,,,,,,,,,,,,,,,yes,,
1,CASE-JD-20260725-0561,demo_user_judgment_drill,2026-07-25,12,pending_user_judgment,補助金前提,製造業,低利益,メイン,0,既存先,5,8,CNC工作機械,12,4,老朽設備更新と増産対応,直近期売上650百万円、営業利益900万円、借入金3400万円、自己資本比率8%、ステージ=低利益。,社長は採択前提で説明しているが、銀行支援は口頭段階。,既存主力先からの受注残があり、設備必要性は明確。,補助金採択前にリース開始予定で、未採択時の資金繰り説明が弱い。,,,,,,,,,,,,,,,yes,,
1,CASE-JD-20260725-0562,demo_user_judgment_drill,2026-07-25,12,pending_user_judgment,新店舗計画,飲食業,低利益,非メイン,20,既存先,12,12,厨房設備一式,24,5,新店舗出店,直近期売上90百万円、営業利益1600万円、借入金4300万円、自己資本比率12%、ステージ=低利益。,立地評価は高いが、回転率・客単価・原価率の資料が薄い。,既存店舗は黒字で、代表に運営経験がある。,新店舗売上計画が既存店実績より強く、人員確保も未確定。,,,,,,,,,,,,,,,yes,,
1,CASE-JD-20260725-0563,demo_user_judgment_drill,2026-07-25,12,pending_user_judgment,増額更新,食品製造業,低利益,非メイン,35,既存先,18,16,包装ライン,36,6,既存設備更新,直近期売上125百万円、営業利益2400万円、借入金5200万円、自己資本比率16%、ステージ=低利益。,旧設備の廃棄費用・下取り可否が未確認。,故障頻度と停止時間が増え、更新合理性はある。,月額負担が上がる一方、改善効果がメーカー資料中心。,,,,,,,,,,,,,,,yes,,
1,CASE-JD-20260725-0564,demo_user_judgment_drill,2026-07-25,12,pending_user_judgment,新規契約前提,運送業,低利益,非メイン,50,既存先,25,20,大型トラック,62,7,新規荷主ルート対応,直近期売上160百万円、営業利益3600万円、借入金6100万円、自己資本比率20%、ステージ=低利益。,契約不成立時は既存業務に転用可能だが採算は下がる。,既存車両の稼働率は高く、返済履歴も良好。,荷主契約が内諾段階で、燃料費上昇時の採算余力が薄い。,,,,,,,,,,,,,,,yes,,
1,CASE-JD-20260725-0565,demo_user_judgment_drill,2026-07-25,12,pending_user_judgment,購入選択権,卸売業,低利益,メイン,80,既存先,40,24,フォークリフト,12,4,倉庫能力維持,直近期売上195百万円、営業利益-800万円、借入金7000万円、自己資本比率24%、ステージ=低利益。,使用時間が長く、バッテリー交換費用の負担確認が必要。,倉庫稼働は安定し、物件の必要性は明確。,購入選択権価格が低く、残価・満了後出口の説明が弱い。,,,,,,,,,,,,,,,yes,,
1,CASE-JD-20260725-0566,demo_user_judgment_drill,2026-07-25,12,pending_user_judgment,医療機器更新,医療・福祉,低利益,メイン,120,新規先,0,30,画像診断装置,24,5,診療能力維持と待ち時間短縮,直近期売上230百万円、営業利益300万円、借入金7900万円、自己資本比率30%、ステージ=低利益。,メーカー保守契約は提示済みだが、更新後の稼働計画は概算。,地域需要があり、既存患者基盤も安定している。,診療報酬改定や保守費用を織り込んだ採算表が不足。,,,,,,,,,,,,,,,yes,,
1,CASE-JD-20260725-0567,demo_user_judgment_drill,2026-07-25,12,pending_user_judgment,建機高稼働,建設業,低利益,メイン,180,新規先,0,36,油圧ショベル,36,6,受注現場対応,直近期売上265百万円、営業利益900万円、借入金8800万円、自己資本比率36%、ステージ=低利益。,代表は中古売却可能と説明するが、査定根拠は未取得。,公共工事の受注残があり、機械稼働の見込みはある。,工期後の転用先と中古価格下落時の出口説明が弱い。,,,,,,,,,,,,,,,yes,,
1,CASE-JD-20260725-0568,demo_user_judgment_drill,2026-07-25,12,pending_user_judgment,IT設備刷新,情報通信業,低利益,非メイン,250,新規先,0,8,サーバー・ネットワーク機器,62,7,顧客案件増加に伴う基盤増強,直近期売上300百万円、営業利益1600万円、借入金9700万円、自己資本比率8%、ステージ=低利益。,保守契約と入替計画はあるが、解約時の転用価値は限定的。,継続契約が複数あり、粗利率は比較的高い。,技術陳腐化が早く、期間と経済的寿命の整合確認が必要。,,,,,,,,,,,,,,,yes,,
1,CASE-JD-20260725-0569,demo_user_judgment_drill,2026-07-25,12,pending_user_judgment,美容店舗拡張,生活関連サービス業,低利益,非メイン,0,新規先,0,12,美容機器,12,4,新メニュー開始,直近期売上335百万円、営業利益2400万円、借入金10600万円、自己資本比率12%、ステージ=低利益。,機器は専門性が高く、撤退時の換金性に幅がある。,既存顧客があり、単価上昇の余地がある。,新メニュー売上は口頭見込み中心で、解約率・稼働率が未整理。,,,,,,,,,,,,,,,yes,,
1,CASE-JD-20260725-0570,demo_user_judgment_drill,2026-07-25,12,pending_user_judgment,農業設備,農業,低利益,非メイン,20,新規先,0,16,選果機,24,5,出荷能力向上,直近期売上370百万円、営業利益3600万円、借入金11500万円、自己資本比率16%、ステージ=低利益。,補助金と組合支援の説明はあるが、入金時期が未確定。,出荷先との取引は長く、季節需要も見込める。,収穫量・天候影響に左右され、年間資金繰りの波が大きい。,,,,,,,,,,,,,,,yes,,
1,CASE-JD-20260725-0571,demo_user_judgment_drill,2026-07-25,12,pending_user_judgment,補助金前提,製造業,赤字改善中,メイン,35,既存先,25,20,CNC工作機械,24,6,老朽設備更新と増産対応,直近期売上405百万円、営業利益-800万円、借入金12400万円、自己資本比率20%、ステージ=赤字改善中。,社長は採択前提で説明しているが、銀行支援は口頭段階。,既存主力先からの受注残があり、設備必要性は明確。,補助金採択前にリース開始予定で、未採択時の資金繰り説明が弱い。,,,,,,,,,,,,,,,yes,,
1,CASE-JD-20260725-0572,demo_user_judgment_drill,2026-07-25,12,pending_user_judgment,新店舗計画,飲食業,赤字改善中,メイン,50,既存先,40,24,厨房設備一式,36,7,新店舗出店,直近期売上440百万円、営業利益300万円、借入金13300万円、自己資本比率24%、ステージ=赤字改善中。,立地評価は高いが、回転率・客単価・原価率の資料が薄い。,既存店舗は黒字で、代表に運営経験がある。,新店舗売上計画が既存店実績より強く、人員確保も未確定。,,,,,,,,,,,,,,,yes,,
1,CASE-JD-20260725-0573,demo_user_judgment_drill,2026-07-25,12,pending_user_judgment,増額更新,食品製造業,赤字改善中,メイン,80,既存先,60,30,包装ライン,62,4,既存設備更新,直近期売上475百万円、営業利益900万円、借入金2500万円、自己資本比率30%、ステージ=赤字改善中。,旧設備の廃棄費用・下取り可否が未確認。,故障頻度と停止時間が増え、更新合理性はある。,月額負担が上がる一方、改善効果がメーカー資料中心。,,,,,,,,,,,,,,,yes,,
1,CASE-JD-20260725-0574,demo_user_judgment_drill,2026-07-25,12,pending_user_judgment,新規契約前提,運送業,赤字改善中,非メイン,120,既存先,90,36,大型トラック,12,5,新規荷主ルート対応,直近期売上510百万円、営業利益1600万円、借入金3400万円、自己資本比率36%、ステージ=赤字改善中。,契約不成立時は既存業務に転用可能だが採算は下がる。,既存車両の稼働率は高く、返済履歴も良好。,荷主契約が内諾段階で、燃料費上昇時の採算余力が薄い。,,,,,,,,,,,,,,,yes,,
1,CASE-JD-20260725-0575,demo_user_judgment_drill,2026-07-25,12,pending_user_judgment,購入選択権,卸売業,赤字改善中,非メイン,180,既存先,5,8,フォークリフト,24,6,倉庫能力維持,直近期売上545百万円、営業利益2400万円、借入金4300万円、自己資本比率8%、ステージ=赤字改善中。,使用時間が長く、バッテリー交換費用の負担確認が必要。,倉庫稼働は安定し、物件の必要性は明確。,購入選択権価格が低く、残価・満了後出口の説明が弱い。,,,,,,,,,,,,,,,yes,,
1,CASE-JD-20260725-0576,demo_user_judgment_drill,2026-07-25,12,pending_user_judgment,医療機器更新,医療・福祉,赤字改善中,非メイン,250,新規先,0,12,画像診断装置,36,7,診療能力維持と待ち時間短縮,直近期売上580百万円、営業利益3600万円、借入金5200万円、自己資本比率12%、ステージ=赤字改善中。,メーカー保守契約は提示済みだが、更新後の稼働計画は概算。,地域需要があり、既存患者基盤も安定している。,診療報酬改定や保守費用を織り込んだ採算表が不足。,,,,,,,,,,,,,,,yes,,
1,CASE-JD-20260725-0577,demo_user_judgment_drill,2026-07-25,12,pending_user_judgment,建機高稼働,建設業,赤字改善中,メイン,0,新規先,0,16,油圧ショベル,62,4,受注現場対応,直近期売上615百万円、営業利益-800万円、借入金6100万円、自己資本比率16%、ステージ=赤字改善中。,代表は中古売却可能と説明するが、査定根拠は未取得。,公共工事の受注残があり、機械稼働の見込みはある。,工期後の転用先と中古価格下落時の出口説明が弱い。,,,,,,,,,,,,,,,yes,,
1,CASE-JD-20260725-0578,demo_user_judgment_drill,2026-07-25,12,pending_user_judgment,IT設備刷新,情報通信業,赤字改善中,メイン,20,新規先,0,20,サーバー・ネットワーク機器,12,5,顧客案件増加に伴う基盤増強,直近期売上650百万円、営業利益300万円、借入金7000万円、自己資本比率20%、ステージ=赤字改善中。,保守契約と入替計画はあるが、解約時の転用価値は限定的。,継続契約が複数あり、粗利率は比較的高い。,技術陳腐化が早く、期間と経済的寿命の整合確認が必要。,,,,,,,,,,,,,,,yes,,
1,CASE-JD-20260725-0579,demo_user_judgment_drill,2026-07-25,12,pending_user_judgment,美容店舗拡張,生活関連サービス業,赤字改善中,メイン,35,新規先,0,24,美容機器,24,6,新メニュー開始,直近期売上90百万円、営業利益900万円、借入金7900万円、自己資本比率24%、ステージ=赤字改善中。,機器は専門性が高く、撤退時の換金性に幅がある。,既存顧客があり、単価上昇の余地がある。,新メニュー売上は口頭見込み中心で、解約率・稼働率が未整理。,,,,,,,,,,,,,,,yes,,
1,CASE-JD-20260725-0580,demo_user_judgment_drill,2026-07-25,12,pending_user_judgment,農業設備,農業,赤字改善中,非メイン,50,新規先,0,30,選果機,36,7,出荷能力向上,直近期売上125百万円、営業利益1600万円、借入金8800万円、自己資本比率30%、ステージ=赤字改善中。,補助金と組合支援の説明はあるが、入金時期が未確定。,出荷先との取引は長く、季節需要も見込める。,収穫量・天候影響に左右され、年間資金繰りの波が大きい。,,,,,,,,,,,,,,,yes,,
1,CASE-JD-20260725-0581,demo_user_judgment_drill,2026-07-25,12,pending_user_judgment,補助金前提,製造業,急成長,非メイン,80,既存先,90,36,CNC工作機械,36,4,老朽設備更新と増産対応,直近期売上160百万円、営業利益2400万円、借入金9700万円、自己資本比率36%、ステージ=急成長。,社長は採択前提で説明しているが、銀行支援は口頭段階。,既存主力先からの受注残があり、設備必要性は明確。,補助金採択前にリース開始予定で、未採択時の資金繰り説明が弱い。,,,,,,,,,,,,,,,yes,,
1,CASE-JD-20260725-0582,demo_user_judgment_drill,2026-07-25,12,pending_user_judgment,新店舗計画,飲食業,急成長,非メイン,120,既存先,5,8,厨房設備一式,62,5,新店舗出店,直近期売上195百万円、営業利益3600万円、借入金10600万円、自己資本比率8%、ステージ=急成長。,立地評価は高いが、回転率・客単価・原価率の資料が薄い。,既存店舗は黒字で、代表に運営経験がある。,新店舗売上計画が既存店実績より強く、人員確保も未確定。,,,,,,,,,,,,,,,yes,,
1,CASE-JD-20260725-0583,demo_user_judgment_drill,2026-07-25,12,pending_user_judgment,増額更新,食品製造業,急成長,メイン,180,既存先,12,12,包装ライン,12,6,既存設備更新,直近期売上230百万円、営業利益-800万円、借入金11500万円、自己資本比率12%、ステージ=急成長。,旧設備の廃棄費用・下取り可否が未確認。,故障頻度と停止時間が増え、更新合理性はある。,月額負担が上がる一方、改善効果がメーカー資料中心。,,,,,,,,,,,,,,,yes,,
1,CASE-JD-20260725-0584,demo_user_judgment_drill,2026-07-25,12,pending_user_judgment,新規契約前提,運送業,急成長,メイン,250,既存先,18,16,大型トラック,24,7,新規荷主ルート対応,直近期売上265百万円、営業利益300万円、借入金12400万円、自己資本比率16%、ステージ=急成長。,契約不成立時は既存業務に転用可能だが採算は下がる。,既存車両の稼働率は高く、返済履歴も良好。,荷主契約が内諾段階で、燃料費上昇時の採算余力が薄い。,,,,,,,,,,,,,,,yes,,
1,CASE-JD-20260725-0585,demo_user_judgment_drill,2026-07-25,12,pending_user_judgment,購入選択権,卸売業,急成長,メイン,0,既存先,25,20,フォークリフト,36,4,倉庫能力維持,直近期売上300百万円、営業利益900万円、借入金13300万円、自己資本比率20%、ステージ=急成長。,使用時間が長く、バッテリー交換費用の負担確認が必要。,倉庫稼働は安定し、物件の必要性は明確。,購入選択権価格が低く、残価・満了後出口の説明が弱い。,,,,,,,,,,,,,,,yes,,
1,CASE-JD-20260725-0586,demo_user_judgment_drill,2026-07-25,12,pending_user_judgment,医療機器更新,医療・福祉,急成長,非メイン,20,新規先,0,24,画像診断装置,62,5,診療能力維持と待ち時間短縮,直近期売上335百万円、営業利益1600万円、借入金2500万円、自己資本比率24%、ステージ=急成長。,メーカー保守契約は提示済みだが、更新後の稼働計画は概算。,地域需要があり、既存患者基盤も安定している。,診療報酬改定や保守費用を織り込んだ採算表が不足。,,,,,,,,,,,,,,,yes,,
1,CASE-JD-20260725-0587,demo_user_judgment_drill,2026-07-25,12,pending_user_judgment,建機高稼働,建設業,急成長,非メイン,35,新規先,0,30,油圧ショベル,12,6,受注現場対応,直近期売上370百万円、営業利益2400万円、借入金3400万円、自己資本比率30%、ステージ=急成長。,代表は中古売却可能と説明するが、査定根拠は未取得。,公共工事の受注残があり、機械稼働の見込みはある。,工期後の転用先と中古価格下落時の出口説明が弱い。,,,,,,,,,,,,,,,yes,,
1,CASE-JD-20260725-0588,demo_user_judgment_drill,2026-07-25,12,pending_user_judgment,IT設備刷新,情報通信業,急成長,非メイン,50,新規先,0,36,サーバー・ネットワーク機器,24,7,顧客案件増加に伴う基盤増強,直近期売上405百万円、営業利益3600万円、借入金4300万円、自己資本比率36%、ステージ=急成長。,保守契約と入替計画はあるが、解約時の転用価値は限定的。,継続契約が複数あり、粗利率は比較的高い。,技術陳腐化が早く、期間と経済的寿命の整合確認が必要。,,,,,,,,,,,,,,,yes,,
1,CASE-JD-20260725-0589,demo_user_judgment_drill,2026-07-25,12,pending_user_judgment,美容店舗拡張,生活関連サービス業,急成長,メイン,80,新規先,0,8,美容機器,36,4,新メニュー開始,直近期売上440百万円、営業利益-800万円、借入金5200万円、自己資本比率8%、ステージ=急成長。,機器は専門性が高く、撤退時の換金性に幅がある。,既存顧客があり、単価上昇の余地がある。,新メニュー売上は口頭見込み中心で、解約率・稼働率が未整理。,,,,,,,,,,,,,,,yes,,
1,CASE-JD-20260725-0590,demo_user_judgment_drill,2026-07-25,12,pending_user_judgment,農業設備,農業,急成長,メイン,120,新規先,0,12,選果機,62,5,出荷能力向上,直近期売上475百万円、営業利益300万円、借入金6100万円、自己資本比率12%、ステージ=急成長。,補助金と組合支援の説明はあるが、入金時期が未確定。,出荷先との取引は長く、季節需要も見込める。,収穫量・天候影響に左右され、年間資金繰りの波が大きい。,,,,,,,,,,,,,,,yes,,
1,CASE-JD-20260725-0591,demo_user_judgment_drill,2026-07-25,12,pending_user_judgment,補助金前提,製造業,事業承継直後,メイン,180,既存先,18,16,CNC工作機械,62,6,老朽設備更新と増産対応,直近期売上510百万円、営業利益900万円、借入金7000万円、自己資本比率16%、ステージ=事業承継直後。,社長は採択前提で説明しているが、銀行支援は口頭段階。,既存主力先からの受注残があり、設備必要性は明確。,補助金採択前にリース開始予定で、未採択時の資金繰り説明が弱い。,,,,,,,,,,,,,,,yes,,
1,CASE-JD-20260725-0592,demo_user_judgment_drill,2026-07-25,12,pending_user_judgment,新店舗計画,飲食業,事業承継直後,非メイン,250,既存先,25,20,厨房設備一式,12,7,新店舗出店,直近期売上545百万円、営業利益1600万円、借入金7900万円、自己資本比率20%、ステージ=事業承継直後。,立地評価は高いが、回転率・客単価・原価率の資料が薄い。,既存店舗は黒字で、代表に運営経験がある。,新店舗売上計画が既存店実績より強く、人員確保も未確定。,,,,,,,,,,,,,,,yes,,
1,CASE-JD-20260725-0593,demo_user_judgment_drill,2026-07-25,12,pending_user_judgment,増額更新,食品製造業,事業承継直後,非メイン,0,既存先,40,24,包装ライン,24,4,既存設備更新,直近期売上580百万円、営業利益2400万円、借入金8800万円、自己資本比率24%、ステージ=事業承継直後。,旧設備の廃棄費用・下取り可否が未確認。,故障頻度と停止時間が増え、更新合理性はある。,月額負担が上がる一方、改善効果がメーカー資料中心。,,,,,,,,,,,,,,,yes,,
1,CASE-JD-20260725-0594,demo_user_judgment_drill,2026-07-25,12,pending_user_judgment,新規契約前提,運送業,事業承継直後,非メイン,20,既存先,60,30,大型トラック,36,5,新規荷主ルート対応,直近期売上615百万円、営業利益3600万円、借入金9700万円、自己資本比率30%、ステージ=事業承継直後。,契約不成立時は既存業務に転用可能だが採算は下がる。,既存車両の稼働率は高く、返済履歴も良好。,荷主契約が内諾段階で、燃料費上昇時の採算余力が薄い。,,,,,,,,,,,,,,,yes,,
1,CASE-JD-20260725-0595,demo_user_judgment_drill,2026-07-25,12,pending_user_judgment,購入選択権,卸売業,事業承継直後,メイン,35,既存先,90,36,フォークリフト,62,6,倉庫能力維持,直近期売上650百万円、営業利益-800万円、借入金10600万円、自己資本比率36%、ステージ=事業承継直後。,使用時間が長く、バッテリー交換費用の負担確認が必要。,倉庫稼働は安定し、物件の必要性は明確。,購入選択権価格が低く、残価・満了後出口の説明が弱い。,,,,,,,,,,,,,,,yes,,
1,CASE-JD-20260725-0596,demo_user_judgment_drill,2026-07-25,12,pending_user_judgment,医療機器更新,医療・福祉,事業承継直後,メイン,50,新規先,0,8,画像診断装置,12,7,診療能力維持と待ち時間短縮,直近期売上90百万円、営業利益300万円、借入金11500万円、自己資本比率8%、ステージ=事業承継直後。,メーカー保守契約は提示済みだが、更新後の稼働計画は概算。,地域需要があり、既存患者基盤も安定している。,診療報酬改定や保守費用を織り込んだ採算表が不足。,,,,,,,,,,,,,,,yes,,
1,CASE-JD-20260725-0597,demo_user_judgment_drill,2026-07-25,12,pending_user_judgment,建機高稼働,建設業,事業承継直後,メイン,80,新規先,0,12,油圧ショベル,24,4,受注現場対応,直近期売上125百万円、営業利益900万円、借入金12400万円、自己資本比率12%、ステージ=事業承継直後。,代表は中古売却可能と説明するが、査定根拠は未取得。,公共工事の受注残があり、機械稼働の見込みはある。,工期後の転用先と中古価格下落時の出口説明が弱い。,,,,,,,,,,,,,,,yes,,
1,CASE-JD-20260725-0598,demo_user_judgment_drill,2026-07-25,12,pending_user_judgment,IT設備刷新,情報通信業,事業承継直後,非メイン,120,新規先,0,16,サーバー・ネットワーク機器,36,5,顧客案件増加に伴う基盤増強,直近期売上160百万円、営業利益1600万円、借入金13300万円、自己資本比率16%、ステージ=事業承継直後。,保守契約と入替計画はあるが、解約時の転用価値は限定的。,継続契約が複数あり、粗利率は比較的高い。,技術陳腐化が早く、期間と経済的寿命の整合確認が必要。,,,,,,,,,,,,,,,yes,,
1,CASE-JD-20260725-0599,demo_user_judgment_drill,2026-07-25,12,pending_user_judgment,美容店舗拡張,生活関連サービス業,事業承継直後,非メイン,180,新規先,0,20,美容機器,62,6,新メニュー開始,直近期売上195百万円、営業利益2400万円、借入金2500万円、自己資本比率20%、ステージ=事業承継直後。,機器は専門性が高く、撤退時の換金性に幅がある。,既存顧客があり、単価上昇の余地がある。,新メニュー売上は口頭見込み中心で、解約率・稼働率が未整理。,,,,,,,,,,,,,,,yes,,
1,CASE-JD-20260725-0600,demo_user_judgment_drill,2026-07-25,12,pending_user_judgment,農業設備,農業,事業承継直後,非メイン,250,新規先,0,24,選果機,12,7,出荷能力向上,直近期売上230百万円、営業利益3600万円、借入金3400万円、自己資本比率24%、ステージ=事業承継直後。,補助金と組合支援の説明はあるが、入金時期が未確定。,出荷先との取引は長く、季節需要も見込める。,収穫量・天候影響に左右され、年間資金繰りの波が大きい。,,,,,,,,,,,,,,,yes,,
1,CASE-JD-20260725-0601,demo_user_judgment_drill,2026-07-25,13,pending_user_judgment,補助金前提,製造業,安定黒字,メイン,0,既存先,60,30,CNC工作機械,12,4,老朽設備更新と増産対応,直近期売上265百万円、営業利益-800万円、借入金4300万円、自己資本比率30%、ステージ=安定黒字。,社長は採択前提で説明しているが、銀行支援は口頭段階。,既存主力先からの受注残があり、設備必要性は明確。,補助金採択前にリース開始予定で、未採択時の資金繰り説明が弱い。,,,,,,,,,,,,,,,yes,,
1,CASE-JD-20260725-0602,demo_user_judgment_drill,2026-07-25,13,pending_user_judgment,新店舗計画,飲食業,安定黒字,メイン,20,既存先,90,36,厨房設備一式,24,5,新店舗出店,直近期売上300百万円、営業利益300万円、借入金5200万円、自己資本比率36%、ステージ=安定黒字。,立地評価は高いが、回転率・客単価・原価率の資料が薄い。,既存店舗は黒字で、代表に運営経験がある。,新店舗売上計画が既存店実績より強く、人員確保も未確定。,,,,,,,,,,,,,,,yes,,
1,CASE-JD-20260725-0603,demo_user_judgment_drill,2026-07-25,13,pending_user_judgment,増額更新,食品製造業,安定黒字,メイン,35,既存先,5,8,包装ライン,36,6,既存設備更新,直近期売上335百万円、営業利益900万円、借入金6100万円、自己資本比率8%、ステージ=安定黒字。,旧設備の廃棄費用・下取り可否が未確認。,故障頻度と停止時間が増え、更新合理性はある。,月額負担が上がる一方、改善効果がメーカー資料中心。,,,,,,,,,,,,,,,yes,,
1,CASE-JD-20260725-0604,demo_user_judgment_drill,2026-07-25,13,pending_user_judgment,新規契約前提,運送業,安定黒字,非メイン,50,既存先,12,12,大型トラック,62,7,新規荷主ルート対応,直近期売上370百万円、営業利益1600万円、借入金7000万円、自己資本比率12%、ステージ=安定黒字。,契約不成立時は既存業務に転用可能だが採算は下がる。,既存車両の稼働率は高く、返済履歴も良好。,荷主契約が内諾段階で、燃料費上昇時の採算余力が薄い。,,,,,,,,,,,,,,,yes,,
1,CASE-JD-20260725-0605,demo_user_judgment_drill,2026-07-25,13,pending_user_judgment,購入選択権,卸売業,安定黒字,非メイン,80,既存先,18,16,フォークリフト,12,4,倉庫能力維持,直近期売上405百万円、営業利益2400万円、借入金7900万円、自己資本比率16%、ステージ=安定黒字。,使用時間が長く、バッテリー交換費用の負担確認が必要。,倉庫稼働は安定し、物件の必要性は明確。,購入選択権価格が低く、残価・満了後出口の説明が弱い。,,,,,,,,,,,,,,,yes,,
1,CASE-JD-20260725-0606,demo_user_judgment_drill,2026-07-25,13,pending_user_judgment,医療機器更新,医療・福祉,安定黒字,非メイン,120,新規先,0,20,画像診断装置,24,5,診療能力維持と待ち時間短縮,直近期売上440百万円、営業利益3600万円、借入金8800万円、自己資本比率20%、ステージ=安定黒字。,メーカー保守契約は提示済みだが、更新後の稼働計画は概算。,地域需要があり、既存患者基盤も安定している。,診療報酬改定や保守費用を織り込んだ採算表が不足。,,,,,,,,,,,,,,,yes,,
1,CASE-JD-20260725-0607,demo_user_judgment_drill,2026-07-25,13,pending_user_judgment,建機高稼働,建設業,安定黒字,メイン,180,新規先,0,24,油圧ショベル,36,6,受注現場対応,直近期売上475百万円、営業利益-800万円、借入金9700万円、自己資本比率24%、ステージ=安定黒字。,代表は中古売却可能と説明するが、査定根拠は未取得。,公共工事の受注残があり、機械稼働の見込みはある。,工期後の転用先と中古価格下落時の出口説明が弱い。,,,,,,,,,,,,,,,yes,,
1,CASE-JD-20260725-0608,demo_user_judgment_drill,2026-07-25,13,pending_user_judgment,IT設備刷新,情報通信業,安定黒字,メイン,250,新規先,0,30,サーバー・ネットワーク機器,62,7,顧客案件増加に伴う基盤増強,直近期売上510百万円、営業利益300万円、借入金10600万円、自己資本比率30%、ステージ=安定黒字。,保守契約と入替計画はあるが、解約時の転用価値は限定的。,継続契約が複数あり、粗利率は比較的高い。,技術陳腐化が早く、期間と経済的寿命の整合確認が必要。,,,,,,,,,,,,,,,yes,,
1,CASE-JD-20260725-0609,demo_user_judgment_drill,2026-07-25,13,pending_user_judgment,美容店舗拡張,生活関連サービス業,安定黒字,メイン,0,新規先,0,36,美容機器,12,4,新メニュー開始,直近期売上545百万円、営業利益900万円、借入金11500万円、自己資本比率36%、ステージ=安定黒字。,機器は専門性が高く、撤退時の換金性に幅がある。,既存顧客があり、単価上昇の余地がある。,新メニュー売上は口頭見込み中心で、解約率・稼働率が未整理。,,,,,,,,,,,,,,,yes,,
1,CASE-JD-20260725-0610,demo_user_judgment_drill,2026-07-25,13,pending_user_judgment,農業設備,農業,安定黒字,非メイン,20,新規先,0,8,選果機,24,5,出荷能力向上,直近期売上580百万円、営業利益1600万円、借入金12400万円、自己資本比率8%、ステージ=安定黒字。,補助金と組合支援の説明はあるが、入金時期が未確定。,出荷先との取引は長く、季節需要も見込める。,収穫量・天候影響に左右され、年間資金繰りの波が大きい。,,,,,,,,,,,,,,,yes,,
1,CASE-JD-20260725-0611,demo_user_judgment_drill,2026-07-25,13,pending_user_judgment,補助金前提,製造業,低利益,非メイン,35,既存先,12,12,CNC工作機械,24,6,老朽設備更新と増産対応,直近期売上615百万円、営業利益2400万円、借入金13300万円、自己資本比率12%、ステージ=低利益。,社長は採択前提で説明しているが、銀行支援は口頭段階。,既存主力先からの受注残があり、設備必要性は明確。,補助金採択前にリース開始予定で、未採択時の資金繰り説明が弱い。,,,,,,,,,,,,,,,yes,,
1,CASE-JD-20260725-0612,demo_user_judgment_drill,2026-07-25,13,pending_user_judgment,新店舗計画,飲食業,低利益,非メイン,50,既存先,18,16,厨房設備一式,36,7,新店舗出店,直近期売上650百万円、営業利益3600万円、借入金2500万円、自己資本比率16%、ステージ=低利益。,立地評価は高いが、回転率・客単価・原価率の資料が薄い。,既存店舗は黒字で、代表に運営経験がある。,新店舗売上計画が既存店実績より強く、人員確保も未確定。,,,,,,,,,,,,,,,yes,,
1,CASE-JD-20260725-0613,demo_user_judgment_drill,2026-07-25,13,pending_user_judgment,増額更新,食品製造業,低利益,メイン,80,既存先,25,20,包装ライン,62,4,既存設備更新,直近期売上90百万円、営業利益-800万円、借入金3400万円、自己資本比率20%、ステージ=低利益。,旧設備の廃棄費用・下取り可否が未確認。,故障頻度と停止時間が増え、更新合理性はある。,月額負担が上がる一方、改善効果がメーカー資料中心。,,,,,,,,,,,,,,,yes,,
1,CASE-JD-20260725-0614,demo_user_judgment_drill,2026-07-25,13,pending_user_judgment,新規契約前提,運送業,低利益,メイン,120,既存先,40,24,大型トラック,12,5,新規荷主ルート対応,直近期売上125百万円、営業利益300万円、借入金4300万円、自己資本比率24%、ステージ=低利益。,契約不成立時は既存業務に転用可能だが採算は下がる。,既存車両の稼働率は高く、返済履歴も良好。,荷主契約が内諾段階で、燃料費上昇時の採算余力が薄い。,,,,,,,,,,,,,,,yes,,
1,CASE-JD-20260725-0615,demo_user_judgment_drill,2026-07-25,13,pending_user_judgment,購入選択権,卸売業,低利益,メイン,180,既存先,60,30,フォークリフト,24,6,倉庫能力維持,直近期売上160百万円、営業利益900万円、借入金5200万円、自己資本比率30%、ステージ=低利益。,使用時間が長く、バッテリー交換費用の負担確認が必要。,倉庫稼働は安定し、物件の必要性は明確。,購入選択権価格が低く、残価・満了後出口の説明が弱い。,,,,,,,,,,,,,,,yes,,
1,CASE-JD-20260725-0616,demo_user_judgment_drill,2026-07-25,13,pending_user_judgment,医療機器更新,医療・福祉,低利益,非メイン,250,新規先,0,36,画像診断装置,36,7,診療能力維持と待ち時間短縮,直近期売上195百万円、営業利益1600万円、借入金6100万円、自己資本比率36%、ステージ=低利益。,メーカー保守契約は提示済みだが、更新後の稼働計画は概算。,地域需要があり、既存患者基盤も安定している。,診療報酬改定や保守費用を織り込んだ採算表が不足。,,,,,,,,,,,,,,,yes,,
1,CASE-JD-20260725-0617,demo_user_judgment_drill,2026-07-25,13,pending_user_judgment,建機高稼働,建設業,低利益,非メイン,0,新規先,0,8,油圧ショベル,62,4,受注現場対応,直近期売上230百万円、営業利益2400万円、借入金7000万円、自己資本比率8%、ステージ=低利益。,代表は中古売却可能と説明するが、査定根拠は未取得。,公共工事の受注残があり、機械稼働の見込みはある。,工期後の転用先と中古価格下落時の出口説明が弱い。,,,,,,,,,,,,,,,yes,,
1,CASE-JD-20260725-0618,demo_user_judgment_drill,2026-07-25,13,pending_user_judgment,IT設備刷新,情報通信業,低利益,非メイン,20,新規先,0,12,サーバー・ネットワーク機器,12,5,顧客案件増加に伴う基盤増強,直近期売上265百万円、営業利益3600万円、借入金7900万円、自己資本比率12%、ステージ=低利益。,保守契約と入替計画はあるが、解約時の転用価値は限定的。,継続契約が複数あり、粗利率は比較的高い。,技術陳腐化が早く、期間と経済的寿命の整合確認が必要。,,,,,,,,,,,,,,,yes,,
1,CASE-JD-20260725-0619,demo_user_judgment_drill,2026-07-25,13,pending_user_judgment,美容店舗拡張,生活関連サービス業,低利益,メイン,35,新規先,0,16,美容機器,24,6,新メニュー開始,直近期売上300百万円、営業利益-800万円、借入金8800万円、自己資本比率16%、ステージ=低利益。,機器は専門性が高く、撤退時の換金性に幅がある。,既存顧客があり、単価上昇の余地がある。,新メニュー売上は口頭見込み中心で、解約率・稼働率が未整理。,,,,,,,,,,,,,,,yes,,
1,CASE-JD-20260725-0620,demo_user_judgment_drill,2026-07-25,13,pending_user_judgment,農業設備,農業,低利益,メイン,50,新規先,0,20,選果機,36,7,出荷能力向上,直近期売上335百万円、営業利益300万円、借入金9700万円、自己資本比率20%、ステージ=低利益。,補助金と組合支援の説明はあるが、入金時期が未確定。,出荷先との取引は長く、季節需要も見込める。,収穫量・天候影響に左右され、年間資金繰りの波が大きい。,,,,,,,,,,,,,,,yes,,
1,CASE-JD-20260725-0621,demo_user_judgment_drill,2026-07-25,13,pending_user_judgment,補助金前提,製造業,赤字改善中,メイン,80,既存先,40,24,CNC工作機械,36,4,老朽設備更新と増産対応,直近期売上370百万円、営業利益900万円、借入金10600万円、自己資本比率24%、ステージ=赤字改善中。,社長は採択前提で説明しているが、銀行支援は口頭段階。,既存主力先からの受注残があり、設備必要性は明確。,補助金採択前にリース開始予定で、未採択時の資金繰り説明が弱い。,,,,,,,,,,,,,,,yes,,
1,CASE-JD-20260725-0622,demo_user_judgment_drill,2026-07-25,13,pending_user_judgment,新店舗計画,飲食業,赤字改善中,非メイン,120,既存先,60,30,厨房設備一式,62,5,新店舗出店,直近期売上405百万円、営業利益1600万円、借入金11500万円、自己資本比率30%、ステージ=赤字改善中。,立地評価は高いが、回転率・客単価・原価率の資料が薄い。,既存店舗は黒字で、代表に運営経験がある。,新店舗売上計画が既存店実績より強く、人員確保も未確定。,,,,,,,,,,,,,,,yes,,
1,CASE-JD-20260725-0623,demo_user_judgment_drill,2026-07-25,13,pending_user_judgment,増額更新,食品製造業,赤字改善中,非メイン,180,既存先,90,36,包装ライン,12,6,既存設備更新,直近期売上440百万円、営業利益2400万円、借入金12400万円、自己資本比率36%、ステージ=赤字改善中。,旧設備の廃棄費用・下取り可否が未確認。,故障頻度と停止時間が増え、更新合理性はある。,月額負担が上がる一方、改善効果がメーカー資料中心。,,,,,,,,,,,,,,,yes,,
1,CASE-JD-20260725-0624,demo_user_judgment_drill,2026-07-25,13,pending_user_judgment,新規契約前提,運送業,赤字改善中,非メイン,250,既存先,5,8,大型トラック,24,7,新規荷主ルート対応,直近期売上475百万円、営業利益3600万円、借入金13300万円、自己資本比率8%、ステージ=赤字改善中。,契約不成立時は既存業務に転用可能だが採算は下がる。,既存車両の稼働率は高く、返済履歴も良好。,荷主契約が内諾段階で、燃料費上昇時の採算余力が薄い。,,,,,,,,,,,,,,,yes,,
1,CASE-JD-20260725-0625,demo_user_judgment_drill,2026-07-25,13,pending_user_judgment,購入選択権,卸売業,赤字改善中,メイン,0,既存先,12,12,フォークリフト,36,4,倉庫能力維持,直近期売上510百万円、営業利益-800万円、借入金2500万円、自己資本比率12%、ステージ=赤字改善中。,使用時間が長く、バッテリー交換費用の負担確認が必要。,倉庫稼働は安定し、物件の必要性は明確。,購入選択権価格が低く、残価・満了後出口の説明が弱い。,,,,,,,,,,,,,,,yes,,
1,CASE-JD-20260725-0626,demo_user_judgment_drill,2026-07-25,13,pending_user_judgment,医療機器更新,医療・福祉,赤字改善中,メイン,20,新規先,0,16,画像診断装置,62,5,診療能力維持と待ち時間短縮,直近期売上545百万円、営業利益300万円、借入金3400万円、自己資本比率16%、ステージ=赤字改善中。,メーカー保守契約は提示済みだが、更新後の稼働計画は概算。,地域需要があり、既存患者基盤も安定している。,診療報酬改定や保守費用を織り込んだ採算表が不足。,,,,,,,,,,,,,,,yes,,
1,CASE-JD-20260725-0627,demo_user_judgment_drill,2026-07-25,13,pending_user_judgment,建機高稼働,建設業,赤字改善中,メイン,35,新規先,0,20,油圧ショベル,12,6,受注現場対応,直近期売上580百万円、営業利益900万円、借入金4300万円、自己資本比率20%、ステージ=赤字改善中。,代表は中古売却可能と説明するが、査定根拠は未取得。,公共工事の受注残があり、機械稼働の見込みはある。,工期後の転用先と中古価格下落時の出口説明が弱い。,,,,,,,,,,,,,,,yes,,
1,CASE-JD-20260725-0628,demo_user_judgment_drill,2026-07-25,13,pending_user_judgment,IT設備刷新,情報通信業,赤字改善中,非メイン,50,新規先,0,24,サーバー・ネットワーク機器,24,7,顧客案件増加に伴う基盤増強,直近期売上615百万円、営業利益1600万円、借入金5200万円、自己資本比率24%、ステージ=赤字改善中。,保守契約と入替計画はあるが、解約時の転用価値は限定的。,継続契約が複数あり、粗利率は比較的高い。,技術陳腐化が早く、期間と経済的寿命の整合確認が必要。,,,,,,,,,,,,,,,yes,,
1,CASE-JD-20260725-0629,demo_user_judgment_drill,2026-07-25,13,pending_user_judgment,美容店舗拡張,生活関連サービス業,赤字改善中,非メイン,80,新規先,0,30,美容機器,36,4,新メニュー開始,直近期売上650百万円、営業利益2400万円、借入金6100万円、自己資本比率30%、ステージ=赤字改善中。,機器は専門性が高く、撤退時の換金性に幅がある。,既存顧客があり、単価上昇の余地がある。,新メニュー売上は口頭見込み中心で、解約率・稼働率が未整理。,,,,,,,,,,,,,,,yes,,
1,CASE-JD-20260725-0630,demo_user_judgment_drill,2026-07-25,13,pending_user_judgment,農業設備,農業,赤字改善中,非メイン,120,新規先,0,36,選果機,62,5,出荷能力向上,直近期売上90百万円、営業利益3600万円、借入金7000万円、自己資本比率36%、ステージ=赤字改善中。,補助金と組合支援の説明はあるが、入金時期が未確定。,出荷先との取引は長く、季節需要も見込める。,収穫量・天候影響に左右され、年間資金繰りの波が大きい。,,,,,,,,,,,,,,,yes,,
1,CASE-JD-20260725-0631,demo_user_judgment_drill,2026-07-25,13,pending_user_judgment,補助金前提,製造業,急成長,メイン,180,既存先,5,8,CNC工作機械,62,6,老朽設備更新と増産対応,直近期売上125百万円、営業利益-800万円、借入金7900万円、自己資本比率8%、ステージ=急成長。,社長は採択前提で説明しているが、銀行支援は口頭段階。,既存主力先からの受注残があり、設備必要性は明確。,補助金採択前にリース開始予定で、未採択時の資金繰り説明が弱い。,,,,,,,,,,,,,,,yes,,
1,CASE-JD-20260725-0632,demo_user_judgment_drill,2026-07-25,13,pending_user_judgment,新店舗計画,飲食業,急成長,メイン,250,既存先,12,12,厨房設備一式,12,7,新店舗出店,直近期売上160百万円、営業利益300万円、借入金8800万円、自己資本比率12%、ステージ=急成長。,立地評価は高いが、回転率・客単価・原価率の資料が薄い。,既存店舗は黒字で、代表に運営経験がある。,新店舗売上計画が既存店実績より強く、人員確保も未確定。,,,,,,,,,,,,,,,yes,,
1,CASE-JD-20260725-0633,demo_user_judgment_drill,2026-07-25,13,pending_user_judgment,増額更新,食品製造業,急成長,メイン,0,既存先,18,16,包装ライン,24,4,既存設備更新,直近期売上195百万円、営業利益900万円、借入金9700万円、自己資本比率16%、ステージ=急成長。,旧設備の廃棄費用・下取り可否が未確認。,故障頻度と停止時間が増え、更新合理性はある。,月額負担が上がる一方、改善効果がメーカー資料中心。,,,,,,,,,,,,,,,yes,,
1,CASE-JD-20260725-0634,demo_user_judgment_drill,2026-07-25,13,pending_user_judgment,新規契約前提,運送業,急成長,非メイン,20,既存先,25,20,大型トラック,36,5,新規荷主ルート対応,直近期売上230百万円、営業利益1600万円、借入金10600万円、自己資本比率20%、ステージ=急成長。,契約不成立時は既存業務に転用可能だが採算は下がる。,既存車両の稼働率は高く、返済履歴も良好。,荷主契約が内諾段階で、燃料費上昇時の採算余力が薄い。,,,,,,,,,,,,,,,yes,,
1,CASE-JD-20260725-0635,demo_user_judgment_drill,2026-07-25,13,pending_user_judgment,購入選択権,卸売業,急成長,非メイン,35,既存先,40,24,フォークリフト,62,6,倉庫能力維持,直近期売上265百万円、営業利益2400万円、借入金11500万円、自己資本比率24%、ステージ=急成長。,使用時間が長く、バッテリー交換費用の負担確認が必要。,倉庫稼働は安定し、物件の必要性は明確。,購入選択権価格が低く、残価・満了後出口の説明が弱い。,,,,,,,,,,,,,,,yes,,
1,CASE-JD-20260725-0636,demo_user_judgment_drill,2026-07-25,13,pending_user_judgment,医療機器更新,医療・福祉,急成長,非メイン,50,新規先,0,30,画像診断装置,12,7,診療能力維持と待ち時間短縮,直近期売上300百万円、営業利益3600万円、借入金12400万円、自己資本比率30%、ステージ=急成長。,メーカー保守契約は提示済みだが、更新後の稼働計画は概算。,地域需要があり、既存患者基盤も安定している。,診療報酬改定や保守費用を織り込んだ採算表が不足。,,,,,,,,,,,,,,,yes,,
1,CASE-JD-20260725-0637,demo_user_judgment_drill,2026-07-25,13,pending_user_judgment,建機高稼働,建設業,急成長,メイン,80,新規先,0,36,油圧ショベル,24,4,受注現場対応,直近期売上335百万円、営業利益-800万円、借入金13300万円、自己資本比率36%、ステージ=急成長。,代表は中古売却可能と説明するが、査定根拠は未取得。,公共工事の受注残があり、機械稼働の見込みはある。,工期後の転用先と中古価格下落時の出口説明が弱い。,,,,,,,,,,,,,,,yes,,
1,CASE-JD-20260725-0638,demo_user_judgment_drill,2026-07-25,13,pending_user_judgment,IT設備刷新,情報通信業,急成長,メイン,120,新規先,0,8,サーバー・ネットワーク機器,36,5,顧客案件増加に伴う基盤増強,直近期売上370百万円、営業利益300万円、借入金2500万円、自己資本比率8%、ステージ=急成長。,保守契約と入替計画はあるが、解約時の転用価値は限定的。,継続契約が複数あり、粗利率は比較的高い。,技術陳腐化が早く、期間と経済的寿命の整合確認が必要。,,,,,,,,,,,,,,,yes,,
1,CASE-JD-20260725-0639,demo_user_judgment_drill,2026-07-25,13,pending_user_judgment,美容店舗拡張,生活関連サービス業,急成長,メイン,180,新規先,0,12,美容機器,62,6,新メニュー開始,直近期売上405百万円、営業利益900万円、借入金3400万円、自己資本比率12%、ステージ=急成長。,機器は専門性が高く、撤退時の換金性に幅がある。,既存顧客があり、単価上昇の余地がある。,新メニュー売上は口頭見込み中心で、解約率・稼働率が未整理。,,,,,,,,,,,,,,,yes,,
1,CASE-JD-20260725-0640,demo_user_judgment_drill,2026-07-25,13,pending_user_judgment,農業設備,農業,急成長,非メイン,250,新規先,0,16,選果機,12,7,出荷能力向上,直近期売上440百万円、営業利益1600万円、借入金4300万円、自己資本比率16%、ステージ=急成長。,補助金と組合支援の説明はあるが、入金時期が未確定。,出荷先との取引は長く、季節需要も見込める。,収穫量・天候影響に左右され、年間資金繰りの波が大きい。,,,,,,,,,,,,,,,yes,,
1,CASE-JD-20260725-0641,demo_user_judgment_drill,2026-07-25,13,pending_user_judgment,補助金前提,製造業,事業承継直後,非メイン,0,既存先,25,20,CNC工作機械,12,4,老朽設備更新と増産対応,直近期売上475百万円、営業利益2400万円、借入金5200万円、自己資本比率20%、ステージ=事業承継直後。,社長は採択前提で説明しているが、銀行支援は口頭段階。,既存主力先からの受注残があり、設備必要性は明確。,補助金採択前にリース開始予定で、未採択時の資金繰り説明が弱い。,,,,,,,,,,,,,,,yes,,
1,CASE-JD-20260725-0642,demo_user_judgment_drill,2026-07-25,13,pending_user_judgment,新店舗計画,飲食業,事業承継直後,非メイン,20,既存先,40,24,厨房設備一式,24,5,新店舗出店,直近期売上510百万円、営業利益3600万円、借入金6100万円、自己資本比率24%、ステージ=事業承継直後。,立地評価は高いが、回転率・客単価・原価率の資料が薄い。,既存店舗は黒字で、代表に運営経験がある。,新店舗売上計画が既存店実績より強く、人員確保も未確定。,,,,,,,,,,,,,,,yes,,
1,CASE-JD-20260725-0643,demo_user_judgment_drill,2026-07-25,13,pending_user_judgment,増額更新,食品製造業,事業承継直後,メイン,35,既存先,60,30,包装ライン,36,6,既存設備更新,直近期売上545百万円、営業利益-800万円、借入金7000万円、自己資本比率30%、ステージ=事業承継直後。,旧設備の廃棄費用・下取り可否が未確認。,故障頻度と停止時間が増え、更新合理性はある。,月額負担が上がる一方、改善効果がメーカー資料中心。,,,,,,,,,,,,,,,yes,,
1,CASE-JD-20260725-0644,demo_user_judgment_drill,2026-07-25,13,pending_user_judgment,新規契約前提,運送業,事業承継直後,メイン,50,既存先,90,36,大型トラック,62,7,新規荷主ルート対応,直近期売上580百万円、営業利益300万円、借入金7900万円、自己資本比率36%、ステージ=事業承継直後。,契約不成立時は既存業務に転用可能だが採算は下がる。,既存車両の稼働率は高く、返済履歴も良好。,荷主契約が内諾段階で、燃料費上昇時の採算余力が薄い。,,,,,,,,,,,,,,,yes,,
1,CASE-JD-20260725-0645,demo_user_judgment_drill,2026-07-25,13,pending_user_judgment,購入選択権,卸売業,事業承継直後,メイン,80,既存先,5,8,フォークリフト,12,4,倉庫能力維持,直近期売上615百万円、営業利益900万円、借入金8800万円、自己資本比率8%、ステージ=事業承継直後。,使用時間が長く、バッテリー交換費用の負担確認が必要。,倉庫稼働は安定し、物件の必要性は明確。,購入選択権価格が低く、残価・満了後出口の説明が弱い。,,,,,,,,,,,,,,,yes,,
1,CASE-JD-20260725-0646,demo_user_judgment_drill,2026-07-25,13,pending_user_judgment,医療機器更新,医療・福祉,事業承継直後,非メイン,120,新規先,0,12,画像診断装置,24,5,診療能力維持と待ち時間短縮,直近期売上650百万円、営業利益1600万円、借入金9700万円、自己資本比率12%、ステージ=事業承継直後。,メーカー保守契約は提示済みだが、更新後の稼働計画は概算。,地域需要があり、既存患者基盤も安定している。,診療報酬改定や保守費用を織り込んだ採算表が不足。,,,,,,,,,,,,,,,yes,,
1,CASE-JD-20260725-0647,demo_user_judgment_drill,2026-07-25,13,pending_user_judgment,建機高稼働,建設業,事業承継直後,非メイン,180,新規先,0,16,油圧ショベル,36,6,受注現場対応,直近期売上90百万円、営業利益2400万円、借入金10600万円、自己資本比率16%、ステージ=事業承継直後。,代表は中古売却可能と説明するが、査定根拠は未取得。,公共工事の受注残があり、機械稼働の見込みはある。,工期後の転用先と中古価格下落時の出口説明が弱い。,,,,,,,,,,,,,,,yes,,
1,CASE-JD-20260725-0648,demo_user_judgment_drill,2026-07-25,13,pending_user_judgment,IT設備刷新,情報通信業,事業承継直後,非メイン,250,新規先,0,20,サーバー・ネットワーク機器,62,7,顧客案件増加に伴う基盤増強,直近期売上125百万円、営業利益3600万円、借入金11500万円、自己資本比率20%、ステージ=事業承継直後。,保守契約と入替計画はあるが、解約時の転用価値は限定的。,継続契約が複数あり、粗利率は比較的高い。,技術陳腐化が早く、期間と経済的寿命の整合確認が必要。,,,,,,,,,,,,,,,yes,,
1,CASE-JD-20260725-0649,demo_user_judgment_drill,2026-07-25,13,pending_user_judgment,美容店舗拡張,生活関連サービス業,事業承継直後,メイン,0,新規先,0,24,美容機器,12,4,新メニュー開始,直近期売上160百万円、営業利益-800万円、借入金12400万円、自己資本比率24%、ステージ=事業承継直後。,機器は専門性が高く、撤退時の換金性に幅がある。,既存顧客があり、単価上昇の余地がある。,新メニュー売上は口頭見込み中心で、解約率・稼働率が未整理。,,,,,,,,,,,,,,,yes,,
1,CASE-JD-20260725-0650,demo_user_judgment_drill,2026-07-25,13,pending_user_judgment,農業設備,農業,事業承継直後,メイン,20,新規先,0,30,選果機,24,5,出荷能力向上,直近期売上195百万円、営業利益300万円、借入金13300万円、自己資本比率30%、ステージ=事業承継直後。,補助金と組合支援の説明はあるが、入金時期が未確定。,出荷先との取引は長く、季節需要も見込める。,収穫量・天候影響に左右され、年間資金繰りの波が大きい。,,,,,,,,,,,,,,,yes,,
1,CASE-JD-20260725-0651,demo_user_judgment_drill,2026-07-25,14,pending_user_judgment,補助金前提,製造業,安定黒字,メイン,35,既存先,90,36,CNC工作機械,24,6,老朽設備更新と増産対応,直近期売上230百万円、営業利益900万円、借入金2500万円、自己資本比率36%、ステージ=安定黒字。,社長は採択前提で説明しているが、銀行支援は口頭段階。,既存主力先からの受注残があり、設備必要性は明確。,補助金採択前にリース開始予定で、未採択時の資金繰り説明が弱い。,,,,,,,,,,,,,,,yes,,
1,CASE-JD-20260725-0652,demo_user_judgment_drill,2026-07-25,14,pending_user_judgment,新店舗計画,飲食業,安定黒字,非メイン,50,既存先,5,8,厨房設備一式,36,7,新店舗出店,直近期売上265百万円、営業利益1600万円、借入金3400万円、自己資本比率8%、ステージ=安定黒字。,立地評価は高いが、回転率・客単価・原価率の資料が薄い。,既存店舗は黒字で、代表に運営経験がある。,新店舗売上計画が既存店実績より強く、人員確保も未確定。,,,,,,,,,,,,,,,yes,,
1,CASE-JD-20260725-0653,demo_user_judgment_drill,2026-07-25,14,pending_user_judgment,増額更新,食品製造業,安定黒字,非メイン,80,既存先,12,12,包装ライン,62,4,既存設備更新,直近期売上300百万円、営業利益2400万円、借入金4300万円、自己資本比率12%、ステージ=安定黒字。,旧設備の廃棄費用・下取り可否が未確認。,故障頻度と停止時間が増え、更新合理性はある。,月額負担が上がる一方、改善効果がメーカー資料中心。,,,,,,,,,,,,,,,yes,,
1,CASE-JD-20260725-0654,demo_user_judgment_drill,2026-07-25,14,pending_user_judgment,新規契約前提,運送業,安定黒字,非メイン,120,既存先,18,16,大型トラック,12,5,新規荷主ルート対応,直近期売上335百万円、営業利益3600万円、借入金5200万円、自己資本比率16%、ステージ=安定黒字。,契約不成立時は既存業務に転用可能だが採算は下がる。,既存車両の稼働率は高く、返済履歴も良好。,荷主契約が内諾段階で、燃料費上昇時の採算余力が薄い。,,,,,,,,,,,,,,,yes,,
1,CASE-JD-20260725-0655,demo_user_judgment_drill,2026-07-25,14,pending_user_judgment,購入選択権,卸売業,安定黒字,メイン,180,既存先,25,20,フォークリフト,24,6,倉庫能力維持,直近期売上370百万円、営業利益-800万円、借入金6100万円、自己資本比率20%、ステージ=安定黒字。,使用時間が長く、バッテリー交換費用の負担確認が必要。,倉庫稼働は安定し、物件の必要性は明確。,購入選択権価格が低く、残価・満了後出口の説明が弱い。,,,,,,,,,,,,,,,yes,,
1,CASE-JD-20260725-0656,demo_user_judgment_drill,2026-07-25,14,pending_user_judgment,医療機器更新,医療・福祉,安定黒字,メイン,250,新規先,0,24,画像診断装置,36,7,診療能力維持と待ち時間短縮,直近期売上405百万円、営業利益300万円、借入金7000万円、自己資本比率24%、ステージ=安定黒字。,メーカー保守契約は提示済みだが、更新後の稼働計画は概算。,地域需要があり、既存患者基盤も安定している。,診療報酬改定や保守費用を織り込んだ採算表が不足。,,,,,,,,,,,,,,,yes,,
1,CASE-JD-20260725-0657,demo_user_judgment_drill,2026-07-25,14,pending_user_judgment,建機高稼働,建設業,安定黒字,メイン,0,新規先,0,30,油圧ショベル,62,4,受注現場対応,直近期売上440百万円、営業利益900万円、借入金7900万円、自己資本比率30%、ステージ=安定黒字。,代表は中古売却可能と説明するが、査定根拠は未取得。,公共工事の受注残があり、機械稼働の見込みはある。,工期後の転用先と中古価格下落時の出口説明が弱い。,,,,,,,,,,,,,,,yes,,
1,CASE-JD-20260725-0658,demo_user_judgment_drill,2026-07-25,14,pending_user_judgment,IT設備刷新,情報通信業,安定黒字,非メイン,20,新規先,0,36,サーバー・ネットワーク機器,12,5,顧客案件増加に伴う基盤増強,直近期売上475百万円、営業利益1600万円、借入金8800万円、自己資本比率36%、ステージ=安定黒字。,保守契約と入替計画はあるが、解約時の転用価値は限定的。,継続契約が複数あり、粗利率は比較的高い。,技術陳腐化が早く、期間と経済的寿命の整合確認が必要。,,,,,,,,,,,,,,,yes,,
1,CASE-JD-20260725-0659,demo_user_judgment_drill,2026-07-25,14,pending_user_judgment,美容店舗拡張,生活関連サービス業,安定黒字,非メイン,35,新規先,0,8,美容機器,24,6,新メニュー開始,直近期売上510百万円、営業利益2400万円、借入金9700万円、自己資本比率8%、ステージ=安定黒字。,機器は専門性が高く、撤退時の換金性に幅がある。,既存顧客があり、単価上昇の余地がある。,新メニュー売上は口頭見込み中心で、解約率・稼働率が未整理。,,,,,,,,,,,,,,,yes,,
1,CASE-JD-20260725-0660,demo_user_judgment_drill,2026-07-25,14,pending_user_judgment,農業設備,農業,安定黒字,非メイン,50,新規先,0,12,選果機,36,7,出荷能力向上,直近期売上545百万円、営業利益3600万円、借入金10600万円、自己資本比率12%、ステージ=安定黒字。,補助金と組合支援の説明はあるが、入金時期が未確定。,出荷先との取引は長く、季節需要も見込める。,収穫量・天候影響に左右され、年間資金繰りの波が大きい。,,,,,,,,,,,,,,,yes,,
1,CASE-JD-20260725-0661,demo_user_judgment_drill,2026-07-25,14,pending_user_judgment,補助金前提,製造業,低利益,メイン,80,既存先,18,16,CNC工作機械,36,4,老朽設備更新と増産対応,直近期売上580百万円、営業利益-800万円、借入金11500万円、自己資本比率16%、ステージ=低利益。,社長は採択前提で説明しているが、銀行支援は口頭段階。,既存主力先からの受注残があり、設備必要性は明確。,補助金採択前にリース開始予定で、未採択時の資金繰り説明が弱い。,,,,,,,,,,,,,,,yes,,
1,CASE-JD-20260725-0662,demo_user_judgment_drill,2026-07-25,14,pending_user_judgment,新店舗計画,飲食業,低利益,メイン,120,既存先,25,20,厨房設備一式,62,5,新店舗出店,直近期売上615百万円、営業利益300万円、借入金12400万円、自己資本比率20%、ステージ=低利益。,立地評価は高いが、回転率・客単価・原価率の資料が薄い。,既存店舗は黒字で、代表に運営経験がある。,新店舗売上計画が既存店実績より強く、人員確保も未確定。,,,,,,,,,,,,,,,yes,,
1,CASE-JD-20260725-0663,demo_user_judgment_drill,2026-07-25,14,pending_user_judgment,増額更新,食品製造業,低利益,メイン,180,既存先,40,24,包装ライン,12,6,既存設備更新,直近期売上650百万円、営業利益900万円、借入金13300万円、自己資本比率24%、ステージ=低利益。,旧設備の廃棄費用・下取り可否が未確認。,故障頻度と停止時間が増え、更新合理性はある。,月額負担が上がる一方、改善効果がメーカー資料中心。,,,,,,,,,,,,,,,yes,,
1,CASE-JD-20260725-0664,demo_user_judgment_drill,2026-07-25,14,pending_user_judgment,新規契約前提,運送業,低利益,非メイン,250,既存先,60,30,大型トラック,24,7,新規荷主ルート対応,直近期売上90百万円、営業利益1600万円、借入金2500万円、自己資本比率30%、ステージ=低利益。,契約不成立時は既存業務に転用可能だが採算は下がる。,既存車両の稼働率は高く、返済履歴も良好。,荷主契約が内諾段階で、燃料費上昇時の採算余力が薄い。,,,,,,,,,,,,,,,yes,,
1,CASE-JD-20260725-0665,demo_user_judgment_drill,2026-07-25,14,pending_user_judgment,購入選択権,卸売業,低利益,非メイン,0,既存先,90,36,フォークリフト,36,4,倉庫能力維持,直近期売上125百万円、営業利益2400万円、借入金3400万円、自己資本比率36%、ステージ=低利益。,使用時間が長く、バッテリー交換費用の負担確認が必要。,倉庫稼働は安定し、物件の必要性は明確。,購入選択権価格が低く、残価・満了後出口の説明が弱い。,,,,,,,,,,,,,,,yes,,
1,CASE-JD-20260725-0666,demo_user_judgment_drill,2026-07-25,14,pending_user_judgment,医療機器更新,医療・福祉,低利益,非メイン,20,新規先,0,8,画像診断装置,62,5,診療能力維持と待ち時間短縮,直近期売上160百万円、営業利益3600万円、借入金4300万円、自己資本比率8%、ステージ=低利益。,メーカー保守契約は提示済みだが、更新後の稼働計画は概算。,地域需要があり、既存患者基盤も安定している。,診療報酬改定や保守費用を織り込んだ採算表が不足。,,,,,,,,,,,,,,,yes,,
1,CASE-JD-20260725-0667,demo_user_judgment_drill,2026-07-25,14,pending_user_judgment,建機高稼働,建設業,低利益,メイン,35,新規先,0,12,油圧ショベル,12,6,受注現場対応,直近期売上195百万円、営業利益-800万円、借入金5200万円、自己資本比率12%、ステージ=低利益。,代表は中古売却可能と説明するが、査定根拠は未取得。,公共工事の受注残があり、機械稼働の見込みはある。,工期後の転用先と中古価格下落時の出口説明が弱い。,,,,,,,,,,,,,,,yes,,
1,CASE-JD-20260725-0668,demo_user_judgment_drill,2026-07-25,14,pending_user_judgment,IT設備刷新,情報通信業,低利益,メイン,50,新規先,0,16,サーバー・ネットワーク機器,24,7,顧客案件増加に伴う基盤増強,直近期売上230百万円、営業利益300万円、借入金6100万円、自己資本比率16%、ステージ=低利益。,保守契約と入替計画はあるが、解約時の転用価値は限定的。,継続契約が複数あり、粗利率は比較的高い。,技術陳腐化が早く、期間と経済的寿命の整合確認が必要。,,,,,,,,,,,,,,,yes,,
1,CASE-JD-20260725-0669,demo_user_judgment_drill,2026-07-25,14,pending_user_judgment,美容店舗拡張,生活関連サービス業,低利益,メイン,80,新規先,0,20,美容機器,36,4,新メニュー開始,直近期売上265百万円、営業利益900万円、借入金7000万円、自己資本比率20%、ステージ=低利益。,機器は専門性が高く、撤退時の換金性に幅がある。,既存顧客があり、単価上昇の余地がある。,新メニュー売上は口頭見込み中心で、解約率・稼働率が未整理。,,,,,,,,,,,,,,,yes,,
1,CASE-JD-20260725-0670,demo_user_judgment_drill,2026-07-25,14,pending_user_judgment,農業設備,農業,低利益,非メイン,120,新規先,0,24,選果機,62,5,出荷能力向上,直近期売上300百万円、営業利益1600万円、借入金7900万円、自己資本比率24%、ステージ=低利益。,補助金と組合支援の説明はあるが、入金時期が未確定。,出荷先との取引は長く、季節需要も見込める。,収穫量・天候影響に左右され、年間資金繰りの波が大きい。,,,,,,,,,,,,,,,yes,,
1,CASE-JD-20260725-0671,demo_user_judgment_drill,2026-07-25,14,pending_user_judgment,補助金前提,製造業,赤字改善中,非メイン,180,既存先,60,30,CNC工作機械,62,6,老朽設備更新と増産対応,直近期売上335百万円、営業利益2400万円、借入金8800万円、自己資本比率30%、ステージ=赤字改善中。,社長は採択前提で説明しているが、銀行支援は口頭段階。,既存主力先からの受注残があり、設備必要性は明確。,補助金採択前にリース開始予定で、未採択時の資金繰り説明が弱い。,,,,,,,,,,,,,,,yes,,
1,CASE-JD-20260725-0672,demo_user_judgment_drill,2026-07-25,14,pending_user_judgment,新店舗計画,飲食業,赤字改善中,非メイン,250,既存先,90,36,厨房設備一式,12,7,新店舗出店,直近期売上370百万円、営業利益3600万円、借入金9700万円、自己資本比率36%、ステージ=赤字改善中。,立地評価は高いが、回転率・客単価・原価率の資料が薄い。,既存店舗は黒字で、代表に運営経験がある。,新店舗売上計画が既存店実績より強く、人員確保も未確定。,,,,,,,,,,,,,,,yes,,
1,CASE-JD-20260725-0673,demo_user_judgment_drill,2026-07-25,14,pending_user_judgment,増額更新,食品製造業,赤字改善中,メイン,0,既存先,5,8,包装ライン,24,4,既存設備更新,直近期売上405百万円、営業利益-800万円、借入金10600万円、自己資本比率8%、ステージ=赤字改善中。,旧設備の廃棄費用・下取り可否が未確認。,故障頻度と停止時間が増え、更新合理性はある。,月額負担が上がる一方、改善効果がメーカー資料中心。,,,,,,,,,,,,,,,yes,,
1,CASE-JD-20260725-0674,demo_user_judgment_drill,2026-07-25,14,pending_user_judgment,新規契約前提,運送業,赤字改善中,メイン,20,既存先,12,12,大型トラック,36,5,新規荷主ルート対応,直近期売上440百万円、営業利益300万円、借入金11500万円、自己資本比率12%、ステージ=赤字改善中。,契約不成立時は既存業務に転用可能だが採算は下がる。,既存車両の稼働率は高く、返済履歴も良好。,荷主契約が内諾段階で、燃料費上昇時の採算余力が薄い。,,,,,,,,,,,,,,,yes,,
1,CASE-JD-20260725-0675,demo_user_judgment_drill,2026-07-25,14,pending_user_judgment,購入選択権,卸売業,赤字改善中,メイン,35,既存先,18,16,フォークリフト,62,6,倉庫能力維持,直近期売上475百万円、営業利益900万円、借入金12400万円、自己資本比率16%、ステージ=赤字改善中。,使用時間が長く、バッテリー交換費用の負担確認が必要。,倉庫稼働は安定し、物件の必要性は明確。,購入選択権価格が低く、残価・満了後出口の説明が弱い。,,,,,,,,,,,,,,,yes,,
1,CASE-JD-20260725-0676,demo_user_judgment_drill,2026-07-25,14,pending_user_judgment,医療機器更新,医療・福祉,赤字改善中,非メイン,50,新規先,0,20,画像診断装置,12,7,診療能力維持と待ち時間短縮,直近期売上510百万円、営業利益1600万円、借入金13300万円、自己資本比率20%、ステージ=赤字改善中。,メーカー保守契約は提示済みだが、更新後の稼働計画は概算。,地域需要があり、既存患者基盤も安定している。,診療報酬改定や保守費用を織り込んだ採算表が不足。,,,,,,,,,,,,,,,yes,,
1,CASE-JD-20260725-0677,demo_user_judgment_drill,2026-07-25,14,pending_user_judgment,建機高稼働,建設業,赤字改善中,非メイン,80,新規先,0,24,油圧ショベル,24,4,受注現場対応,直近期売上545百万円、営業利益2400万円、借入金2500万円、自己資本比率24%、ステージ=赤字改善中。,代表は中古売却可能と説明するが、査定根拠は未取得。,公共工事の受注残があり、機械稼働の見込みはある。,工期後の転用先と中古価格下落時の出口説明が弱い。,,,,,,,,,,,,,,,yes,,
1,CASE-JD-20260725-0678,demo_user_judgment_drill,2026-07-25,14,pending_user_judgment,IT設備刷新,情報通信業,赤字改善中,非メイン,120,新規先,0,30,サーバー・ネットワーク機器,36,5,顧客案件増加に伴う基盤増強,直近期売上580百万円、営業利益3600万円、借入金3400万円、自己資本比率30%、ステージ=赤字改善中。,保守契約と入替計画はあるが、解約時の転用価値は限定的。,継続契約が複数あり、粗利率は比較的高い。,技術陳腐化が早く、期間と経済的寿命の整合確認が必要。,,,,,,,,,,,,,,,yes,,
1,CASE-JD-20260725-0679,demo_user_judgment_drill,2026-07-25,14,pending_user_judgment,美容店舗拡張,生活関連サービス業,赤字改善中,メイン,180,新規先,0,36,美容機器,62,6,新メニュー開始,直近期売上615百万円、営業利益-800万円、借入金4300万円、自己資本比率36%、ステージ=赤字改善中。,機器は専門性が高く、撤退時の換金性に幅がある。,既存顧客があり、単価上昇の余地がある。,新メニュー売上は口頭見込み中心で、解約率・稼働率が未整理。,,,,,,,,,,,,,,,yes,,
1,CASE-JD-20260725-0680,demo_user_judgment_drill,2026-07-25,14,pending_user_judgment,農業設備,農業,赤字改善中,メイン,250,新規先,0,8,選果機,12,7,出荷能力向上,直近期売上650百万円、営業利益300万円、借入金5200万円、自己資本比率8%、ステージ=赤字改善中。,補助金と組合支援の説明はあるが、入金時期が未確定。,出荷先との取引は長く、季節需要も見込める。,収穫量・天候影響に左右され、年間資金繰りの波が大きい。,,,,,,,,,,,,,,,yes,,
1,CASE-JD-20260725-0681,demo_user_judgment_drill,2026-07-25,14,pending_user_judgment,補助金前提,製造業,急成長,メイン,0,既存先,12,12,CNC工作機械,12,4,老朽設備更新と増産対応,直近期売上90百万円、営業利益900万円、借入金6100万円、自己資本比率12%、ステージ=急成長。,社長は採択前提で説明しているが、銀行支援は口頭段階。,既存主力先からの受注残があり、設備必要性は明確。,補助金採択前にリース開始予定で、未採択時の資金繰り説明が弱い。,,,,,,,,,,,,,,,yes,,
1,CASE-JD-20260725-0682,demo_user_judgment_drill,2026-07-25,14,pending_user_judgment,新店舗計画,飲食業,急成長,非メイン,20,既存先,18,16,厨房設備一式,24,5,新店舗出店,直近期売上125百万円、営業利益1600万円、借入金7000万円、自己資本比率16%、ステージ=急成長。,立地評価は高いが、回転率・客単価・原価率の資料が薄い。,既存店舗は黒字で、代表に運営経験がある。,新店舗売上計画が既存店実績より強く、人員確保も未確定。,,,,,,,,,,,,,,,yes,,
1,CASE-JD-20260725-0683,demo_user_judgment_drill,2026-07-25,14,pending_user_judgment,増額更新,食品製造業,急成長,非メイン,35,既存先,25,20,包装ライン,36,6,既存設備更新,直近期売上160百万円、営業利益2400万円、借入金7900万円、自己資本比率20%、ステージ=急成長。,旧設備の廃棄費用・下取り可否が未確認。,故障頻度と停止時間が増え、更新合理性はある。,月額負担が上がる一方、改善効果がメーカー資料中心。,,,,,,,,,,,,,,,yes,,
1,CASE-JD-20260725-0684,demo_user_judgment_drill,2026-07-25,14,pending_user_judgment,新規契約前提,運送業,急成長,非メイン,50,既存先,40,24,大型トラック,62,7,新規荷主ルート対応,直近期売上195百万円、営業利益3600万円、借入金8800万円、自己資本比率24%、ステージ=急成長。,契約不成立時は既存業務に転用可能だが採算は下がる。,既存車両の稼働率は高く、返済履歴も良好。,荷主契約が内諾段階で、燃料費上昇時の採算余力が薄い。,,,,,,,,,,,,,,,yes,,
1,CASE-JD-20260725-0685,demo_user_judgment_drill,2026-07-25,14,pending_user_judgment,購入選択権,卸売業,急成長,メイン,80,既存先,60,30,フォークリフト,12,4,倉庫能力維持,直近期売上230百万円、営業利益-800万円、借入金9700万円、自己資本比率30%、ステージ=急成長。,使用時間が長く、バッテリー交換費用の負担確認が必要。,倉庫稼働は安定し、物件の必要性は明確。,購入選択権価格が低く、残価・満了後出口の説明が弱い。,,,,,,,,,,,,,,,yes,,
1,CASE-JD-20260725-0686,demo_user_judgment_drill,2026-07-25,14,pending_user_judgment,医療機器更新,医療・福祉,急成長,メイン,120,新規先,0,36,画像診断装置,24,5,診療能力維持と待ち時間短縮,直近期売上265百万円、営業利益300万円、借入金10600万円、自己資本比率36%、ステージ=急成長。,メーカー保守契約は提示済みだが、更新後の稼働計画は概算。,地域需要があり、既存患者基盤も安定している。,診療報酬改定や保守費用を織り込んだ採算表が不足。,,,,,,,,,,,,,,,yes,,
1,CASE-JD-20260725-0687,demo_user_judgment_drill,2026-07-25,14,pending_user_judgment,建機高稼働,建設業,急成長,メイン,180,新規先,0,8,油圧ショベル,36,6,受注現場対応,直近期売上300百万円、営業利益900万円、借入金11500万円、自己資本比率8%、ステージ=急成長。,代表は中古売却可能と説明するが、査定根拠は未取得。,公共工事の受注残があり、機械稼働の見込みはある。,工期後の転用先と中古価格下落時の出口説明が弱い。,,,,,,,,,,,,,,,yes,,
1,CASE-JD-20260725-0688,demo_user_judgment_drill,2026-07-25,14,pending_user_judgment,IT設備刷新,情報通信業,急成長,非メイン,250,新規先,0,12,サーバー・ネットワーク機器,62,7,顧客案件増加に伴う基盤増強,直近期売上335百万円、営業利益1600万円、借入金12400万円、自己資本比率12%、ステージ=急成長。,保守契約と入替計画はあるが、解約時の転用価値は限定的。,継続契約が複数あり、粗利率は比較的高い。,技術陳腐化が早く、期間と経済的寿命の整合確認が必要。,,,,,,,,,,,,,,,yes,,
1,CASE-JD-20260725-0689,demo_user_judgment_drill,2026-07-25,14,pending_user_judgment,美容店舗拡張,生活関連サービス業,急成長,非メイン,0,新規先,0,16,美容機器,12,4,新メニュー開始,直近期売上370百万円、営業利益2400万円、借入金13300万円、自己資本比率16%、ステージ=急成長。,機器は専門性が高く、撤退時の換金性に幅がある。,既存顧客があり、単価上昇の余地がある。,新メニュー売上は口頭見込み中心で、解約率・稼働率が未整理。,,,,,,,,,,,,,,,yes,,
1,CASE-JD-20260725-0690,demo_user_judgment_drill,2026-07-25,14,pending_user_judgment,農業設備,農業,急成長,非メイン,20,新規先,0,20,選果機,24,5,出荷能力向上,直近期売上405百万円、営業利益3600万円、借入金2500万円、自己資本比率20%、ステージ=急成長。,補助金と組合支援の説明はあるが、入金時期が未確定。,出荷先との取引は長く、季節需要も見込める。,収穫量・天候影響に左右され、年間資金繰りの波が大きい。,,,,,,,,,,,,,,,yes,,
1,CASE-JD-20260725-0691,demo_user_judgment_drill,2026-07-25,14,pending_user_judgment,補助金前提,製造業,事業承継直後,メイン,35,既存先,40,24,CNC工作機械,24,6,老朽設備更新と増産対応,直近期売上440百万円、営業利益-800万円、借入金3400万円、自己資本比率24%、ステージ=事業承継直後。,社長は採択前提で説明しているが、銀行支援は口頭段階。,既存主力先からの受注残があり、設備必要性は明確。,補助金採択前にリース開始予定で、未採択時の資金繰り説明が弱い。,,,,,,,,,,,,,,,yes,,
1,CASE-JD-20260725-0692,demo_user_judgment_drill,2026-07-25,14,pending_user_judgment,新店舗計画,飲食業,事業承継直後,メイン,50,既存先,60,30,厨房設備一式,36,7,新店舗出店,直近期売上475百万円、営業利益300万円、借入金4300万円、自己資本比率30%、ステージ=事業承継直後。,立地評価は高いが、回転率・客単価・原価率の資料が薄い。,既存店舗は黒字で、代表に運営経験がある。,新店舗売上計画が既存店実績より強く、人員確保も未確定。,,,,,,,,,,,,,,,yes,,
1,CASE-JD-20260725-0693,demo_user_judgment_drill,2026-07-25,14,pending_user_judgment,増額更新,食品製造業,事業承継直後,メイン,80,既存先,90,36,包装ライン,62,4,既存設備更新,直近期売上510百万円、営業利益900万円、借入金5200万円、自己資本比率36%、ステージ=事業承継直後。,旧設備の廃棄費用・下取り可否が未確認。,故障頻度と停止時間が増え、更新合理性はある。,月額負担が上がる一方、改善効果がメーカー資料中心。,,,,,,,,,,,,,,,yes,,
1,CASE-JD-20260725-0694,demo_user_judgment_drill,2026-07-25,14,pending_user_judgment,新規契約前提,運送業,事業承継直後,非メイン,120,既存先,5,8,大型トラック,12,5,新規荷主ルート対応,直近期売上545百万円、営業利益1600万円、借入金6100万円、自己資本比率8%、ステージ=事業承継直後。,契約不成立時は既存業務に転用可能だが採算は下がる。,既存車両の稼働率は高く、返済履歴も良好。,荷主契約が内諾段階で、燃料費上昇時の採算余力が薄い。,,,,,,,,,,,,,,,yes,,
1,CASE-JD-20260725-0695,demo_user_judgment_drill,2026-07-25,14,pending_user_judgment,購入選択権,卸売業,事業承継直後,非メイン,180,既存先,12,12,フォークリフト,24,6,倉庫能力維持,直近期売上580百万円、営業利益2400万円、借入金7000万円、自己資本比率12%、ステージ=事業承継直後。,使用時間が長く、バッテリー交換費用の負担確認が必要。,倉庫稼働は安定し、物件の必要性は明確。,購入選択権価格が低く、残価・満了後出口の説明が弱い。,,,,,,,,,,,,,,,yes,,
1,CASE-JD-20260725-0696,demo_user_judgment_drill,2026-07-25,14,pending_user_judgment,医療機器更新,医療・福祉,事業承継直後,非メイン,250,新規先,0,16,画像診断装置,36,7,診療能力維持と待ち時間短縮,直近期売上615百万円、営業利益3600万円、借入金7900万円、自己資本比率16%、ステージ=事業承継直後。,メーカー保守契約は提示済みだが、更新後の稼働計画は概算。,地域需要があり、既存患者基盤も安定している。,診療報酬改定や保守費用を織り込んだ採算表が不足。,,,,,,,,,,,,,,,yes,,
1,CASE-JD-20260725-0697,demo_user_judgment_drill,2026-07-25,14,pending_user_judgment,建機高稼働,建設業,事業承継直後,メイン,0,新規先,0,20,油圧ショベル,62,4,受注現場対応,直近期売上650百万円、営業利益-800万円、借入金8800万円、自己資本比率20%、ステージ=事業承継直後。,代表は中古売却可能と説明するが、査定根拠は未取得。,公共工事の受注残があり、機械稼働の見込みはある。,工期後の転用先と中古価格下落時の出口説明が弱い。,,,,,,,,,,,,,,,yes,,
1,CASE-JD-20260725-0698,demo_user_judgment_drill,2026-07-25,14,pending_user_judgment,IT設備刷新,情報通信業,事業承継直後,メイン,20,新規先,0,24,サーバー・ネットワーク機器,12,5,顧客案件増加に伴う基盤増強,直近期売上90百万円、営業利益300万円、借入金9700万円、自己資本比率24%、ステージ=事業承継直後。,保守契約と入替計画はあるが、解約時の転用価値は限定的。,継続契約が複数あり、粗利率は比較的高い。,技術陳腐化が早く、期間と経済的寿命の整合確認が必要。,,,,,,,,,,,,,,,yes,,
1,CASE-JD-20260725-0699,demo_user_judgment_drill,2026-07-25,14,pending_user_judgment,美容店舗拡張,生活関連サービス業,事業承継直後,メイン,35,新規先,0,30,美容機器,24,6,新メニュー開始,直近期売上125百万円、営業利益900万円、借入金10600万円、自己資本比率30%、ステージ=事業承継直後。,機器は専門性が高く、撤退時の換金性に幅がある。,既存顧客があり、単価上昇の余地がある。,新メニュー売上は口頭見込み中心で、解約率・稼働率が未整理。,,,,,,,,,,,,,,,yes,,
1,CASE-JD-20260725-0700,demo_user_judgment_drill,2026-07-25,14,pending_user_judgment,農業設備,農業,事業承継直後,非メイン,50,新規先,0,36,選果機,36,7,出荷能力向上,直近期売上160百万円、営業利益1600万円、借入金11500万円、自己資本比率36%、ステージ=事業承継直後。,補助金と組合支援の説明はあるが、入金時期が未確定。,出荷先との取引は長く、季節需要も見込める。,収穫量・天候影響に左右され、年間資金繰りの波が大きい。,,,,,,,,,,,,,,,yes,,
1,CASE-JD-20260725-0701,demo_user_judgment_drill,2026-07-25,15,pending_user_judgment,補助金前提,製造業,安定黒字,非メイン,80,既存先,5,8,CNC工作機械,36,4,老朽設備更新と増産対応,直近期売上195百万円、営業利益2400万円、借入金12400万円、自己資本比率8%、ステージ=安定黒字。,社長は採択前提で説明しているが、銀行支援は口頭段階。,既存主力先からの受注残があり、設備必要性は明確。,補助金採択前にリース開始予定で、未採択時の資金繰り説明が弱い。,,,,,,,,,,,,,,,yes,,
1,CASE-JD-20260725-0702,demo_user_judgment_drill,2026-07-25,15,pending_user_judgment,新店舗計画,飲食業,安定黒字,非メイン,120,既存先,12,12,厨房設備一式,62,5,新店舗出店,直近期売上230百万円、営業利益3600万円、借入金13300万円、自己資本比率12%、ステージ=安定黒字。,立地評価は高いが、回転率・客単価・原価率の資料が薄い。,既存店舗は黒字で、代表に運営経験がある。,新店舗売上計画が既存店実績より強く、人員確保も未確定。,,,,,,,,,,,,,,,yes,,
1,CASE-JD-20260725-0703,demo_user_judgment_drill,2026-07-25,15,pending_user_judgment,増額更新,食品製造業,安定黒字,メイン,180,既存先,18,16,包装ライン,12,6,既存設備更新,直近期売上265百万円、営業利益-800万円、借入金2500万円、自己資本比率16%、ステージ=安定黒字。,旧設備の廃棄費用・下取り可否が未確認。,故障頻度と停止時間が増え、更新合理性はある。,月額負担が上がる一方、改善効果がメーカー資料中心。,,,,,,,,,,,,,,,yes,,
1,CASE-JD-20260725-0704,demo_user_judgment_drill,2026-07-25,15,pending_user_judgment,新規契約前提,運送業,安定黒字,メイン,250,既存先,25,20,大型トラック,24,7,新規荷主ルート対応,直近期売上300百万円、営業利益300万円、借入金3400万円、自己資本比率20%、ステージ=安定黒字。,契約不成立時は既存業務に転用可能だが採算は下がる。,既存車両の稼働率は高く、返済履歴も良好。,荷主契約が内諾段階で、燃料費上昇時の採算余力が薄い。,,,,,,,,,,,,,,,yes,,
1,CASE-JD-20260725-0705,demo_user_judgment_drill,2026-07-25,15,pending_user_judgment,購入選択権,卸売業,安定黒字,メイン,0,既存先,40,24,フォークリフト,36,4,倉庫能力維持,直近期売上335百万円、営業利益900万円、借入金4300万円、自己資本比率24%、ステージ=安定黒字。,使用時間が長く、バッテリー交換費用の負担確認が必要。,倉庫稼働は安定し、物件の必要性は明確。,購入選択権価格が低く、残価・満了後出口の説明が弱い。,,,,,,,,,,,,,,,yes,,
1,CASE-JD-20260725-0706,demo_user_judgment_drill,2026-07-25,15,pending_user_judgment,医療機器更新,医療・福祉,安定黒字,非メイン,20,新規先,0,30,画像診断装置,62,5,診療能力維持と待ち時間短縮,直近期売上370百万円、営業利益1600万円、借入金5200万円、自己資本比率30%、ステージ=安定黒字。,メーカー保守契約は提示済みだが、更新後の稼働計画は概算。,地域需要があり、既存患者基盤も安定している。,診療報酬改定や保守費用を織り込んだ採算表が不足。,,,,,,,,,,,,,,,yes,,
1,CASE-JD-20260725-0707,demo_user_judgment_drill,2026-07-25,15,pending_user_judgment,建機高稼働,建設業,安定黒字,非メイン,35,新規先,0,36,油圧ショベル,12,6,受注現場対応,直近期売上405百万円、営業利益2400万円、借入金6100万円、自己資本比率36%、ステージ=安定黒字。,代表は中古売却可能と説明するが、査定根拠は未取得。,公共工事の受注残があり、機械稼働の見込みはある。,工期後の転用先と中古価格下落時の出口説明が弱い。,,,,,,,,,,,,,,,yes,,
1,CASE-JD-20260725-0708,demo_user_judgment_drill,2026-07-25,15,pending_user_judgment,IT設備刷新,情報通信業,安定黒字,非メイン,50,新規先,0,8,サーバー・ネットワーク機器,24,7,顧客案件増加に伴う基盤増強,直近期売上440百万円、営業利益3600万円、借入金7000万円、自己資本比率8%、ステージ=安定黒字。,保守契約と入替計画はあるが、解約時の転用価値は限定的。,継続契約が複数あり、粗利率は比較的高い。,技術陳腐化が早く、期間と経済的寿命の整合確認が必要。,,,,,,,,,,,,,,,yes,,
1,CASE-JD-20260725-0709,demo_user_judgment_drill,2026-07-25,15,pending_user_judgment,美容店舗拡張,生活関連サービス業,安定黒字,メイン,80,新規先,0,12,美容機器,36,4,新メニュー開始,直近期売上475百万円、営業利益-800万円、借入金7900万円、自己資本比率12%、ステージ=安定黒字。,機器は専門性が高く、撤退時の換金性に幅がある。,既存顧客があり、単価上昇の余地がある。,新メニュー売上は口頭見込み中心で、解約率・稼働率が未整理。,,,,,,,,,,,,,,,yes,,
1,CASE-JD-20260725-0710,demo_user_judgment_drill,2026-07-25,15,pending_user_judgment,農業設備,農業,安定黒字,メイン,120,新規先,0,16,選果機,62,5,出荷能力向上,直近期売上510百万円、営業利益300万円、借入金8800万円、自己資本比率16%、ステージ=安定黒字。,補助金と組合支援の説明はあるが、入金時期が未確定。,出荷先との取引は長く、季節需要も見込める。,収穫量・天候影響に左右され、年間資金繰りの波が大きい。,,,,,,,,,,,,,,,yes,,
1,CASE-JD-20260725-0711,demo_user_judgment_drill,2026-07-25,15,pending_user_judgment,補助金前提,製造業,低利益,メイン,180,既存先,25,20,CNC工作機械,62,6,老朽設備更新と増産対応,直近期売上545百万円、営業利益900万円、借入金9700万円、自己資本比率20%、ステージ=低利益。,社長は採択前提で説明しているが、銀行支援は口頭段階。,既存主力先からの受注残があり、設備必要性は明確。,補助金採択前にリース開始予定で、未採択時の資金繰り説明が弱い。,,,,,,,,,,,,,,,yes,,
1,CASE-JD-20260725-0712,demo_user_judgment_drill,2026-07-25,15,pending_user_judgment,新店舗計画,飲食業,低利益,非メイン,250,既存先,40,24,厨房設備一式,12,7,新店舗出店,直近期売上580百万円、営業利益1600万円、借入金10600万円、自己資本比率24%、ステージ=低利益。,立地評価は高いが、回転率・客単価・原価率の資料が薄い。,既存店舗は黒字で、代表に運営経験がある。,新店舗売上計画が既存店実績より強く、人員確保も未確定。,,,,,,,,,,,,,,,yes,,
1,CASE-JD-20260725-0713,demo_user_judgment_drill,2026-07-25,15,pending_user_judgment,増額更新,食品製造業,低利益,非メイン,0,既存先,60,30,包装ライン,24,4,既存設備更新,直近期売上615百万円、営業利益2400万円、借入金11500万円、自己資本比率30%、ステージ=低利益。,旧設備の廃棄費用・下取り可否が未確認。,故障頻度と停止時間が増え、更新合理性はある。,月額負担が上がる一方、改善効果がメーカー資料中心。,,,,,,,,,,,,,,,yes,,
1,CASE-JD-20260725-0714,demo_user_judgment_drill,2026-07-25,15,pending_user_judgment,新規契約前提,運送業,低利益,非メイン,20,既存先,90,36,大型トラック,36,5,新規荷主ルート対応,直近期売上650百万円、営業利益3600万円、借入金12400万円、自己資本比率36%、ステージ=低利益。,契約不成立時は既存業務に転用可能だが採算は下がる。,既存車両の稼働率は高く、返済履歴も良好。,荷主契約が内諾段階で、燃料費上昇時の採算余力が薄い。,,,,,,,,,,,,,,,yes,,
1,CASE-JD-20260725-0715,demo_user_judgment_drill,2026-07-25,15,pending_user_judgment,購入選択権,卸売業,低利益,メイン,35,既存先,5,8,フォークリフト,62,6,倉庫能力維持,直近期売上90百万円、営業利益-800万円、借入金13300万円、自己資本比率8%、ステージ=低利益。,使用時間が長く、バッテリー交換費用の負担確認が必要。,倉庫稼働は安定し、物件の必要性は明確。,購入選択権価格が低く、残価・満了後出口の説明が弱い。,,,,,,,,,,,,,,,yes,,
1,CASE-JD-20260725-0716,demo_user_judgment_drill,2026-07-25,15,pending_user_judgment,医療機器更新,医療・福祉,低利益,メイン,50,新規先,0,12,画像診断装置,12,7,診療能力維持と待ち時間短縮,直近期売上125百万円、営業利益300万円、借入金2500万円、自己資本比率12%、ステージ=低利益。,メーカー保守契約は提示済みだが、更新後の稼働計画は概算。,地域需要があり、既存患者基盤も安定している。,診療報酬改定や保守費用を織り込んだ採算表が不足。,,,,,,,,,,,,,,,yes,,
1,CASE-JD-20260725-0717,demo_user_judgment_drill,2026-07-25,15,pending_user_judgment,建機高稼働,建設業,低利益,メイン,80,新規先,0,16,油圧ショベル,24,4,受注現場対応,直近期売上160百万円、営業利益900万円、借入金3400万円、自己資本比率16%、ステージ=低利益。,代表は中古売却可能と説明するが、査定根拠は未取得。,公共工事の受注残があり、機械稼働の見込みはある。,工期後の転用先と中古価格下落時の出口説明が弱い。,,,,,,,,,,,,,,,yes,,
1,CASE-JD-20260725-0718,demo_user_judgment_drill,2026-07-25,15,pending_user_judgment,IT設備刷新,情報通信業,低利益,非メイン,120,新規先,0,20,サーバー・ネットワーク機器,36,5,顧客案件増加に伴う基盤増強,直近期売上195百万円、営業利益1600万円、借入金4300万円、自己資本比率20%、ステージ=低利益。,保守契約と入替計画はあるが、解約時の転用価値は限定的。,継続契約が複数あり、粗利率は比較的高い。,技術陳腐化が早く、期間と経済的寿命の整合確認が必要。,,,,,,,,,,,,,,,yes,,
1,CASE-JD-20260725-0719,demo_user_judgment_drill,2026-07-25,15,pending_user_judgment,美容店舗拡張,生活関連サービス業,低利益,非メイン,180,新規先,0,24,美容機器,62,6,新メニュー開始,直近期売上230百万円、営業利益2400万円、借入金5200万円、自己資本比率24%、ステージ=低利益。,機器は専門性が高く、撤退時の換金性に幅がある。,既存顧客があり、単価上昇の余地がある。,新メニュー売上は口頭見込み中心で、解約率・稼働率が未整理。,,,,,,,,,,,,,,,yes,,
1,CASE-JD-20260725-0720,demo_user_judgment_drill,2026-07-25,15,pending_user_judgment,農業設備,農業,低利益,非メイン,250,新規先,0,30,選果機,12,7,出荷能力向上,直近期売上265百万円、営業利益3600万円、借入金6100万円、自己資本比率30%、ステージ=低利益。,補助金と組合支援の説明はあるが、入金時期が未確定。,出荷先との取引は長く、季節需要も見込める。,収穫量・天候影響に左右され、年間資金繰りの波が大きい。,,,,,,,,,,,,,,,yes,,
1,CASE-JD-20260725-0721,demo_user_judgment_drill,2026-07-25,15,pending_user_judgment,補助金前提,製造業,赤字改善中,メイン,0,既存先,90,36,CNC工作機械,12,4,老朽設備更新と増産対応,直近期売上300百万円、営業利益-800万円、借入金7000万円、自己資本比率36%、ステージ=赤字改善中。,社長は採択前提で説明しているが、銀行支援は口頭段階。,既存主力先からの受注残があり、設備必要性は明確。,補助金採択前にリース開始予定で、未採択時の資金繰り説明が弱い。,,,,,,,,,,,,,,,yes,,
1,CASE-JD-20260725-0722,demo_user_judgment_drill,2026-07-25,15,pending_user_judgment,新店舗計画,飲食業,赤字改善中,メイン,20,既存先,5,8,厨房設備一式,24,5,新店舗出店,直近期売上335百万円、営業利益300万円、借入金7900万円、自己資本比率8%、ステージ=赤字改善中。,立地評価は高いが、回転率・客単価・原価率の資料が薄い。,既存店舗は黒字で、代表に運営経験がある。,新店舗売上計画が既存店実績より強く、人員確保も未確定。,,,,,,,,,,,,,,,yes,,
1,CASE-JD-20260725-0723,demo_user_judgment_drill,2026-07-25,15,pending_user_judgment,増額更新,食品製造業,赤字改善中,メイン,35,既存先,12,12,包装ライン,36,6,既存設備更新,直近期売上370百万円、営業利益900万円、借入金8800万円、自己資本比率12%、ステージ=赤字改善中。,旧設備の廃棄費用・下取り可否が未確認。,故障頻度と停止時間が増え、更新合理性はある。,月額負担が上がる一方、改善効果がメーカー資料中心。,,,,,,,,,,,,,,,yes,,
1,CASE-JD-20260725-0724,demo_user_judgment_drill,2026-07-25,15,pending_user_judgment,新規契約前提,運送業,赤字改善中,非メイン,50,既存先,18,16,大型トラック,62,7,新規荷主ルート対応,直近期売上405百万円、営業利益1600万円、借入金9700万円、自己資本比率16%、ステージ=赤字改善中。,契約不成立時は既存業務に転用可能だが採算は下がる。,既存車両の稼働率は高く、返済履歴も良好。,荷主契約が内諾段階で、燃料費上昇時の採算余力が薄い。,,,,,,,,,,,,,,,yes,,
1,CASE-JD-20260725-0725,demo_user_judgment_drill,2026-07-25,15,pending_user_judgment,購入選択権,卸売業,赤字改善中,非メイン,80,既存先,25,20,フォークリフト,12,4,倉庫能力維持,直近期売上440百万円、営業利益2400万円、借入金10600万円、自己資本比率20%、ステージ=赤字改善中。,使用時間が長く、バッテリー交換費用の負担確認が必要。,倉庫稼働は安定し、物件の必要性は明確。,購入選択権価格が低く、残価・満了後出口の説明が弱い。,,,,,,,,,,,,,,,yes,,
1,CASE-JD-20260725-0726,demo_user_judgment_drill,2026-07-25,15,pending_user_judgment,医療機器更新,医療・福祉,赤字改善中,非メイン,120,新規先,0,24,画像診断装置,24,5,診療能力維持と待ち時間短縮,直近期売上475百万円、営業利益3600万円、借入金11500万円、自己資本比率24%、ステージ=赤字改善中。,メーカー保守契約は提示済みだが、更新後の稼働計画は概算。,地域需要があり、既存患者基盤も安定している。,診療報酬改定や保守費用を織り込んだ採算表が不足。,,,,,,,,,,,,,,,yes,,
1,CASE-JD-20260725-0727,demo_user_judgment_drill,2026-07-25,15,pending_user_judgment,建機高稼働,建設業,赤字改善中,メイン,180,新規先,0,30,油圧ショベル,36,6,受注現場対応,直近期売上510百万円、営業利益-800万円、借入金12400万円、自己資本比率30%、ステージ=赤字改善中。,代表は中古売却可能と説明するが、査定根拠は未取得。,公共工事の受注残があり、機械稼働の見込みはある。,工期後の転用先と中古価格下落時の出口説明が弱い。,,,,,,,,,,,,,,,yes,,
1,CASE-JD-20260725-0728,demo_user_judgment_drill,2026-07-25,15,pending_user_judgment,IT設備刷新,情報通信業,赤字改善中,メイン,250,新規先,0,36,サーバー・ネットワーク機器,62,7,顧客案件増加に伴う基盤増強,直近期売上545百万円、営業利益300万円、借入金13300万円、自己資本比率36%、ステージ=赤字改善中。,保守契約と入替計画はあるが、解約時の転用価値は限定的。,継続契約が複数あり、粗利率は比較的高い。,技術陳腐化が早く、期間と経済的寿命の整合確認が必要。,,,,,,,,,,,,,,,yes,,
1,CASE-JD-20260725-0729,demo_user_judgment_drill,2026-07-25,15,pending_user_judgment,美容店舗拡張,生活関連サービス業,赤字改善中,メイン,0,新規先,0,8,美容機器,12,4,新メニュー開始,直近期売上580百万円、営業利益900万円、借入金2500万円、自己資本比率8%、ステージ=赤字改善中。,機器は専門性が高く、撤退時の換金性に幅がある。,既存顧客があり、単価上昇の余地がある。,新メニュー売上は口頭見込み中心で、解約率・稼働率が未整理。,,,,,,,,,,,,,,,yes,,
1,CASE-JD-20260725-0730,demo_user_judgment_drill,2026-07-25,15,pending_user_judgment,農業設備,農業,赤字改善中,非メイン,20,新規先,0,12,選果機,24,5,出荷能力向上,直近期売上615百万円、営業利益1600万円、借入金3400万円、自己資本比率12%、ステージ=赤字改善中。,補助金と組合支援の説明はあるが、入金時期が未確定。,出荷先との取引は長く、季節需要も見込める。,収穫量・天候影響に左右され、年間資金繰りの波が大きい。,,,,,,,,,,,,,,,yes,,
1,CASE-JD-20260725-0731,demo_user_judgment_drill,2026-07-25,15,pending_user_judgment,補助金前提,製造業,急成長,非メイン,35,既存先,18,16,CNC工作機械,24,6,老朽設備更新と増産対応,直近期売上650百万円、営業利益2400万円、借入金4300万円、自己資本比率16%、ステージ=急成長。,社長は採択前提で説明しているが、銀行支援は口頭段階。,既存主力先からの受注残があり、設備必要性は明確。,補助金採択前にリース開始予定で、未採択時の資金繰り説明が弱い。,,,,,,,,,,,,,,,yes,,
1,CASE-JD-20260725-0732,demo_user_judgment_drill,2026-07-25,15,pending_user_judgment,新店舗計画,飲食業,急成長,非メイン,50,既存先,25,20,厨房設備一式,36,7,新店舗出店,直近期売上90百万円、営業利益3600万円、借入金5200万円、自己資本比率20%、ステージ=急成長。,立地評価は高いが、回転率・客単価・原価率の資料が薄い。,既存店舗は黒字で、代表に運営経験がある。,新店舗売上計画が既存店実績より強く、人員確保も未確定。,,,,,,,,,,,,,,,yes,,
1,CASE-JD-20260725-0733,demo_user_judgment_drill,2026-07-25,15,pending_user_judgment,増額更新,食品製造業,急成長,メイン,80,既存先,40,24,包装ライン,62,4,既存設備更新,直近期売上125百万円、営業利益-800万円、借入金6100万円、自己資本比率24%、ステージ=急成長。,旧設備の廃棄費用・下取り可否が未確認。,故障頻度と停止時間が増え、更新合理性はある。,月額負担が上がる一方、改善効果がメーカー資料中心。,,,,,,,,,,,,,,,yes,,
1,CASE-JD-20260725-0734,demo_user_judgment_drill,2026-07-25,15,pending_user_judgment,新規契約前提,運送業,急成長,メイン,120,既存先,60,30,大型トラック,12,5,新規荷主ルート対応,直近期売上160百万円、営業利益300万円、借入金7000万円、自己資本比率30%、ステージ=急成長。,契約不成立時は既存業務に転用可能だが採算は下がる。,既存車両の稼働率は高く、返済履歴も良好。,荷主契約が内諾段階で、燃料費上昇時の採算余力が薄い。,,,,,,,,,,,,,,,yes,,
1,CASE-JD-20260725-0735,demo_user_judgment_drill,2026-07-25,15,pending_user_judgment,購入選択権,卸売業,急成長,メイン,180,既存先,90,36,フォークリフト,24,6,倉庫能力維持,直近期売上195百万円、営業利益900万円、借入金7900万円、自己資本比率36%、ステージ=急成長。,使用時間が長く、バッテリー交換費用の負担確認が必要。,倉庫稼働は安定し、物件の必要性は明確。,購入選択権価格が低く、残価・満了後出口の説明が弱い。,,,,,,,,,,,,,,,yes,,
1,CASE-JD-20260725-0736,demo_user_judgment_drill,2026-07-25,15,pending_user_judgment,医療機器更新,医療・福祉,急成長,非メイン,250,新規先,0,8,画像診断装置,36,7,診療能力維持と待ち時間短縮,直近期売上230百万円、営業利益1600万円、借入金8800万円、自己資本比率8%、ステージ=急成長。,メーカー保守契約は提示済みだが、更新後の稼働計画は概算。,地域需要があり、既存患者基盤も安定している。,診療報酬改定や保守費用を織り込んだ採算表が不足。,,,,,,,,,,,,,,,yes,,
1,CASE-JD-20260725-0737,demo_user_judgment_drill,2026-07-25,15,pending_user_judgment,建機高稼働,建設業,急成長,非メイン,0,新規先,0,12,油圧ショベル,62,4,受注現場対応,直近期売上265百万円、営業利益2400万円、借入金9700万円、自己資本比率12%、ステージ=急成長。,代表は中古売却可能と説明するが、査定根拠は未取得。,公共工事の受注残があり、機械稼働の見込みはある。,工期後の転用先と中古価格下落時の出口説明が弱い。,,,,,,,,,,,,,,,yes,,
1,CASE-JD-20260725-0738,demo_user_judgment_drill,2026-07-25,15,pending_user_judgment,IT設備刷新,情報通信業,急成長,非メイン,20,新規先,0,16,サーバー・ネットワーク機器,12,5,顧客案件増加に伴う基盤増強,直近期売上300百万円、営業利益3600万円、借入金10600万円、自己資本比率16%、ステージ=急成長。,保守契約と入替計画はあるが、解約時の転用価値は限定的。,継続契約が複数あり、粗利率は比較的高い。,技術陳腐化が早く、期間と経済的寿命の整合確認が必要。,,,,,,,,,,,,,,,yes,,
1,CASE-JD-20260725-0739,demo_user_judgment_drill,2026-07-25,15,pending_user_judgment,美容店舗拡張,生活関連サービス業,急成長,メイン,35,新規先,0,20,美容機器,24,6,新メニュー開始,直近期売上335百万円、営業利益-800万円、借入金11500万円、自己資本比率20%、ステージ=急成長。,機器は専門性が高く、撤退時の換金性に幅がある。,既存顧客があり、単価上昇の余地がある。,新メニュー売上は口頭見込み中心で、解約率・稼働率が未整理。,,,,,,,,,,,,,,,yes,,
1,CASE-JD-20260725-0740,demo_user_judgment_drill,2026-07-25,15,pending_user_judgment,農業設備,農業,急成長,メイン,50,新規先,0,24,選果機,36,7,出荷能力向上,直近期売上370百万円、営業利益300万円、借入金12400万円、自己資本比率24%、ステージ=急成長。,補助金と組合支援の説明はあるが、入金時期が未確定。,出荷先との取引は長く、季節需要も見込める。,収穫量・天候影響に左右され、年間資金繰りの波が大きい。,,,,,,,,,,,,,,,yes,,
1,CASE-JD-20260725-0741,demo_user_judgment_drill,2026-07-25,15,pending_user_judgment,補助金前提,製造業,事業承継直後,メイン,80,既存先,60,30,CNC工作機械,36,4,老朽設備更新と増産対応,直近期売上405百万円、営業利益900万円、借入金13300万円、自己資本比率30%、ステージ=事業承継直後。,社長は採択前提で説明しているが、銀行支援は口頭段階。,既存主力先からの受注残があり、設備必要性は明確。,補助金採択前にリース開始予定で、未採択時の資金繰り説明が弱い。,,,,,,,,,,,,,,,yes,,
1,CASE-JD-20260725-0742,demo_user_judgment_drill,2026-07-25,15,pending_user_judgment,新店舗計画,飲食業,事業承継直後,非メイン,120,既存先,90,36,厨房設備一式,62,5,新店舗出店,直近期売上440百万円、営業利益1600万円、借入金2500万円、自己資本比率36%、ステージ=事業承継直後。,立地評価は高いが、回転率・客単価・原価率の資料が薄い。,既存店舗は黒字で、代表に運営経験がある。,新店舗売上計画が既存店実績より強く、人員確保も未確定。,,,,,,,,,,,,,,,yes,,
1,CASE-JD-20260725-0743,demo_user_judgment_drill,2026-07-25,15,pending_user_judgment,増額更新,食品製造業,事業承継直後,非メイン,180,既存先,5,8,包装ライン,12,6,既存設備更新,直近期売上475百万円、営業利益2400万円、借入金3400万円、自己資本比率8%、ステージ=事業承継直後。,旧設備の廃棄費用・下取り可否が未確認。,故障頻度と停止時間が増え、更新合理性はある。,月額負担が上がる一方、改善効果がメーカー資料中心。,,,,,,,,,,,,,,,yes,,
1,CASE-JD-20260725-0744,demo_user_judgment_drill,2026-07-25,15,pending_user_judgment,新規契約前提,運送業,事業承継直後,非メイン,250,既存先,12,12,大型トラック,24,7,新規荷主ルート対応,直近期売上510百万円、営業利益3600万円、借入金4300万円、自己資本比率12%、ステージ=事業承継直後。,契約不成立時は既存業務に転用可能だが採算は下がる。,既存車両の稼働率は高く、返済履歴も良好。,荷主契約が内諾段階で、燃料費上昇時の採算余力が薄い。,,,,,,,,,,,,,,,yes,,
1,CASE-JD-20260725-0745,demo_user_judgment_drill,2026-07-25,15,pending_user_judgment,購入選択権,卸売業,事業承継直後,メイン,0,既存先,18,16,フォークリフト,36,4,倉庫能力維持,直近期売上545百万円、営業利益-800万円、借入金5200万円、自己資本比率16%、ステージ=事業承継直後。,使用時間が長く、バッテリー交換費用の負担確認が必要。,倉庫稼働は安定し、物件の必要性は明確。,購入選択権価格が低く、残価・満了後出口の説明が弱い。,,,,,,,,,,,,,,,yes,,
1,CASE-JD-20260725-0746,demo_user_judgment_drill,2026-07-25,15,pending_user_judgment,医療機器更新,医療・福祉,事業承継直後,メイン,20,新規先,0,20,画像診断装置,62,5,診療能力維持と待ち時間短縮,直近期売上580百万円、営業利益300万円、借入金6100万円、自己資本比率20%、ステージ=事業承継直後。,メーカー保守契約は提示済みだが、更新後の稼働計画は概算。,地域需要があり、既存患者基盤も安定している。,診療報酬改定や保守費用を織り込んだ採算表が不足。,,,,,,,,,,,,,,,yes,,
1,CASE-JD-20260725-0747,demo_user_judgment_drill,2026-07-25,15,pending_user_judgment,建機高稼働,建設業,事業承継直後,メイン,35,新規先,0,24,油圧ショベル,12,6,受注現場対応,直近期売上615百万円、営業利益900万円、借入金7000万円、自己資本比率24%、ステージ=事業承継直後。,代表は中古売却可能と説明するが、査定根拠は未取得。,公共工事の受注残があり、機械稼働の見込みはある。,工期後の転用先と中古価格下落時の出口説明が弱い。,,,,,,,,,,,,,,,yes,,
1,CASE-JD-20260725-0748,demo_user_judgment_drill,2026-07-25,15,pending_user_judgment,IT設備刷新,情報通信業,事業承継直後,非メイン,50,新規先,0,30,サーバー・ネットワーク機器,24,7,顧客案件増加に伴う基盤増強,直近期売上650百万円、営業利益1600万円、借入金7900万円、自己資本比率30%、ステージ=事業承継直後。,保守契約と入替計画はあるが、解約時の転用価値は限定的。,継続契約が複数あり、粗利率は比較的高い。,技術陳腐化が早く、期間と経済的寿命の整合確認が必要。,,,,,,,,,,,,,,,yes,,
1,CASE-JD-20260725-0749,demo_user_judgment_drill,2026-07-25,15,pending_user_judgment,美容店舗拡張,生活関連サービス業,事業承継直後,非メイン,80,新規先,0,36,美容機器,36,4,新メニュー開始,直近期売上90百万円、営業利益2400万円、借入金8800万円、自己資本比率36%、ステージ=事業承継直後。,機器は専門性が高く、撤退時の換金性に幅がある。,既存顧客があり、単価上昇の余地がある。,新メニュー売上は口頭見込み中心で、解約率・稼働率が未整理。,,,,,,,,,,,,,,,yes,,
1,CASE-JD-20260725-0750,demo_user_judgment_drill,2026-07-25,15,pending_user_judgment,農業設備,農業,事業承継直後,非メイン,120,新規先,0,8,選果機,62,5,出荷能力向上,直近期売上125百万円、営業利益3600万円、借入金9700万円、自己資本比率8%、ステージ=事業承継直後。,補助金と組合支援の説明はあるが、入金時期が未確定。,出荷先との取引は長く、季節需要も見込める。,収穫量・天候影響に左右され、年間資金繰りの波が大きい。,,,,,,,,,,,,,,,yes,,
1,CASE-JD-20260725-0751,demo_user_judgment_drill,2026-07-25,16,pending_user_judgment,補助金前提,製造業,安定黒字,メイン,180,既存先,12,12,CNC工作機械,62,6,老朽設備更新と増産対応,直近期売上160百万円、営業利益-800万円、借入金10600万円、自己資本比率12%、ステージ=安定黒字。,社長は採択前提で説明しているが、銀行支援は口頭段階。,既存主力先からの受注残があり、設備必要性は明確。,補助金採択前にリース開始予定で、未採択時の資金繰り説明が弱い。,,,,,,,,,,,,,,,yes,,
1,CASE-JD-20260725-0752,demo_user_judgment_drill,2026-07-25,16,pending_user_judgment,新店舗計画,飲食業,安定黒字,メイン,250,既存先,18,16,厨房設備一式,12,7,新店舗出店,直近期売上195百万円、営業利益300万円、借入金11500万円、自己資本比率16%、ステージ=安定黒字。,立地評価は高いが、回転率・客単価・原価率の資料が薄い。,既存店舗は黒字で、代表に運営経験がある。,新店舗売上計画が既存店実績より強く、人員確保も未確定。,,,,,,,,,,,,,,,yes,,
1,CASE-JD-20260725-0753,demo_user_judgment_drill,2026-07-25,16,pending_user_judgment,増額更新,食品製造業,安定黒字,メイン,0,既存先,25,20,包装ライン,24,4,既存設備更新,直近期売上230百万円、営業利益900万円、借入金12400万円、自己資本比率20%、ステージ=安定黒字。,旧設備の廃棄費用・下取り可否が未確認。,故障頻度と停止時間が増え、更新合理性はある。,月額負担が上がる一方、改善効果がメーカー資料中心。,,,,,,,,,,,,,,,yes,,
1,CASE-JD-20260725-0754,demo_user_judgment_drill,2026-07-25,16,pending_user_judgment,新規契約前提,運送業,安定黒字,非メイン,20,既存先,40,24,大型トラック,36,5,新規荷主ルート対応,直近期売上265百万円、営業利益1600万円、借入金13300万円、自己資本比率24%、ステージ=安定黒字。,契約不成立時は既存業務に転用可能だが採算は下がる。,既存車両の稼働率は高く、返済履歴も良好。,荷主契約が内諾段階で、燃料費上昇時の採算余力が薄い。,,,,,,,,,,,,,,,yes,,
1,CASE-JD-20260725-0755,demo_user_judgment_drill,2026-07-25,16,pending_user_judgment,購入選択権,卸売業,安定黒字,非メイン,35,既存先,60,30,フォークリフト,62,6,倉庫能力維持,直近期売上300百万円、営業利益2400万円、借入金2500万円、自己資本比率30%、ステージ=安定黒字。,使用時間が長く、バッテリー交換費用の負担確認が必要。,倉庫稼働は安定し、物件の必要性は明確。,購入選択権価格が低く、残価・満了後出口の説明が弱い。,,,,,,,,,,,,,,,yes,,
1,CASE-JD-20260725-0756,demo_user_judgment_drill,2026-07-25,16,pending_user_judgment,医療機器更新,医療・福祉,安定黒字,非メイン,50,新規先,0,36,画像診断装置,12,7,診療能力維持と待ち時間短縮,直近期売上335百万円、営業利益3600万円、借入金3400万円、自己資本比率36%、ステージ=安定黒字。,メーカー保守契約は提示済みだが、更新後の稼働計画は概算。,地域需要があり、既存患者基盤も安定している。,診療報酬改定や保守費用を織り込んだ採算表が不足。,,,,,,,,,,,,,,,yes,,
1,CASE-JD-20260725-0757,demo_user_judgment_drill,2026-07-25,16,pending_user_judgment,建機高稼働,建設業,安定黒字,メイン,80,新規先,0,8,油圧ショベル,24,4,受注現場対応,直近期売上370百万円、営業利益-800万円、借入金4300万円、自己資本比率8%、ステージ=安定黒字。,代表は中古売却可能と説明するが、査定根拠は未取得。,公共工事の受注残があり、機械稼働の見込みはある。,工期後の転用先と中古価格下落時の出口説明が弱い。,,,,,,,,,,,,,,,yes,,
1,CASE-JD-20260725-0758,demo_user_judgment_drill,2026-07-25,16,pending_user_judgment,IT設備刷新,情報通信業,安定黒字,メイン,120,新規先,0,12,サーバー・ネットワーク機器,36,5,顧客案件増加に伴う基盤増強,直近期売上405百万円、営業利益300万円、借入金5200万円、自己資本比率12%、ステージ=安定黒字。,保守契約と入替計画はあるが、解約時の転用価値は限定的。,継続契約が複数あり、粗利率は比較的高い。,技術陳腐化が早く、期間と経済的寿命の整合確認が必要。,,,,,,,,,,,,,,,yes,,
1,CASE-JD-20260725-0759,demo_user_judgment_drill,2026-07-25,16,pending_user_judgment,美容店舗拡張,生活関連サービス業,安定黒字,メイン,180,新規先,0,16,美容機器,62,6,新メニュー開始,直近期売上440百万円、営業利益900万円、借入金6100万円、自己資本比率16%、ステージ=安定黒字。,機器は専門性が高く、撤退時の換金性に幅がある。,既存顧客があり、単価上昇の余地がある。,新メニュー売上は口頭見込み中心で、解約率・稼働率が未整理。,,,,,,,,,,,,,,,yes,,
1,CASE-JD-20260725-0760,demo_user_judgment_drill,2026-07-25,16,pending_user_judgment,農業設備,農業,安定黒字,非メイン,250,新規先,0,20,選果機,12,7,出荷能力向上,直近期売上475百万円、営業利益1600万円、借入金7000万円、自己資本比率20%、ステージ=安定黒字。,補助金と組合支援の説明はあるが、入金時期が未確定。,出荷先との取引は長く、季節需要も見込める。,収穫量・天候影響に左右され、年間資金繰りの波が大きい。,,,,,,,,,,,,,,,yes,,
1,CASE-JD-20260725-0761,demo_user_judgment_drill,2026-07-25,16,pending_user_judgment,補助金前提,製造業,低利益,非メイン,0,既存先,40,24,CNC工作機械,12,4,老朽設備更新と増産対応,直近期売上510百万円、営業利益2400万円、借入金7900万円、自己資本比率24%、ステージ=低利益。,社長は採択前提で説明しているが、銀行支援は口頭段階。,既存主力先からの受注残があり、設備必要性は明確。,補助金採択前にリース開始予定で、未採択時の資金繰り説明が弱い。,,,,,,,,,,,,,,,yes,,
1,CASE-JD-20260725-0762,demo_user_judgment_drill,2026-07-25,16,pending_user_judgment,新店舗計画,飲食業,低利益,非メイン,20,既存先,60,30,厨房設備一式,24,5,新店舗出店,直近期売上545百万円、営業利益3600万円、借入金8800万円、自己資本比率30%、ステージ=低利益。,立地評価は高いが、回転率・客単価・原価率の資料が薄い。,既存店舗は黒字で、代表に運営経験がある。,新店舗売上計画が既存店実績より強く、人員確保も未確定。,,,,,,,,,,,,,,,yes,,
1,CASE-JD-20260725-0763,demo_user_judgment_drill,2026-07-25,16,pending_user_judgment,増額更新,食品製造業,低利益,メイン,35,既存先,90,36,包装ライン,36,6,既存設備更新,直近期売上580百万円、営業利益-800万円、借入金9700万円、自己資本比率36%、ステージ=低利益。,旧設備の廃棄費用・下取り可否が未確認。,故障頻度と停止時間が増え、更新合理性はある。,月額負担が上がる一方、改善効果がメーカー資料中心。,,,,,,,,,,,,,,,yes,,
1,CASE-JD-20260725-0764,demo_user_judgment_drill,2026-07-25,16,pending_user_judgment,新規契約前提,運送業,低利益,メイン,50,既存先,5,8,大型トラック,62,7,新規荷主ルート対応,直近期売上615百万円、営業利益300万円、借入金10600万円、自己資本比率8%、ステージ=低利益。,契約不成立時は既存業務に転用可能だが採算は下がる。,既存車両の稼働率は高く、返済履歴も良好。,荷主契約が内諾段階で、燃料費上昇時の採算余力が薄い。,,,,,,,,,,,,,,,yes,,
1,CASE-JD-20260725-0765,demo_user_judgment_drill,2026-07-25,16,pending_user_judgment,購入選択権,卸売業,低利益,メイン,80,既存先,12,12,フォークリフト,12,4,倉庫能力維持,直近期売上650百万円、営業利益900万円、借入金11500万円、自己資本比率12%、ステージ=低利益。,使用時間が長く、バッテリー交換費用の負担確認が必要。,倉庫稼働は安定し、物件の必要性は明確。,購入選択権価格が低く、残価・満了後出口の説明が弱い。,,,,,,,,,,,,,,,yes,,
1,CASE-JD-20260725-0766,demo_user_judgment_drill,2026-07-25,16,pending_user_judgment,医療機器更新,医療・福祉,低利益,非メイン,120,新規先,0,16,画像診断装置,24,5,診療能力維持と待ち時間短縮,直近期売上90百万円、営業利益1600万円、借入金12400万円、自己資本比率16%、ステージ=低利益。,メーカー保守契約は提示済みだが、更新後の稼働計画は概算。,地域需要があり、既存患者基盤も安定している。,診療報酬改定や保守費用を織り込んだ採算表が不足。,,,,,,,,,,,,,,,yes,,
1,CASE-JD-20260725-0767,demo_user_judgment_drill,2026-07-25,16,pending_user_judgment,建機高稼働,建設業,低利益,非メイン,180,新規先,0,20,油圧ショベル,36,6,受注現場対応,直近期売上125百万円、営業利益2400万円、借入金13300万円、自己資本比率20%、ステージ=低利益。,代表は中古売却可能と説明するが、査定根拠は未取得。,公共工事の受注残があり、機械稼働の見込みはある。,工期後の転用先と中古価格下落時の出口説明が弱い。,,,,,,,,,,,,,,,yes,,
1,CASE-JD-20260725-0768,demo_user_judgment_drill,2026-07-25,16,pending_user_judgment,IT設備刷新,情報通信業,低利益,非メイン,250,新規先,0,24,サーバー・ネットワーク機器,62,7,顧客案件増加に伴う基盤増強,直近期売上160百万円、営業利益3600万円、借入金2500万円、自己資本比率24%、ステージ=低利益。,保守契約と入替計画はあるが、解約時の転用価値は限定的。,継続契約が複数あり、粗利率は比較的高い。,技術陳腐化が早く、期間と経済的寿命の整合確認が必要。,,,,,,,,,,,,,,,yes,,
1,CASE-JD-20260725-0769,demo_user_judgment_drill,2026-07-25,16,pending_user_judgment,美容店舗拡張,生活関連サービス業,低利益,メイン,0,新規先,0,30,美容機器,12,4,新メニュー開始,直近期売上195百万円、営業利益-800万円、借入金3400万円、自己資本比率30%、ステージ=低利益。,機器は専門性が高く、撤退時の換金性に幅がある。,既存顧客があり、単価上昇の余地がある。,新メニュー売上は口頭見込み中心で、解約率・稼働率が未整理。,,,,,,,,,,,,,,,yes,,
1,CASE-JD-20260725-0770,demo_user_judgment_drill,2026-07-25,16,pending_user_judgment,農業設備,農業,低利益,メイン,20,新規先,0,36,選果機,24,5,出荷能力向上,直近期売上230百万円、営業利益300万円、借入金4300万円、自己資本比率36%、ステージ=低利益。,補助金と組合支援の説明はあるが、入金時期が未確定。,出荷先との取引は長く、季節需要も見込める。,収穫量・天候影響に左右され、年間資金繰りの波が大きい。,,,,,,,,,,,,,,,yes,,
1,CASE-JD-20260725-0771,demo_user_judgment_drill,2026-07-25,16,pending_user_judgment,補助金前提,製造業,赤字改善中,メイン,35,既存先,5,8,CNC工作機械,24,6,老朽設備更新と増産対応,直近期売上265百万円、営業利益900万円、借入金5200万円、自己資本比率8%、ステージ=赤字改善中。,社長は採択前提で説明しているが、銀行支援は口頭段階。,既存主力先からの受注残があり、設備必要性は明確。,補助金採択前にリース開始予定で、未採択時の資金繰り説明が弱い。,,,,,,,,,,,,,,,yes,,
1,CASE-JD-20260725-0772,demo_user_judgment_drill,2026-07-25,16,pending_user_judgment,新店舗計画,飲食業,赤字改善中,非メイン,50,既存先,12,12,厨房設備一式,36,7,新店舗出店,直近期売上300百万円、営業利益1600万円、借入金6100万円、自己資本比率12%、ステージ=赤字改善中。,立地評価は高いが、回転率・客単価・原価率の資料が薄い。,既存店舗は黒字で、代表に運営経験がある。,新店舗売上計画が既存店実績より強く、人員確保も未確定。,,,,,,,,,,,,,,,yes,,
1,CASE-JD-20260725-0773,demo_user_judgment_drill,2026-07-25,16,pending_user_judgment,増額更新,食品製造業,赤字改善中,非メイン,80,既存先,18,16,包装ライン,62,4,既存設備更新,直近期売上335百万円、営業利益2400万円、借入金7000万円、自己資本比率16%、ステージ=赤字改善中。,旧設備の廃棄費用・下取り可否が未確認。,故障頻度と停止時間が増え、更新合理性はある。,月額負担が上がる一方、改善効果がメーカー資料中心。,,,,,,,,,,,,,,,yes,,
1,CASE-JD-20260725-0774,demo_user_judgment_drill,2026-07-25,16,pending_user_judgment,新規契約前提,運送業,赤字改善中,非メイン,120,既存先,25,20,大型トラック,12,5,新規荷主ルート対応,直近期売上370百万円、営業利益3600万円、借入金7900万円、自己資本比率20%、ステージ=赤字改善中。,契約不成立時は既存業務に転用可能だが採算は下がる。,既存車両の稼働率は高く、返済履歴も良好。,荷主契約が内諾段階で、燃料費上昇時の採算余力が薄い。,,,,,,,,,,,,,,,yes,,
1,CASE-JD-20260725-0775,demo_user_judgment_drill,2026-07-25,16,pending_user_judgment,購入選択権,卸売業,赤字改善中,メイン,180,既存先,40,24,フォークリフト,24,6,倉庫能力維持,直近期売上405百万円、営業利益-800万円、借入金8800万円、自己資本比率24%、ステージ=赤字改善中。,使用時間が長く、バッテリー交換費用の負担確認が必要。,倉庫稼働は安定し、物件の必要性は明確。,購入選択権価格が低く、残価・満了後出口の説明が弱い。,,,,,,,,,,,,,,,yes,,
1,CASE-JD-20260725-0776,demo_user_judgment_drill,2026-07-25,16,pending_user_judgment,医療機器更新,医療・福祉,赤字改善中,メイン,250,新規先,0,30,画像診断装置,36,7,診療能力維持と待ち時間短縮,直近期売上440百万円、営業利益300万円、借入金9700万円、自己資本比率30%、ステージ=赤字改善中。,メーカー保守契約は提示済みだが、更新後の稼働計画は概算。,地域需要があり、既存患者基盤も安定している。,診療報酬改定や保守費用を織り込んだ採算表が不足。,,,,,,,,,,,,,,,yes,,
1,CASE-JD-20260725-0777,demo_user_judgment_drill,2026-07-25,16,pending_user_judgment,建機高稼働,建設業,赤字改善中,メイン,0,新規先,0,36,油圧ショベル,62,4,受注現場対応,直近期売上475百万円、営業利益900万円、借入金10600万円、自己資本比率36%、ステージ=赤字改善中。,代表は中古売却可能と説明するが、査定根拠は未取得。,公共工事の受注残があり、機械稼働の見込みはある。,工期後の転用先と中古価格下落時の出口説明が弱い。,,,,,,,,,,,,,,,yes,,
1,CASE-JD-20260725-0778,demo_user_judgment_drill,2026-07-25,16,pending_user_judgment,IT設備刷新,情報通信業,赤字改善中,非メイン,20,新規先,0,8,サーバー・ネットワーク機器,12,5,顧客案件増加に伴う基盤増強,直近期売上510百万円、営業利益1600万円、借入金11500万円、自己資本比率8%、ステージ=赤字改善中。,保守契約と入替計画はあるが、解約時の転用価値は限定的。,継続契約が複数あり、粗利率は比較的高い。,技術陳腐化が早く、期間と経済的寿命の整合確認が必要。,,,,,,,,,,,,,,,yes,,
1,CASE-JD-20260725-0779,demo_user_judgment_drill,2026-07-25,16,pending_user_judgment,美容店舗拡張,生活関連サービス業,赤字改善中,非メイン,35,新規先,0,12,美容機器,24,6,新メニュー開始,直近期売上545百万円、営業利益2400万円、借入金12400万円、自己資本比率12%、ステージ=赤字改善中。,機器は専門性が高く、撤退時の換金性に幅がある。,既存顧客があり、単価上昇の余地がある。,新メニュー売上は口頭見込み中心で、解約率・稼働率が未整理。,,,,,,,,,,,,,,,yes,,
1,CASE-JD-20260725-0780,demo_user_judgment_drill,2026-07-25,16,pending_user_judgment,農業設備,農業,赤字改善中,非メイン,50,新規先,0,16,選果機,36,7,出荷能力向上,直近期売上580百万円、営業利益3600万円、借入金13300万円、自己資本比率16%、ステージ=赤字改善中。,補助金と組合支援の説明はあるが、入金時期が未確定。,出荷先との取引は長く、季節需要も見込める。,収穫量・天候影響に左右され、年間資金繰りの波が大きい。,,,,,,,,,,,,,,,yes,,
1,CASE-JD-20260725-0781,demo_user_judgment_drill,2026-07-25,16,pending_user_judgment,補助金前提,製造業,急成長,メイン,80,既存先,25,20,CNC工作機械,36,4,老朽設備更新と増産対応,直近期売上615百万円、営業利益-800万円、借入金2500万円、自己資本比率20%、ステージ=急成長。,社長は採択前提で説明しているが、銀行支援は口頭段階。,既存主力先からの受注残があり、設備必要性は明確。,補助金採択前にリース開始予定で、未採択時の資金繰り説明が弱い。,,,,,,,,,,,,,,,yes,,
1,CASE-JD-20260725-0782,demo_user_judgment_drill,2026-07-25,16,pending_user_judgment,新店舗計画,飲食業,急成長,メイン,120,既存先,40,24,厨房設備一式,62,5,新店舗出店,直近期売上650百万円、営業利益300万円、借入金3400万円、自己資本比率24%、ステージ=急成長。,立地評価は高いが、回転率・客単価・原価率の資料が薄い。,既存店舗は黒字で、代表に運営経験がある。,新店舗売上計画が既存店実績より強く、人員確保も未確定。,,,,,,,,,,,,,,,yes,,
1,CASE-JD-20260725-0783,demo_user_judgment_drill,2026-07-25,16,pending_user_judgment,増額更新,食品製造業,急成長,メイン,180,既存先,60,30,包装ライン,12,6,既存設備更新,直近期売上90百万円、営業利益900万円、借入金4300万円、自己資本比率30%、ステージ=急成長。,旧設備の廃棄費用・下取り可否が未確認。,故障頻度と停止時間が増え、更新合理性はある。,月額負担が上がる一方、改善効果がメーカー資料中心。,,,,,,,,,,,,,,,yes,,
1,CASE-JD-20260725-0784,demo_user_judgment_drill,2026-07-25,16,pending_user_judgment,新規契約前提,運送業,急成長,非メイン,250,既存先,90,36,大型トラック,24,7,新規荷主ルート対応,直近期売上125百万円、営業利益1600万円、借入金5200万円、自己資本比率36%、ステージ=急成長。,契約不成立時は既存業務に転用可能だが採算は下がる。,既存車両の稼働率は高く、返済履歴も良好。,荷主契約が内諾段階で、燃料費上昇時の採算余力が薄い。,,,,,,,,,,,,,,,yes,,
1,CASE-JD-20260725-0785,demo_user_judgment_drill,2026-07-25,16,pending_user_judgment,購入選択権,卸売業,急成長,非メイン,0,既存先,5,8,フォークリフト,36,4,倉庫能力維持,直近期売上160百万円、営業利益2400万円、借入金6100万円、自己資本比率8%、ステージ=急成長。,使用時間が長く、バッテリー交換費用の負担確認が必要。,倉庫稼働は安定し、物件の必要性は明確。,購入選択権価格が低く、残価・満了後出口の説明が弱い。,,,,,,,,,,,,,,,yes,,
1,CASE-JD-20260725-0786,demo_user_judgment_drill,2026-07-25,16,pending_user_judgment,医療機器更新,医療・福祉,急成長,非メイン,20,新規先,0,12,画像診断装置,62,5,診療能力維持と待ち時間短縮,直近期売上195百万円、営業利益3600万円、借入金7000万円、自己資本比率12%、ステージ=急成長。,メーカー保守契約は提示済みだが、更新後の稼働計画は概算。,地域需要があり、既存患者基盤も安定している。,診療報酬改定や保守費用を織り込んだ採算表が不足。,,,,,,,,,,,,,,,yes,,
1,CASE-JD-20260725-0787,demo_user_judgment_drill,2026-07-25,16,pending_user_judgment,建機高稼働,建設業,急成長,メイン,35,新規先,0,16,油圧ショベル,12,6,受注現場対応,直近期売上230百万円、営業利益-800万円、借入金7900万円、自己資本比率16%、ステージ=急成長。,代表は中古売却可能と説明するが、査定根拠は未取得。,公共工事の受注残があり、機械稼働の見込みはある。,工期後の転用先と中古価格下落時の出口説明が弱い。,,,,,,,,,,,,,,,yes,,
1,CASE-JD-20260725-0788,demo_user_judgment_drill,2026-07-25,16,pending_user_judgment,IT設備刷新,情報通信業,急成長,メイン,50,新規先,0,20,サーバー・ネットワーク機器,24,7,顧客案件増加に伴う基盤増強,直近期売上265百万円、営業利益300万円、借入金8800万円、自己資本比率20%、ステージ=急成長。,保守契約と入替計画はあるが、解約時の転用価値は限定的。,継続契約が複数あり、粗利率は比較的高い。,技術陳腐化が早く、期間と経済的寿命の整合確認が必要。,,,,,,,,,,,,,,,yes,,
1,CASE-JD-20260725-0789,demo_user_judgment_drill,2026-07-25,16,pending_user_judgment,美容店舗拡張,生活関連サービス業,急成長,メイン,80,新規先,0,24,美容機器,36,4,新メニュー開始,直近期売上300百万円、営業利益900万円、借入金9700万円、自己資本比率24%、ステージ=急成長。,機器は専門性が高く、撤退時の換金性に幅がある。,既存顧客があり、単価上昇の余地がある。,新メニュー売上は口頭見込み中心で、解約率・稼働率が未整理。,,,,,,,,,,,,,,,yes,,
1,CASE-JD-20260725-0790,demo_user_judgment_drill,2026-07-25,16,pending_user_judgment,農業設備,農業,急成長,非メイン,120,新規先,0,30,選果機,62,5,出荷能力向上,直近期売上335百万円、営業利益1600万円、借入金10600万円、自己資本比率30%、ステージ=急成長。,補助金と組合支援の説明はあるが、入金時期が未確定。,出荷先との取引は長く、季節需要も見込める。,収穫量・天候影響に左右され、年間資金繰りの波が大きい。,,,,,,,,,,,,,,,yes,,
1,CASE-JD-20260725-0791,demo_user_judgment_drill,2026-07-25,16,pending_user_judgment,補助金前提,製造業,事業承継直後,非メイン,180,既存先,90,36,CNC工作機械,62,6,老朽設備更新と増産対応,直近期売上370百万円、営業利益2400万円、借入金11500万円、自己資本比率36%、ステージ=事業承継直後。,社長は採択前提で説明しているが、銀行支援は口頭段階。,既存主力先からの受注残があり、設備必要性は明確。,補助金採択前にリース開始予定で、未採択時の資金繰り説明が弱い。,,,,,,,,,,,,,,,yes,,
1,CASE-JD-20260725-0792,demo_user_judgment_drill,2026-07-25,16,pending_user_judgment,新店舗計画,飲食業,事業承継直後,非メイン,250,既存先,5,8,厨房設備一式,12,7,新店舗出店,直近期売上405百万円、営業利益3600万円、借入金12400万円、自己資本比率8%、ステージ=事業承継直後。,立地評価は高いが、回転率・客単価・原価率の資料が薄い。,既存店舗は黒字で、代表に運営経験がある。,新店舗売上計画が既存店実績より強く、人員確保も未確定。,,,,,,,,,,,,,,,yes,,
1,CASE-JD-20260725-0793,demo_user_judgment_drill,2026-07-25,16,pending_user_judgment,増額更新,食品製造業,事業承継直後,メイン,0,既存先,12,12,包装ライン,24,4,既存設備更新,直近期売上440百万円、営業利益-800万円、借入金13300万円、自己資本比率12%、ステージ=事業承継直後。,旧設備の廃棄費用・下取り可否が未確認。,故障頻度と停止時間が増え、更新合理性はある。,月額負担が上がる一方、改善効果がメーカー資料中心。,,,,,,,,,,,,,,,yes,,
1,CASE-JD-20260725-0794,demo_user_judgment_drill,2026-07-25,16,pending_user_judgment,新規契約前提,運送業,事業承継直後,メイン,20,既存先,18,16,大型トラック,36,5,新規荷主ルート対応,直近期売上475百万円、営業利益300万円、借入金2500万円、自己資本比率16%、ステージ=事業承継直後。,契約不成立時は既存業務に転用可能だが採算は下がる。,既存車両の稼働率は高く、返済履歴も良好。,荷主契約が内諾段階で、燃料費上昇時の採算余力が薄い。,,,,,,,,,,,,,,,yes,,
1,CASE-JD-20260725-0795,demo_user_judgment_drill,2026-07-25,16,pending_user_judgment,購入選択権,卸売業,事業承継直後,メイン,35,既存先,25,20,フォークリフト,62,6,倉庫能力維持,直近期売上510百万円、営業利益900万円、借入金3400万円、自己資本比率20%、ステージ=事業承継直後。,使用時間が長く、バッテリー交換費用の負担確認が必要。,倉庫稼働は安定し、物件の必要性は明確。,購入選択権価格が低く、残価・満了後出口の説明が弱い。,,,,,,,,,,,,,,,yes,,
1,CASE-JD-20260725-0796,demo_user_judgment_drill,2026-07-25,16,pending_user_judgment,医療機器更新,医療・福祉,事業承継直後,非メイン,50,新規先,0,24,画像診断装置,12,7,診療能力維持と待ち時間短縮,直近期売上545百万円、営業利益1600万円、借入金4300万円、自己資本比率24%、ステージ=事業承継直後。,メーカー保守契約は提示済みだが、更新後の稼働計画は概算。,地域需要があり、既存患者基盤も安定している。,診療報酬改定や保守費用を織り込んだ採算表が不足。,,,,,,,,,,,,,,,yes,,
1,CASE-JD-20260725-0797,demo_user_judgment_drill,2026-07-25,16,pending_user_judgment,建機高稼働,建設業,事業承継直後,非メイン,80,新規先,0,30,油圧ショベル,24,4,受注現場対応,直近期売上580百万円、営業利益2400万円、借入金5200万円、自己資本比率30%、ステージ=事業承継直後。,代表は中古売却可能と説明するが、査定根拠は未取得。,公共工事の受注残があり、機械稼働の見込みはある。,工期後の転用先と中古価格下落時の出口説明が弱い。,,,,,,,,,,,,,,,yes,,
1,CASE-JD-20260725-0798,demo_user_judgment_drill,2026-07-25,16,pending_user_judgment,IT設備刷新,情報通信業,事業承継直後,非メイン,120,新規先,0,36,サーバー・ネットワーク機器,36,5,顧客案件増加に伴う基盤増強,直近期売上615百万円、営業利益3600万円、借入金6100万円、自己資本比率36%、ステージ=事業承継直後。,保守契約と入替計画はあるが、解約時の転用価値は限定的。,継続契約が複数あり、粗利率は比較的高い。,技術陳腐化が早く、期間と経済的寿命の整合確認が必要。,,,,,,,,,,,,,,,yes,,
1,CASE-JD-20260725-0799,demo_user_judgment_drill,2026-07-25,16,pending_user_judgment,美容店舗拡張,生活関連サービス業,事業承継直後,メイン,180,新規先,0,8,美容機器,62,6,新メニュー開始,直近期売上650百万円、営業利益-800万円、借入金7000万円、自己資本比率8%、ステージ=事業承継直後。,機器は専門性が高く、撤退時の換金性に幅がある。,既存顧客があり、単価上昇の余地がある。,新メニュー売上は口頭見込み中心で、解約率・稼働率が未整理。,,,,,,,,,,,,,,,yes,,
1,CASE-JD-20260725-0800,demo_user_judgment_drill,2026-07-25,16,pending_user_judgment,農業設備,農業,事業承継直後,メイン,250,新規先,0,12,選果機,12,7,出荷能力向上,直近期売上90百万円、営業利益300万円、借入金7900万円、自己資本比率12%、ステージ=事業承継直後。,補助金と組合支援の説明はあるが、入金時期が未確定。,出荷先との取引は長く、季節需要も見込める。,収穫量・天候影響に左右され、年間資金繰りの波が大きい。,,,,,,,,,,,,,,,yes,,
1,CASE-JD-20260725-0801,demo_user_judgment_drill,2026-07-25,17,pending_user_judgment,補助金前提,製造業,安定黒字,メイン,0,既存先,18,16,CNC工作機械,12,4,老朽設備更新と増産対応,直近期売上125百万円、営業利益900万円、借入金8800万円、自己資本比率16%、ステージ=安定黒字。,社長は採択前提で説明しているが、銀行支援は口頭段階。,既存主力先からの受注残があり、設備必要性は明確。,補助金採択前にリース開始予定で、未採択時の資金繰り説明が弱い。,,,,,,,,,,,,,,,yes,,
1,CASE-JD-20260725-0802,demo_user_judgment_drill,2026-07-25,17,pending_user_judgment,新店舗計画,飲食業,安定黒字,非メイン,20,既存先,25,20,厨房設備一式,24,5,新店舗出店,直近期売上160百万円、営業利益1600万円、借入金9700万円、自己資本比率20%、ステージ=安定黒字。,立地評価は高いが、回転率・客単価・原価率の資料が薄い。,既存店舗は黒字で、代表に運営経験がある。,新店舗売上計画が既存店実績より強く、人員確保も未確定。,,,,,,,,,,,,,,,yes,,
1,CASE-JD-20260725-0803,demo_user_judgment_drill,2026-07-25,17,pending_user_judgment,増額更新,食品製造業,安定黒字,非メイン,35,既存先,40,24,包装ライン,36,6,既存設備更新,直近期売上195百万円、営業利益2400万円、借入金10600万円、自己資本比率24%、ステージ=安定黒字。,旧設備の廃棄費用・下取り可否が未確認。,故障頻度と停止時間が増え、更新合理性はある。,月額負担が上がる一方、改善効果がメーカー資料中心。,,,,,,,,,,,,,,,yes,,
1,CASE-JD-20260725-0804,demo_user_judgment_drill,2026-07-25,17,pending_user_judgment,新規契約前提,運送業,安定黒字,非メイン,50,既存先,60,30,大型トラック,62,7,新規荷主ルート対応,直近期売上230百万円、営業利益3600万円、借入金11500万円、自己資本比率30%、ステージ=安定黒字。,契約不成立時は既存業務に転用可能だが採算は下がる。,既存車両の稼働率は高く、返済履歴も良好。,荷主契約が内諾段階で、燃料費上昇時の採算余力が薄い。,,,,,,,,,,,,,,,yes,,
1,CASE-JD-20260725-0805,demo_user_judgment_drill,2026-07-25,17,pending_user_judgment,購入選択権,卸売業,安定黒字,メイン,80,既存先,90,36,フォークリフト,12,4,倉庫能力維持,直近期売上265百万円、営業利益-800万円、借入金12400万円、自己資本比率36%、ステージ=安定黒字。,使用時間が長く、バッテリー交換費用の負担確認が必要。,倉庫稼働は安定し、物件の必要性は明確。,購入選択権価格が低く、残価・満了後出口の説明が弱い。,,,,,,,,,,,,,,,yes,,
1,CASE-JD-20260725-0806,demo_user_judgment_drill,2026-07-25,17,pending_user_judgment,医療機器更新,医療・福祉,安定黒字,メイン,120,新規先,0,8,画像診断装置,24,5,診療能力維持と待ち時間短縮,直近期売上300百万円、営業利益300万円、借入金13300万円、自己資本比率8%、ステージ=安定黒字。,メーカー保守契約は提示済みだが、更新後の稼働計画は概算。,地域需要があり、既存患者基盤も安定している。,診療報酬改定や保守費用を織り込んだ採算表が不足。,,,,,,,,,,,,,,,yes,,
1,CASE-JD-20260725-0807,demo_user_judgment_drill,2026-07-25,17,pending_user_judgment,建機高稼働,建設業,安定黒字,メイン,180,新規先,0,12,油圧ショベル,36,6,受注現場対応,直近期売上335百万円、営業利益900万円、借入金2500万円、自己資本比率12%、ステージ=安定黒字。,代表は中古売却可能と説明するが、査定根拠は未取得。,公共工事の受注残があり、機械稼働の見込みはある。,工期後の転用先と中古価格下落時の出口説明が弱い。,,,,,,,,,,,,,,,yes,,
1,CASE-JD-20260725-0808,demo_user_judgment_drill,2026-07-25,17,pending_user_judgment,IT設備刷新,情報通信業,安定黒字,非メイン,250,新規先,0,16,サーバー・ネットワーク機器,62,7,顧客案件増加に伴う基盤増強,直近期売上370百万円、営業利益1600万円、借入金3400万円、自己資本比率16%、ステージ=安定黒字。,保守契約と入替計画はあるが、解約時の転用価値は限定的。,継続契約が複数あり、粗利率は比較的高い。,技術陳腐化が早く、期間と経済的寿命の整合確認が必要。,,,,,,,,,,,,,,,yes,,
1,CASE-JD-20260725-0809,demo_user_judgment_drill,2026-07-25,17,pending_user_judgment,美容店舗拡張,生活関連サービス業,安定黒字,非メイン,0,新規先,0,20,美容機器,12,4,新メニュー開始,直近期売上405百万円、営業利益2400万円、借入金4300万円、自己資本比率20%、ステージ=安定黒字。,機器は専門性が高く、撤退時の換金性に幅がある。,既存顧客があり、単価上昇の余地がある。,新メニュー売上は口頭見込み中心で、解約率・稼働率が未整理。,,,,,,,,,,,,,,,yes,,
1,CASE-JD-20260725-0810,demo_user_judgment_drill,2026-07-25,17,pending_user_judgment,農業設備,農業,安定黒字,非メイン,20,新規先,0,24,選果機,24,5,出荷能力向上,直近期売上440百万円、営業利益3600万円、借入金5200万円、自己資本比率24%、ステージ=安定黒字。,補助金と組合支援の説明はあるが、入金時期が未確定。,出荷先との取引は長く、季節需要も見込める。,収穫量・天候影響に左右され、年間資金繰りの波が大きい。,,,,,,,,,,,,,,,yes,,
1,CASE-JD-20260725-0811,demo_user_judgment_drill,2026-07-25,17,pending_user_judgment,補助金前提,製造業,低利益,メイン,35,既存先,60,30,CNC工作機械,24,6,老朽設備更新と増産対応,直近期売上475百万円、営業利益-800万円、借入金6100万円、自己資本比率30%、ステージ=低利益。,社長は採択前提で説明しているが、銀行支援は口頭段階。,既存主力先からの受注残があり、設備必要性は明確。,補助金採択前にリース開始予定で、未採択時の資金繰り説明が弱い。,,,,,,,,,,,,,,,yes,,
1,CASE-JD-20260725-0812,demo_user_judgment_drill,2026-07-25,17,pending_user_judgment,新店舗計画,飲食業,低利益,メイン,50,既存先,90,36,厨房設備一式,36,7,新店舗出店,直近期売上510百万円、営業利益300万円、借入金7000万円、自己資本比率36%、ステージ=低利益。,立地評価は高いが、回転率・客単価・原価率の資料が薄い。,既存店舗は黒字で、代表に運営経験がある。,新店舗売上計画が既存店実績より強く、人員確保も未確定。,,,,,,,,,,,,,,,yes,,
1,CASE-JD-20260725-0813,demo_user_judgment_drill,2026-07-25,17,pending_user_judgment,増額更新,食品製造業,低利益,メイン,80,既存先,5,8,包装ライン,62,4,既存設備更新,直近期売上545百万円、営業利益900万円、借入金7900万円、自己資本比率8%、ステージ=低利益。,旧設備の廃棄費用・下取り可否が未確認。,故障頻度と停止時間が増え、更新合理性はある。,月額負担が上がる一方、改善効果がメーカー資料中心。,,,,,,,,,,,,,,,yes,,
1,CASE-JD-20260725-0814,demo_user_judgment_drill,2026-07-25,17,pending_user_judgment,新規契約前提,運送業,低利益,非メイン,120,既存先,12,12,大型トラック,12,5,新規荷主ルート対応,直近期売上580百万円、営業利益1600万円、借入金8800万円、自己資本比率12%、ステージ=低利益。,契約不成立時は既存業務に転用可能だが採算は下がる。,既存車両の稼働率は高く、返済履歴も良好。,荷主契約が内諾段階で、燃料費上昇時の採算余力が薄い。,,,,,,,,,,,,,,,yes,,
1,CASE-JD-20260725-0815,demo_user_judgment_drill,2026-07-25,17,pending_user_judgment,購入選択権,卸売業,低利益,非メイン,180,既存先,18,16,フォークリフト,24,6,倉庫能力維持,直近期売上615百万円、営業利益2400万円、借入金9700万円、自己資本比率16%、ステージ=低利益。,使用時間が長く、バッテリー交換費用の負担確認が必要。,倉庫稼働は安定し、物件の必要性は明確。,購入選択権価格が低く、残価・満了後出口の説明が弱い。,,,,,,,,,,,,,,,yes,,
1,CASE-JD-20260725-0816,demo_user_judgment_drill,2026-07-25,17,pending_user_judgment,医療機器更新,医療・福祉,低利益,非メイン,250,新規先,0,20,画像診断装置,36,7,診療能力維持と待ち時間短縮,直近期売上650百万円、営業利益3600万円、借入金10600万円、自己資本比率20%、ステージ=低利益。,メーカー保守契約は提示済みだが、更新後の稼働計画は概算。,地域需要があり、既存患者基盤も安定している。,診療報酬改定や保守費用を織り込んだ採算表が不足。,,,,,,,,,,,,,,,yes,,
1,CASE-JD-20260725-0817,demo_user_judgment_drill,2026-07-25,17,pending_user_judgment,建機高稼働,建設業,低利益,メイン,0,新規先,0,24,油圧ショベル,62,4,受注現場対応,直近期売上90百万円、営業利益-800万円、借入金11500万円、自己資本比率24%、ステージ=低利益。,代表は中古売却可能と説明するが、査定根拠は未取得。,公共工事の受注残があり、機械稼働の見込みはある。,工期後の転用先と中古価格下落時の出口説明が弱い。,,,,,,,,,,,,,,,yes,,
1,CASE-JD-20260725-0818,demo_user_judgment_drill,2026-07-25,17,pending_user_judgment,IT設備刷新,情報通信業,低利益,メイン,20,新規先,0,30,サーバー・ネットワーク機器,12,5,顧客案件増加に伴う基盤増強,直近期売上125百万円、営業利益300万円、借入金12400万円、自己資本比率30%、ステージ=低利益。,保守契約と入替計画はあるが、解約時の転用価値は限定的。,継続契約が複数あり、粗利率は比較的高い。,技術陳腐化が早く、期間と経済的寿命の整合確認が必要。,,,,,,,,,,,,,,,yes,,
1,CASE-JD-20260725-0819,demo_user_judgment_drill,2026-07-25,17,pending_user_judgment,美容店舗拡張,生活関連サービス業,低利益,メイン,35,新規先,0,36,美容機器,24,6,新メニュー開始,直近期売上160百万円、営業利益900万円、借入金13300万円、自己資本比率36%、ステージ=低利益。,機器は専門性が高く、撤退時の換金性に幅がある。,既存顧客があり、単価上昇の余地がある。,新メニュー売上は口頭見込み中心で、解約率・稼働率が未整理。,,,,,,,,,,,,,,,yes,,
1,CASE-JD-20260725-0820,demo_user_judgment_drill,2026-07-25,17,pending_user_judgment,農業設備,農業,低利益,非メイン,50,新規先,0,8,選果機,36,7,出荷能力向上,直近期売上195百万円、営業利益1600万円、借入金2500万円、自己資本比率8%、ステージ=低利益。,補助金と組合支援の説明はあるが、入金時期が未確定。,出荷先との取引は長く、季節需要も見込める。,収穫量・天候影響に左右され、年間資金繰りの波が大きい。,,,,,,,,,,,,,,,yes,,
1,CASE-JD-20260725-0821,demo_user_judgment_drill,2026-07-25,17,pending_user_judgment,補助金前提,製造業,赤字改善中,非メイン,80,既存先,12,12,CNC工作機械,36,4,老朽設備更新と増産対応,直近期売上230百万円、営業利益2400万円、借入金3400万円、自己資本比率12%、ステージ=赤字改善中。,社長は採択前提で説明しているが、銀行支援は口頭段階。,既存主力先からの受注残があり、設備必要性は明確。,補助金採択前にリース開始予定で、未採択時の資金繰り説明が弱い。,,,,,,,,,,,,,,,yes,,
1,CASE-JD-20260725-0822,demo_user_judgment_drill,2026-07-25,17,pending_user_judgment,新店舗計画,飲食業,赤字改善中,非メイン,120,既存先,18,16,厨房設備一式,62,5,新店舗出店,直近期売上265百万円、営業利益3600万円、借入金4300万円、自己資本比率16%、ステージ=赤字改善中。,立地評価は高いが、回転率・客単価・原価率の資料が薄い。,既存店舗は黒字で、代表に運営経験がある。,新店舗売上計画が既存店実績より強く、人員確保も未確定。,,,,,,,,,,,,,,,yes,,
1,CASE-JD-20260725-0823,demo_user_judgment_drill,2026-07-25,17,pending_user_judgment,増額更新,食品製造業,赤字改善中,メイン,180,既存先,25,20,包装ライン,12,6,既存設備更新,直近期売上300百万円、営業利益-800万円、借入金5200万円、自己資本比率20%、ステージ=赤字改善中。,旧設備の廃棄費用・下取り可否が未確認。,故障頻度と停止時間が増え、更新合理性はある。,月額負担が上がる一方、改善効果がメーカー資料中心。,,,,,,,,,,,,,,,yes,,
1,CASE-JD-20260725-0824,demo_user_judgment_drill,2026-07-25,17,pending_user_judgment,新規契約前提,運送業,赤字改善中,メイン,250,既存先,40,24,大型トラック,24,7,新規荷主ルート対応,直近期売上335百万円、営業利益300万円、借入金6100万円、自己資本比率24%、ステージ=赤字改善中。,契約不成立時は既存業務に転用可能だが採算は下がる。,既存車両の稼働率は高く、返済履歴も良好。,荷主契約が内諾段階で、燃料費上昇時の採算余力が薄い。,,,,,,,,,,,,,,,yes,,
1,CASE-JD-20260725-0825,demo_user_judgment_drill,2026-07-25,17,pending_user_judgment,購入選択権,卸売業,赤字改善中,メイン,0,既存先,60,30,フォークリフト,36,4,倉庫能力維持,直近期売上370百万円、営業利益900万円、借入金7000万円、自己資本比率30%、ステージ=赤字改善中。,使用時間が長く、バッテリー交換費用の負担確認が必要。,倉庫稼働は安定し、物件の必要性は明確。,購入選択権価格が低く、残価・満了後出口の説明が弱い。,,,,,,,,,,,,,,,yes,,
1,CASE-JD-20260725-0826,demo_user_judgment_drill,2026-07-25,17,pending_user_judgment,医療機器更新,医療・福祉,赤字改善中,非メイン,20,新規先,0,36,画像診断装置,62,5,診療能力維持と待ち時間短縮,直近期売上405百万円、営業利益1600万円、借入金7900万円、自己資本比率36%、ステージ=赤字改善中。,メーカー保守契約は提示済みだが、更新後の稼働計画は概算。,地域需要があり、既存患者基盤も安定している。,診療報酬改定や保守費用を織り込んだ採算表が不足。,,,,,,,,,,,,,,,yes,,
1,CASE-JD-20260725-0827,demo_user_judgment_drill,2026-07-25,17,pending_user_judgment,建機高稼働,建設業,赤字改善中,非メイン,35,新規先,0,8,油圧ショベル,12,6,受注現場対応,直近期売上440百万円、営業利益2400万円、借入金8800万円、自己資本比率8%、ステージ=赤字改善中。,代表は中古売却可能と説明するが、査定根拠は未取得。,公共工事の受注残があり、機械稼働の見込みはある。,工期後の転用先と中古価格下落時の出口説明が弱い。,,,,,,,,,,,,,,,yes,,
1,CASE-JD-20260725-0828,demo_user_judgment_drill,2026-07-25,17,pending_user_judgment,IT設備刷新,情報通信業,赤字改善中,非メイン,50,新規先,0,12,サーバー・ネットワーク機器,24,7,顧客案件増加に伴う基盤増強,直近期売上475百万円、営業利益3600万円、借入金9700万円、自己資本比率12%、ステージ=赤字改善中。,保守契約と入替計画はあるが、解約時の転用価値は限定的。,継続契約が複数あり、粗利率は比較的高い。,技術陳腐化が早く、期間と経済的寿命の整合確認が必要。,,,,,,,,,,,,,,,yes,,
1,CASE-JD-20260725-0829,demo_user_judgment_drill,2026-07-25,17,pending_user_judgment,美容店舗拡張,生活関連サービス業,赤字改善中,メイン,80,新規先,0,16,美容機器,36,4,新メニュー開始,直近期売上510百万円、営業利益-800万円、借入金10600万円、自己資本比率16%、ステージ=赤字改善中。,機器は専門性が高く、撤退時の換金性に幅がある。,既存顧客があり、単価上昇の余地がある。,新メニュー売上は口頭見込み中心で、解約率・稼働率が未整理。,,,,,,,,,,,,,,,yes,,
1,CASE-JD-20260725-0830,demo_user_judgment_drill,2026-07-25,17,pending_user_judgment,農業設備,農業,赤字改善中,メイン,120,新規先,0,20,選果機,62,5,出荷能力向上,直近期売上545百万円、営業利益300万円、借入金11500万円、自己資本比率20%、ステージ=赤字改善中。,補助金と組合支援の説明はあるが、入金時期が未確定。,出荷先との取引は長く、季節需要も見込める。,収穫量・天候影響に左右され、年間資金繰りの波が大きい。,,,,,,,,,,,,,,,yes,,
1,CASE-JD-20260725-0831,demo_user_judgment_drill,2026-07-25,17,pending_user_judgment,補助金前提,製造業,急成長,メイン,180,既存先,40,24,CNC工作機械,62,6,老朽設備更新と増産対応,直近期売上580百万円、営業利益900万円、借入金12400万円、自己資本比率24%、ステージ=急成長。,社長は採択前提で説明しているが、銀行支援は口頭段階。,既存主力先からの受注残があり、設備必要性は明確。,補助金採択前にリース開始予定で、未採択時の資金繰り説明が弱い。,,,,,,,,,,,,,,,yes,,
1,CASE-JD-20260725-0832,demo_user_judgment_drill,2026-07-25,17,pending_user_judgment,新店舗計画,飲食業,急成長,非メイン,250,既存先,60,30,厨房設備一式,12,7,新店舗出店,直近期売上615百万円、営業利益1600万円、借入金13300万円、自己資本比率30%、ステージ=急成長。,立地評価は高いが、回転率・客単価・原価率の資料が薄い。,既存店舗は黒字で、代表に運営経験がある。,新店舗売上計画が既存店実績より強く、人員確保も未確定。,,,,,,,,,,,,,,,yes,,
1,CASE-JD-20260725-0833,demo_user_judgment_drill,2026-07-25,17,pending_user_judgment,増額更新,食品製造業,急成長,非メイン,0,既存先,90,36,包装ライン,24,4,既存設備更新,直近期売上650百万円、営業利益2400万円、借入金2500万円、自己資本比率36%、ステージ=急成長。,旧設備の廃棄費用・下取り可否が未確認。,故障頻度と停止時間が増え、更新合理性はある。,月額負担が上がる一方、改善効果がメーカー資料中心。,,,,,,,,,,,,,,,yes,,
1,CASE-JD-20260725-0834,demo_user_judgment_drill,2026-07-25,17,pending_user_judgment,新規契約前提,運送業,急成長,非メイン,20,既存先,5,8,大型トラック,36,5,新規荷主ルート対応,直近期売上90百万円、営業利益3600万円、借入金3400万円、自己資本比率8%、ステージ=急成長。,契約不成立時は既存業務に転用可能だが採算は下がる。,既存車両の稼働率は高く、返済履歴も良好。,荷主契約が内諾段階で、燃料費上昇時の採算余力が薄い。,,,,,,,,,,,,,,,yes,,
1,CASE-JD-20260725-0835,demo_user_judgment_drill,2026-07-25,17,pending_user_judgment,購入選択権,卸売業,急成長,メイン,35,既存先,12,12,フォークリフト,62,6,倉庫能力維持,直近期売上125百万円、営業利益-800万円、借入金4300万円、自己資本比率12%、ステージ=急成長。,使用時間が長く、バッテリー交換費用の負担確認が必要。,倉庫稼働は安定し、物件の必要性は明確。,購入選択権価格が低く、残価・満了後出口の説明が弱い。,,,,,,,,,,,,,,,yes,,
1,CASE-JD-20260725-0836,demo_user_judgment_drill,2026-07-25,17,pending_user_judgment,医療機器更新,医療・福祉,急成長,メイン,50,新規先,0,16,画像診断装置,12,7,診療能力維持と待ち時間短縮,直近期売上160百万円、営業利益300万円、借入金5200万円、自己資本比率16%、ステージ=急成長。,メーカー保守契約は提示済みだが、更新後の稼働計画は概算。,地域需要があり、既存患者基盤も安定している。,診療報酬改定や保守費用を織り込んだ採算表が不足。,,,,,,,,,,,,,,,yes,,
1,CASE-JD-20260725-0837,demo_user_judgment_drill,2026-07-25,17,pending_user_judgment,建機高稼働,建設業,急成長,メイン,80,新規先,0,20,油圧ショベル,24,4,受注現場対応,直近期売上195百万円、営業利益900万円、借入金6100万円、自己資本比率20%、ステージ=急成長。,代表は中古売却可能と説明するが、査定根拠は未取得。,公共工事の受注残があり、機械稼働の見込みはある。,工期後の転用先と中古価格下落時の出口説明が弱い。,,,,,,,,,,,,,,,yes,,
1,CASE-JD-20260725-0838,demo_user_judgment_drill,2026-07-25,17,pending_user_judgment,IT設備刷新,情報通信業,急成長,非メイン,120,新規先,0,24,サーバー・ネットワーク機器,36,5,顧客案件増加に伴う基盤増強,直近期売上230百万円、営業利益1600万円、借入金7000万円、自己資本比率24%、ステージ=急成長。,保守契約と入替計画はあるが、解約時の転用価値は限定的。,継続契約が複数あり、粗利率は比較的高い。,技術陳腐化が早く、期間と経済的寿命の整合確認が必要。,,,,,,,,,,,,,,,yes,,
1,CASE-JD-20260725-0839,demo_user_judgment_drill,2026-07-25,17,pending_user_judgment,美容店舗拡張,生活関連サービス業,急成長,非メイン,180,新規先,0,30,美容機器,62,6,新メニュー開始,直近期売上265百万円、営業利益2400万円、借入金7900万円、自己資本比率30%、ステージ=急成長。,機器は専門性が高く、撤退時の換金性に幅がある。,既存顧客があり、単価上昇の余地がある。,新メニュー売上は口頭見込み中心で、解約率・稼働率が未整理。,,,,,,,,,,,,,,,yes,,
1,CASE-JD-20260725-0840,demo_user_judgment_drill,2026-07-25,17,pending_user_judgment,農業設備,農業,急成長,非メイン,250,新規先,0,36,選果機,12,7,出荷能力向上,直近期売上300百万円、営業利益3600万円、借入金8800万円、自己資本比率36%、ステージ=急成長。,補助金と組合支援の説明はあるが、入金時期が未確定。,出荷先との取引は長く、季節需要も見込める。,収穫量・天候影響に左右され、年間資金繰りの波が大きい。,,,,,,,,,,,,,,,yes,,
1,CASE-JD-20260725-0841,demo_user_judgment_drill,2026-07-25,17,pending_user_judgment,補助金前提,製造業,事業承継直後,メイン,0,既存先,5,8,CNC工作機械,12,4,老朽設備更新と増産対応,直近期売上335百万円、営業利益-800万円、借入金9700万円、自己資本比率8%、ステージ=事業承継直後。,社長は採択前提で説明しているが、銀行支援は口頭段階。,既存主力先からの受注残があり、設備必要性は明確。,補助金採択前にリース開始予定で、未採択時の資金繰り説明が弱い。,,,,,,,,,,,,,,,yes,,
1,CASE-JD-20260725-0842,demo_user_judgment_drill,2026-07-25,17,pending_user_judgment,新店舗計画,飲食業,事業承継直後,メイン,20,既存先,12,12,厨房設備一式,24,5,新店舗出店,直近期売上370百万円、営業利益300万円、借入金10600万円、自己資本比率12%、ステージ=事業承継直後。,立地評価は高いが、回転率・客単価・原価率の資料が薄い。,既存店舗は黒字で、代表に運営経験がある。,新店舗売上計画が既存店実績より強く、人員確保も未確定。,,,,,,,,,,,,,,,yes,,
1,CASE-JD-20260725-0843,demo_user_judgment_drill,2026-07-25,17,pending_user_judgment,増額更新,食品製造業,事業承継直後,メイン,35,既存先,18,16,包装ライン,36,6,既存設備更新,直近期売上405百万円、営業利益900万円、借入金11500万円、自己資本比率16%、ステージ=事業承継直後。,旧設備の廃棄費用・下取り可否が未確認。,故障頻度と停止時間が増え、更新合理性はある。,月額負担が上がる一方、改善効果がメーカー資料中心。,,,,,,,,,,,,,,,yes,,
1,CASE-JD-20260725-0844,demo_user_judgment_drill,2026-07-25,17,pending_user_judgment,新規契約前提,運送業,事業承継直後,非メイン,50,既存先,25,20,大型トラック,62,7,新規荷主ルート対応,直近期売上440百万円、営業利益1600万円、借入金12400万円、自己資本比率20%、ステージ=事業承継直後。,契約不成立時は既存業務に転用可能だが採算は下がる。,既存車両の稼働率は高く、返済履歴も良好。,荷主契約が内諾段階で、燃料費上昇時の採算余力が薄い。,,,,,,,,,,,,,,,yes,,
1,CASE-JD-20260725-0845,demo_user_judgment_drill,2026-07-25,17,pending_user_judgment,購入選択権,卸売業,事業承継直後,非メイン,80,既存先,40,24,フォークリフト,12,4,倉庫能力維持,直近期売上475百万円、営業利益2400万円、借入金13300万円、自己資本比率24%、ステージ=事業承継直後。,使用時間が長く、バッテリー交換費用の負担確認が必要。,倉庫稼働は安定し、物件の必要性は明確。,購入選択権価格が低く、残価・満了後出口の説明が弱い。,,,,,,,,,,,,,,,yes,,
1,CASE-JD-20260725-0846,demo_user_judgment_drill,2026-07-25,17,pending_user_judgment,医療機器更新,医療・福祉,事業承継直後,非メイン,120,新規先,0,30,画像診断装置,24,5,診療能力維持と待ち時間短縮,直近期売上510百万円、営業利益3600万円、借入金2500万円、自己資本比率30%、ステージ=事業承継直後。,メーカー保守契約は提示済みだが、更新後の稼働計画は概算。,地域需要があり、既存患者基盤も安定している。,診療報酬改定や保守費用を織り込んだ採算表が不足。,,,,,,,,,,,,,,,yes,,
1,CASE-JD-20260725-0847,demo_user_judgment_drill,2026-07-25,17,pending_user_judgment,建機高稼働,建設業,事業承継直後,メイン,180,新規先,0,36,油圧ショベル,36,6,受注現場対応,直近期売上545百万円、営業利益-800万円、借入金3400万円、自己資本比率36%、ステージ=事業承継直後。,代表は中古売却可能と説明するが、査定根拠は未取得。,公共工事の受注残があり、機械稼働の見込みはある。,工期後の転用先と中古価格下落時の出口説明が弱い。,,,,,,,,,,,,,,,yes,,
1,CASE-JD-20260725-0848,demo_user_judgment_drill,2026-07-25,17,pending_user_judgment,IT設備刷新,情報通信業,事業承継直後,メイン,250,新規先,0,8,サーバー・ネットワーク機器,62,7,顧客案件増加に伴う基盤増強,直近期売上580百万円、営業利益300万円、借入金4300万円、自己資本比率8%、ステージ=事業承継直後。,保守契約と入替計画はあるが、解約時の転用価値は限定的。,継続契約が複数あり、粗利率は比較的高い。,技術陳腐化が早く、期間と経済的寿命の整合確認が必要。,,,,,,,,,,,,,,,yes,,
1,CASE-JD-20260725-0849,demo_user_judgment_drill,2026-07-25,17,pending_user_judgment,美容店舗拡張,生活関連サービス業,事業承継直後,メイン,0,新規先,0,12,美容機器,12,4,新メニュー開始,直近期売上615百万円、営業利益900万円、借入金5200万円、自己資本比率12%、ステージ=事業承継直後。,機器は専門性が高く、撤退時の換金性に幅がある。,既存顧客があり、単価上昇の余地がある。,新メニュー売上は口頭見込み中心で、解約率・稼働率が未整理。,,,,,,,,,,,,,,,yes,,
1,CASE-JD-20260725-0850,demo_user_judgment_drill,2026-07-25,17,pending_user_judgment,農業設備,農業,事業承継直後,非メイン,20,新規先,0,16,選果機,24,5,出荷能力向上,直近期売上650百万円、営業利益1600万円、借入金6100万円、自己資本比率16%、ステージ=事業承継直後。,補助金と組合支援の説明はあるが、入金時期が未確定。,出荷先との取引は長く、季節需要も見込める。,収穫量・天候影響に左右され、年間資金繰りの波が大きい。,,,,,,,,,,,,,,,yes,,
1,CASE-JD-20260725-0851,demo_user_judgment_drill,2026-07-25,18,pending_user_judgment,補助金前提,製造業,安定黒字,非メイン,35,既存先,25,20,CNC工作機械,24,6,老朽設備更新と増産対応,直近期売上90百万円、営業利益2400万円、借入金7000万円、自己資本比率20%、ステージ=安定黒字。,社長は採択前提で説明しているが、銀行支援は口頭段階。,既存主力先からの受注残があり、設備必要性は明確。,補助金採択前にリース開始予定で、未採択時の資金繰り説明が弱い。,,,,,,,,,,,,,,,yes,,
1,CASE-JD-20260725-0852,demo_user_judgment_drill,2026-07-25,18,pending_user_judgment,新店舗計画,飲食業,安定黒字,非メイン,50,既存先,40,24,厨房設備一式,36,7,新店舗出店,直近期売上125百万円、営業利益3600万円、借入金7900万円、自己資本比率24%、ステージ=安定黒字。,立地評価は高いが、回転率・客単価・原価率の資料が薄い。,既存店舗は黒字で、代表に運営経験がある。,新店舗売上計画が既存店実績より強く、人員確保も未確定。,,,,,,,,,,,,,,,yes,,
1,CASE-JD-20260725-0853,demo_user_judgment_drill,2026-07-25,18,pending_user_judgment,増額更新,食品製造業,安定黒字,メイン,80,既存先,60,30,包装ライン,62,4,既存設備更新,直近期売上160百万円、営業利益-800万円、借入金8800万円、自己資本比率30%、ステージ=安定黒字。,旧設備の廃棄費用・下取り可否が未確認。,故障頻度と停止時間が増え、更新合理性はある。,月額負担が上がる一方、改善効果がメーカー資料中心。,,,,,,,,,,,,,,,yes,,
1,CASE-JD-20260725-0854,demo_user_judgment_drill,2026-07-25,18,pending_user_judgment,新規契約前提,運送業,安定黒字,メイン,120,既存先,90,36,大型トラック,12,5,新規荷主ルート対応,直近期売上195百万円、営業利益300万円、借入金9700万円、自己資本比率36%、ステージ=安定黒字。,契約不成立時は既存業務に転用可能だが採算は下がる。,既存車両の稼働率は高く、返済履歴も良好。,荷主契約が内諾段階で、燃料費上昇時の採算余力が薄い。,,,,,,,,,,,,,,,yes,,
1,CASE-JD-20260725-0855,demo_user_judgment_drill,2026-07-25,18,pending_user_judgment,購入選択権,卸売業,安定黒字,メイン,180,既存先,5,8,フォークリフト,24,6,倉庫能力維持,直近期売上230百万円、営業利益900万円、借入金10600万円、自己資本比率8%、ステージ=安定黒字。,使用時間が長く、バッテリー交換費用の負担確認が必要。,倉庫稼働は安定し、物件の必要性は明確。,購入選択権価格が低く、残価・満了後出口の説明が弱い。,,,,,,,,,,,,,,,yes,,
1,CASE-JD-20260725-0856,demo_user_judgment_drill,2026-07-25,18,pending_user_judgment,医療機器更新,医療・福祉,安定黒字,非メイン,250,新規先,0,12,画像診断装置,36,7,診療能力維持と待ち時間短縮,直近期売上265百万円、営業利益1600万円、借入金11500万円、自己資本比率12%、ステージ=安定黒字。,メーカー保守契約は提示済みだが、更新後の稼働計画は概算。,地域需要があり、既存患者基盤も安定している。,診療報酬改定や保守費用を織り込んだ採算表が不足。,,,,,,,,,,,,,,,yes,,
1,CASE-JD-20260725-0857,demo_user_judgment_drill,2026-07-25,18,pending_user_judgment,建機高稼働,建設業,安定黒字,非メイン,0,新規先,0,16,油圧ショベル,62,4,受注現場対応,直近期売上300百万円、営業利益2400万円、借入金12400万円、自己資本比率16%、ステージ=安定黒字。,代表は中古売却可能と説明するが、査定根拠は未取得。,公共工事の受注残があり、機械稼働の見込みはある。,工期後の転用先と中古価格下落時の出口説明が弱い。,,,,,,,,,,,,,,,yes,,
1,CASE-JD-20260725-0858,demo_user_judgment_drill,2026-07-25,18,pending_user_judgment,IT設備刷新,情報通信業,安定黒字,非メイン,20,新規先,0,20,サーバー・ネットワーク機器,12,5,顧客案件増加に伴う基盤増強,直近期売上335百万円、営業利益3600万円、借入金13300万円、自己資本比率20%、ステージ=安定黒字。,保守契約と入替計画はあるが、解約時の転用価値は限定的。,継続契約が複数あり、粗利率は比較的高い。,技術陳腐化が早く、期間と経済的寿命の整合確認が必要。,,,,,,,,,,,,,,,yes,,
1,CASE-JD-20260725-0859,demo_user_judgment_drill,2026-07-25,18,pending_user_judgment,美容店舗拡張,生活関連サービス業,安定黒字,メイン,35,新規先,0,24,美容機器,24,6,新メニュー開始,直近期売上370百万円、営業利益-800万円、借入金2500万円、自己資本比率24%、ステージ=安定黒字。,機器は専門性が高く、撤退時の換金性に幅がある。,既存顧客があり、単価上昇の余地がある。,新メニュー売上は口頭見込み中心で、解約率・稼働率が未整理。,,,,,,,,,,,,,,,yes,,
1,CASE-JD-20260725-0860,demo_user_judgment_drill,2026-07-25,18,pending_user_judgment,農業設備,農業,安定黒字,メイン,50,新規先,0,30,選果機,36,7,出荷能力向上,直近期売上405百万円、営業利益300万円、借入金3400万円、自己資本比率30%、ステージ=安定黒字。,補助金と組合支援の説明はあるが、入金時期が未確定。,出荷先との取引は長く、季節需要も見込める。,収穫量・天候影響に左右され、年間資金繰りの波が大きい。,,,,,,,,,,,,,,,yes,,
1,CASE-JD-20260725-0861,demo_user_judgment_drill,2026-07-25,18,pending_user_judgment,補助金前提,製造業,低利益,メイン,80,既存先,90,36,CNC工作機械,36,4,老朽設備更新と増産対応,直近期売上440百万円、営業利益900万円、借入金4300万円、自己資本比率36%、ステージ=低利益。,社長は採択前提で説明しているが、銀行支援は口頭段階。,既存主力先からの受注残があり、設備必要性は明確。,補助金採択前にリース開始予定で、未採択時の資金繰り説明が弱い。,,,,,,,,,,,,,,,yes,,
1,CASE-JD-20260725-0862,demo_user_judgment_drill,2026-07-25,18,pending_user_judgment,新店舗計画,飲食業,低利益,非メイン,120,既存先,5,8,厨房設備一式,62,5,新店舗出店,直近期売上475百万円、営業利益1600万円、借入金5200万円、自己資本比率8%、ステージ=低利益。,立地評価は高いが、回転率・客単価・原価率の資料が薄い。,既存店舗は黒字で、代表に運営経験がある。,新店舗売上計画が既存店実績より強く、人員確保も未確定。,,,,,,,,,,,,,,,yes,,
1,CASE-JD-20260725-0863,demo_user_judgment_drill,2026-07-25,18,pending_user_judgment,増額更新,食品製造業,低利益,非メイン,180,既存先,12,12,包装ライン,12,6,既存設備更新,直近期売上510百万円、営業利益2400万円、借入金6100万円、自己資本比率12%、ステージ=低利益。,旧設備の廃棄費用・下取り可否が未確認。,故障頻度と停止時間が増え、更新合理性はある。,月額負担が上がる一方、改善効果がメーカー資料中心。,,,,,,,,,,,,,,,yes,,
1,CASE-JD-20260725-0864,demo_user_judgment_drill,2026-07-25,18,pending_user_judgment,新規契約前提,運送業,低利益,非メイン,250,既存先,18,16,大型トラック,24,7,新規荷主ルート対応,直近期売上545百万円、営業利益3600万円、借入金7000万円、自己資本比率16%、ステージ=低利益。,契約不成立時は既存業務に転用可能だが採算は下がる。,既存車両の稼働率は高く、返済履歴も良好。,荷主契約が内諾段階で、燃料費上昇時の採算余力が薄い。,,,,,,,,,,,,,,,yes,,
1,CASE-JD-20260725-0865,demo_user_judgment_drill,2026-07-25,18,pending_user_judgment,購入選択権,卸売業,低利益,メイン,0,既存先,25,20,フォークリフト,36,4,倉庫能力維持,直近期売上580百万円、営業利益-800万円、借入金7900万円、自己資本比率20%、ステージ=低利益。,使用時間が長く、バッテリー交換費用の負担確認が必要。,倉庫稼働は安定し、物件の必要性は明確。,購入選択権価格が低く、残価・満了後出口の説明が弱い。,,,,,,,,,,,,,,,yes,,
1,CASE-JD-20260725-0866,demo_user_judgment_drill,2026-07-25,18,pending_user_judgment,医療機器更新,医療・福祉,低利益,メイン,20,新規先,0,24,画像診断装置,62,5,診療能力維持と待ち時間短縮,直近期売上615百万円、営業利益300万円、借入金8800万円、自己資本比率24%、ステージ=低利益。,メーカー保守契約は提示済みだが、更新後の稼働計画は概算。,地域需要があり、既存患者基盤も安定している。,診療報酬改定や保守費用を織り込んだ採算表が不足。,,,,,,,,,,,,,,,yes,,
1,CASE-JD-20260725-0867,demo_user_judgment_drill,2026-07-25,18,pending_user_judgment,建機高稼働,建設業,低利益,メイン,35,新規先,0,30,油圧ショベル,12,6,受注現場対応,直近期売上650百万円、営業利益900万円、借入金9700万円、自己資本比率30%、ステージ=低利益。,代表は中古売却可能と説明するが、査定根拠は未取得。,公共工事の受注残があり、機械稼働の見込みはある。,工期後の転用先と中古価格下落時の出口説明が弱い。,,,,,,,,,,,,,,,yes,,
1,CASE-JD-20260725-0868,demo_user_judgment_drill,2026-07-25,18,pending_user_judgment,IT設備刷新,情報通信業,低利益,非メイン,50,新規先,0,36,サーバー・ネットワーク機器,24,7,顧客案件増加に伴う基盤増強,直近期売上90百万円、営業利益1600万円、借入金10600万円、自己資本比率36%、ステージ=低利益。,保守契約と入替計画はあるが、解約時の転用価値は限定的。,継続契約が複数あり、粗利率は比較的高い。,技術陳腐化が早く、期間と経済的寿命の整合確認が必要。,,,,,,,,,,,,,,,yes,,
1,CASE-JD-20260725-0869,demo_user_judgment_drill,2026-07-25,18,pending_user_judgment,美容店舗拡張,生活関連サービス業,低利益,非メイン,80,新規先,0,8,美容機器,36,4,新メニュー開始,直近期売上125百万円、営業利益2400万円、借入金11500万円、自己資本比率8%、ステージ=低利益。,機器は専門性が高く、撤退時の換金性に幅がある。,既存顧客があり、単価上昇の余地がある。,新メニュー売上は口頭見込み中心で、解約率・稼働率が未整理。,,,,,,,,,,,,,,,yes,,
1,CASE-JD-20260725-0870,demo_user_judgment_drill,2026-07-25,18,pending_user_judgment,農業設備,農業,低利益,非メイン,120,新規先,0,12,選果機,62,5,出荷能力向上,直近期売上160百万円、営業利益3600万円、借入金12400万円、自己資本比率12%、ステージ=低利益。,補助金と組合支援の説明はあるが、入金時期が未確定。,出荷先との取引は長く、季節需要も見込める。,収穫量・天候影響に左右され、年間資金繰りの波が大きい。,,,,,,,,,,,,,,,yes,,
1,CASE-JD-20260725-0871,demo_user_judgment_drill,2026-07-25,18,pending_user_judgment,補助金前提,製造業,赤字改善中,メイン,180,既存先,18,16,CNC工作機械,62,6,老朽設備更新と増産対応,直近期売上195百万円、営業利益-800万円、借入金13300万円、自己資本比率16%、ステージ=赤字改善中。,社長は採択前提で説明しているが、銀行支援は口頭段階。,既存主力先からの受注残があり、設備必要性は明確。,補助金採択前にリース開始予定で、未採択時の資金繰り説明が弱い。,,,,,,,,,,,,,,,yes,,
1,CASE-JD-20260725-0872,demo_user_judgment_drill,2026-07-25,18,pending_user_judgment,新店舗計画,飲食業,赤字改善中,メイン,250,既存先,25,20,厨房設備一式,12,7,新店舗出店,直近期売上230百万円、営業利益300万円、借入金2500万円、自己資本比率20%、ステージ=赤字改善中。,立地評価は高いが、回転率・客単価・原価率の資料が薄い。,既存店舗は黒字で、代表に運営経験がある。,新店舗売上計画が既存店実績より強く、人員確保も未確定。,,,,,,,,,,,,,,,yes,,
1,CASE-JD-20260725-0873,demo_user_judgment_drill,2026-07-25,18,pending_user_judgment,増額更新,食品製造業,赤字改善中,メイン,0,既存先,40,24,包装ライン,24,4,既存設備更新,直近期売上265百万円、営業利益900万円、借入金3400万円、自己資本比率24%、ステージ=赤字改善中。,旧設備の廃棄費用・下取り可否が未確認。,故障頻度と停止時間が増え、更新合理性はある。,月額負担が上がる一方、改善効果がメーカー資料中心。,,,,,,,,,,,,,,,yes,,
1,CASE-JD-20260725-0874,demo_user_judgment_drill,2026-07-25,18,pending_user_judgment,新規契約前提,運送業,赤字改善中,非メイン,20,既存先,60,30,大型トラック,36,5,新規荷主ルート対応,直近期売上300百万円、営業利益1600万円、借入金4300万円、自己資本比率30%、ステージ=赤字改善中。,契約不成立時は既存業務に転用可能だが採算は下がる。,既存車両の稼働率は高く、返済履歴も良好。,荷主契約が内諾段階で、燃料費上昇時の採算余力が薄い。,,,,,,,,,,,,,,,yes,,
1,CASE-JD-20260725-0875,demo_user_judgment_drill,2026-07-25,18,pending_user_judgment,購入選択権,卸売業,赤字改善中,非メイン,35,既存先,90,36,フォークリフト,62,6,倉庫能力維持,直近期売上335百万円、営業利益2400万円、借入金5200万円、自己資本比率36%、ステージ=赤字改善中。,使用時間が長く、バッテリー交換費用の負担確認が必要。,倉庫稼働は安定し、物件の必要性は明確。,購入選択権価格が低く、残価・満了後出口の説明が弱い。,,,,,,,,,,,,,,,yes,,
1,CASE-JD-20260725-0876,demo_user_judgment_drill,2026-07-25,18,pending_user_judgment,医療機器更新,医療・福祉,赤字改善中,非メイン,50,新規先,0,8,画像診断装置,12,7,診療能力維持と待ち時間短縮,直近期売上370百万円、営業利益3600万円、借入金6100万円、自己資本比率8%、ステージ=赤字改善中。,メーカー保守契約は提示済みだが、更新後の稼働計画は概算。,地域需要があり、既存患者基盤も安定している。,診療報酬改定や保守費用を織り込んだ採算表が不足。,,,,,,,,,,,,,,,yes,,
1,CASE-JD-20260725-0877,demo_user_judgment_drill,2026-07-25,18,pending_user_judgment,建機高稼働,建設業,赤字改善中,メイン,80,新規先,0,12,油圧ショベル,24,4,受注現場対応,直近期売上405百万円、営業利益-800万円、借入金7000万円、自己資本比率12%、ステージ=赤字改善中。,代表は中古売却可能と説明するが、査定根拠は未取得。,公共工事の受注残があり、機械稼働の見込みはある。,工期後の転用先と中古価格下落時の出口説明が弱い。,,,,,,,,,,,,,,,yes,,
1,CASE-JD-20260725-0878,demo_user_judgment_drill,2026-07-25,18,pending_user_judgment,IT設備刷新,情報通信業,赤字改善中,メイン,120,新規先,0,16,サーバー・ネットワーク機器,36,5,顧客案件増加に伴う基盤増強,直近期売上440百万円、営業利益300万円、借入金7900万円、自己資本比率16%、ステージ=赤字改善中。,保守契約と入替計画はあるが、解約時の転用価値は限定的。,継続契約が複数あり、粗利率は比較的高い。,技術陳腐化が早く、期間と経済的寿命の整合確認が必要。,,,,,,,,,,,,,,,yes,,
1,CASE-JD-20260725-0879,demo_user_judgment_drill,2026-07-25,18,pending_user_judgment,美容店舗拡張,生活関連サービス業,赤字改善中,メイン,180,新規先,0,20,美容機器,62,6,新メニュー開始,直近期売上475百万円、営業利益900万円、借入金8800万円、自己資本比率20%、ステージ=赤字改善中。,機器は専門性が高く、撤退時の換金性に幅がある。,既存顧客があり、単価上昇の余地がある。,新メニュー売上は口頭見込み中心で、解約率・稼働率が未整理。,,,,,,,,,,,,,,,yes,,
1,CASE-JD-20260725-0880,demo_user_judgment_drill,2026-07-25,18,pending_user_judgment,農業設備,農業,赤字改善中,非メイン,250,新規先,0,24,選果機,12,7,出荷能力向上,直近期売上510百万円、営業利益1600万円、借入金9700万円、自己資本比率24%、ステージ=赤字改善中。,補助金と組合支援の説明はあるが、入金時期が未確定。,出荷先との取引は長く、季節需要も見込める。,収穫量・天候影響に左右され、年間資金繰りの波が大きい。,,,,,,,,,,,,,,,yes,,
1,CASE-JD-20260725-0881,demo_user_judgment_drill,2026-07-25,18,pending_user_judgment,補助金前提,製造業,急成長,非メイン,0,既存先,60,30,CNC工作機械,12,4,老朽設備更新と増産対応,直近期売上545百万円、営業利益2400万円、借入金10600万円、自己資本比率30%、ステージ=急成長。,社長は採択前提で説明しているが、銀行支援は口頭段階。,既存主力先からの受注残があり、設備必要性は明確。,補助金採択前にリース開始予定で、未採択時の資金繰り説明が弱い。,,,,,,,,,,,,,,,yes,,
1,CASE-JD-20260725-0882,demo_user_judgment_drill,2026-07-25,18,pending_user_judgment,新店舗計画,飲食業,急成長,非メイン,20,既存先,90,36,厨房設備一式,24,5,新店舗出店,直近期売上580百万円、営業利益3600万円、借入金11500万円、自己資本比率36%、ステージ=急成長。,立地評価は高いが、回転率・客単価・原価率の資料が薄い。,既存店舗は黒字で、代表に運営経験がある。,新店舗売上計画が既存店実績より強く、人員確保も未確定。,,,,,,,,,,,,,,,yes,,
1,CASE-JD-20260725-0883,demo_user_judgment_drill,2026-07-25,18,pending_user_judgment,増額更新,食品製造業,急成長,メイン,35,既存先,5,8,包装ライン,36,6,既存設備更新,直近期売上615百万円、営業利益-800万円、借入金12400万円、自己資本比率8%、ステージ=急成長。,旧設備の廃棄費用・下取り可否が未確認。,故障頻度と停止時間が増え、更新合理性はある。,月額負担が上がる一方、改善効果がメーカー資料中心。,,,,,,,,,,,,,,,yes,,
1,CASE-JD-20260725-0884,demo_user_judgment_drill,2026-07-25,18,pending_user_judgment,新規契約前提,運送業,急成長,メイン,50,既存先,12,12,大型トラック,62,7,新規荷主ルート対応,直近期売上650百万円、営業利益300万円、借入金13300万円、自己資本比率12%、ステージ=急成長。,契約不成立時は既存業務に転用可能だが採算は下がる。,既存車両の稼働率は高く、返済履歴も良好。,荷主契約が内諾段階で、燃料費上昇時の採算余力が薄い。,,,,,,,,,,,,,,,yes,,
1,CASE-JD-20260725-0885,demo_user_judgment_drill,2026-07-25,18,pending_user_judgment,購入選択権,卸売業,急成長,メイン,80,既存先,18,16,フォークリフト,12,4,倉庫能力維持,直近期売上90百万円、営業利益900万円、借入金2500万円、自己資本比率16%、ステージ=急成長。,使用時間が長く、バッテリー交換費用の負担確認が必要。,倉庫稼働は安定し、物件の必要性は明確。,購入選択権価格が低く、残価・満了後出口の説明が弱い。,,,,,,,,,,,,,,,yes,,
1,CASE-JD-20260725-0886,demo_user_judgment_drill,2026-07-25,18,pending_user_judgment,医療機器更新,医療・福祉,急成長,非メイン,120,新規先,0,20,画像診断装置,24,5,診療能力維持と待ち時間短縮,直近期売上125百万円、営業利益1600万円、借入金3400万円、自己資本比率20%、ステージ=急成長。,メーカー保守契約は提示済みだが、更新後の稼働計画は概算。,地域需要があり、既存患者基盤も安定している。,診療報酬改定や保守費用を織り込んだ採算表が不足。,,,,,,,,,,,,,,,yes,,
1,CASE-JD-20260725-0887,demo_user_judgment_drill,2026-07-25,18,pending_user_judgment,建機高稼働,建設業,急成長,非メイン,180,新規先,0,24,油圧ショベル,36,6,受注現場対応,直近期売上160百万円、営業利益2400万円、借入金4300万円、自己資本比率24%、ステージ=急成長。,代表は中古売却可能と説明するが、査定根拠は未取得。,公共工事の受注残があり、機械稼働の見込みはある。,工期後の転用先と中古価格下落時の出口説明が弱い。,,,,,,,,,,,,,,,yes,,
1,CASE-JD-20260725-0888,demo_user_judgment_drill,2026-07-25,18,pending_user_judgment,IT設備刷新,情報通信業,急成長,非メイン,250,新規先,0,30,サーバー・ネットワーク機器,62,7,顧客案件増加に伴う基盤増強,直近期売上195百万円、営業利益3600万円、借入金5200万円、自己資本比率30%、ステージ=急成長。,保守契約と入替計画はあるが、解約時の転用価値は限定的。,継続契約が複数あり、粗利率は比較的高い。,技術陳腐化が早く、期間と経済的寿命の整合確認が必要。,,,,,,,,,,,,,,,yes,,
1,CASE-JD-20260725-0889,demo_user_judgment_drill,2026-07-25,18,pending_user_judgment,美容店舗拡張,生活関連サービス業,急成長,メイン,0,新規先,0,36,美容機器,12,4,新メニュー開始,直近期売上230百万円、営業利益-800万円、借入金6100万円、自己資本比率36%、ステージ=急成長。,機器は専門性が高く、撤退時の換金性に幅がある。,既存顧客があり、単価上昇の余地がある。,新メニュー売上は口頭見込み中心で、解約率・稼働率が未整理。,,,,,,,,,,,,,,,yes,,
1,CASE-JD-20260725-0890,demo_user_judgment_drill,2026-07-25,18,pending_user_judgment,農業設備,農業,急成長,メイン,20,新規先,0,8,選果機,24,5,出荷能力向上,直近期売上265百万円、営業利益300万円、借入金7000万円、自己資本比率8%、ステージ=急成長。,補助金と組合支援の説明はあるが、入金時期が未確定。,出荷先との取引は長く、季節需要も見込める。,収穫量・天候影響に左右され、年間資金繰りの波が大きい。,,,,,,,,,,,,,,,yes,,
1,CASE-JD-20260725-0891,demo_user_judgment_drill,2026-07-25,18,pending_user_judgment,補助金前提,製造業,事業承継直後,メイン,35,既存先,12,12,CNC工作機械,24,6,老朽設備更新と増産対応,直近期売上300百万円、営業利益900万円、借入金7900万円、自己資本比率12%、ステージ=事業承継直後。,社長は採択前提で説明しているが、銀行支援は口頭段階。,既存主力先からの受注残があり、設備必要性は明確。,補助金採択前にリース開始予定で、未採択時の資金繰り説明が弱い。,,,,,,,,,,,,,,,yes,,
1,CASE-JD-20260725-0892,demo_user_judgment_drill,2026-07-25,18,pending_user_judgment,新店舗計画,飲食業,事業承継直後,非メイン,50,既存先,18,16,厨房設備一式,36,7,新店舗出店,直近期売上335百万円、営業利益1600万円、借入金8800万円、自己資本比率16%、ステージ=事業承継直後。,立地評価は高いが、回転率・客単価・原価率の資料が薄い。,既存店舗は黒字で、代表に運営経験がある。,新店舗売上計画が既存店実績より強く、人員確保も未確定。,,,,,,,,,,,,,,,yes,,
1,CASE-JD-20260725-0893,demo_user_judgment_drill,2026-07-25,18,pending_user_judgment,増額更新,食品製造業,事業承継直後,非メイン,80,既存先,25,20,包装ライン,62,4,既存設備更新,直近期売上370百万円、営業利益2400万円、借入金9700万円、自己資本比率20%、ステージ=事業承継直後。,旧設備の廃棄費用・下取り可否が未確認。,故障頻度と停止時間が増え、更新合理性はある。,月額負担が上がる一方、改善効果がメーカー資料中心。,,,,,,,,,,,,,,,yes,,
1,CASE-JD-20260725-0894,demo_user_judgment_drill,2026-07-25,18,pending_user_judgment,新規契約前提,運送業,事業承継直後,非メイン,120,既存先,40,24,大型トラック,12,5,新規荷主ルート対応,直近期売上405百万円、営業利益3600万円、借入金10600万円、自己資本比率24%、ステージ=事業承継直後。,契約不成立時は既存業務に転用可能だが採算は下がる。,既存車両の稼働率は高く、返済履歴も良好。,荷主契約が内諾段階で、燃料費上昇時の採算余力が薄い。,,,,,,,,,,,,,,,yes,,
1,CASE-JD-20260725-0895,demo_user_judgment_drill,2026-07-25,18,pending_user_judgment,購入選択権,卸売業,事業承継直後,メイン,180,既存先,60,30,フォークリフト,24,6,倉庫能力維持,直近期売上440百万円、営業利益-800万円、借入金11500万円、自己資本比率30%、ステージ=事業承継直後。,使用時間が長く、バッテリー交換費用の負担確認が必要。,倉庫稼働は安定し、物件の必要性は明確。,購入選択権価格が低く、残価・満了後出口の説明が弱い。,,,,,,,,,,,,,,,yes,,
1,CASE-JD-20260725-0896,demo_user_judgment_drill,2026-07-25,18,pending_user_judgment,医療機器更新,医療・福祉,事業承継直後,メイン,250,新規先,0,36,画像診断装置,36,7,診療能力維持と待ち時間短縮,直近期売上475百万円、営業利益300万円、借入金12400万円、自己資本比率36%、ステージ=事業承継直後。,メーカー保守契約は提示済みだが、更新後の稼働計画は概算。,地域需要があり、既存患者基盤も安定している。,診療報酬改定や保守費用を織り込んだ採算表が不足。,,,,,,,,,,,,,,,yes,,
1,CASE-JD-20260725-0897,demo_user_judgment_drill,2026-07-25,18,pending_user_judgment,建機高稼働,建設業,事業承継直後,メイン,0,新規先,0,8,油圧ショベル,62,4,受注現場対応,直近期売上510百万円、営業利益900万円、借入金13300万円、自己資本比率8%、ステージ=事業承継直後。,代表は中古売却可能と説明するが、査定根拠は未取得。,公共工事の受注残があり、機械稼働の見込みはある。,工期後の転用先と中古価格下落時の出口説明が弱い。,,,,,,,,,,,,,,,yes,,
1,CASE-JD-20260725-0898,demo_user_judgment_drill,2026-07-25,18,pending_user_judgment,IT設備刷新,情報通信業,事業承継直後,非メイン,20,新規先,0,12,サーバー・ネットワーク機器,12,5,顧客案件増加に伴う基盤増強,直近期売上545百万円、営業利益1600万円、借入金2500万円、自己資本比率12%、ステージ=事業承継直後。,保守契約と入替計画はあるが、解約時の転用価値は限定的。,継続契約が複数あり、粗利率は比較的高い。,技術陳腐化が早く、期間と経済的寿命の整合確認が必要。,,,,,,,,,,,,,,,yes,,
1,CASE-JD-20260725-0899,demo_user_judgment_drill,2026-07-25,18,pending_user_judgment,美容店舗拡張,生活関連サービス業,事業承継直後,非メイン,35,新規先,0,16,美容機器,24,6,新メニュー開始,直近期売上580百万円、営業利益2400万円、借入金3400万円、自己資本比率16%、ステージ=事業承継直後。,機器は専門性が高く、撤退時の換金性に幅がある。,既存顧客があり、単価上昇の余地がある。,新メニュー売上は口頭見込み中心で、解約率・稼働率が未整理。,,,,,,,,,,,,,,,yes,,
1,CASE-JD-20260725-0900,demo_user_judgment_drill,2026-07-25,18,pending_user_judgment,農業設備,農業,事業承継直後,非メイン,50,新規先,0,20,選果機,36,7,出荷能力向上,直近期売上615百万円、営業利益3600万円、借入金4300万円、自己資本比率20%、ステージ=事業承継直後。,補助金と組合支援の説明はあるが、入金時期が未確定。,出荷先との取引は長く、季節需要も見込める。,収穫量・天候影響に左右され、年間資金繰りの波が大きい。,,,,,,,,,,,,,,,yes,,
1,CASE-JD-20260725-0901,demo_user_judgment_drill,2026-07-25,19,pending_user_judgment,補助金前提,製造業,安定黒字,メイン,80,既存先,40,24,CNC工作機械,36,4,老朽設備更新と増産対応,直近期売上650百万円、営業利益-800万円、借入金5200万円、自己資本比率24%、ステージ=安定黒字。,社長は採択前提で説明しているが、銀行支援は口頭段階。,既存主力先からの受注残があり、設備必要性は明確。,補助金採択前にリース開始予定で、未採択時の資金繰り説明が弱い。,,,,,,,,,,,,,,,yes,,
1,CASE-JD-20260725-0902,demo_user_judgment_drill,2026-07-25,19,pending_user_judgment,新店舗計画,飲食業,安定黒字,メイン,120,既存先,60,30,厨房設備一式,62,5,新店舗出店,直近期売上90百万円、営業利益300万円、借入金6100万円、自己資本比率30%、ステージ=安定黒字。,立地評価は高いが、回転率・客単価・原価率の資料が薄い。,既存店舗は黒字で、代表に運営経験がある。,新店舗売上計画が既存店実績より強く、人員確保も未確定。,,,,,,,,,,,,,,,yes,,
1,CASE-JD-20260725-0903,demo_user_judgment_drill,2026-07-25,19,pending_user_judgment,増額更新,食品製造業,安定黒字,メイン,180,既存先,90,36,包装ライン,12,6,既存設備更新,直近期売上125百万円、営業利益900万円、借入金7000万円、自己資本比率36%、ステージ=安定黒字。,旧設備の廃棄費用・下取り可否が未確認。,故障頻度と停止時間が増え、更新合理性はある。,月額負担が上がる一方、改善効果がメーカー資料中心。,,,,,,,,,,,,,,,yes,,
1,CASE-JD-20260725-0904,demo_user_judgment_drill,2026-07-25,19,pending_user_judgment,新規契約前提,運送業,安定黒字,非メイン,250,既存先,5,8,大型トラック,24,7,新規荷主ルート対応,直近期売上160百万円、営業利益1600万円、借入金7900万円、自己資本比率8%、ステージ=安定黒字。,契約不成立時は既存業務に転用可能だが採算は下がる。,既存車両の稼働率は高く、返済履歴も良好。,荷主契約が内諾段階で、燃料費上昇時の採算余力が薄い。,,,,,,,,,,,,,,,yes,,
1,CASE-JD-20260725-0905,demo_user_judgment_drill,2026-07-25,19,pending_user_judgment,購入選択権,卸売業,安定黒字,非メイン,0,既存先,12,12,フォークリフト,36,4,倉庫能力維持,直近期売上195百万円、営業利益2400万円、借入金8800万円、自己資本比率12%、ステージ=安定黒字。,使用時間が長く、バッテリー交換費用の負担確認が必要。,倉庫稼働は安定し、物件の必要性は明確。,購入選択権価格が低く、残価・満了後出口の説明が弱い。,,,,,,,,,,,,,,,yes,,
1,CASE-JD-20260725-0906,demo_user_judgment_drill,2026-07-25,19,pending_user_judgment,医療機器更新,医療・福祉,安定黒字,非メイン,20,新規先,0,16,画像診断装置,62,5,診療能力維持と待ち時間短縮,直近期売上230百万円、営業利益3600万円、借入金9700万円、自己資本比率16%、ステージ=安定黒字。,メーカー保守契約は提示済みだが、更新後の稼働計画は概算。,地域需要があり、既存患者基盤も安定している。,診療報酬改定や保守費用を織り込んだ採算表が不足。,,,,,,,,,,,,,,,yes,,
1,CASE-JD-20260725-0907,demo_user_judgment_drill,2026-07-25,19,pending_user_judgment,建機高稼働,建設業,安定黒字,メイン,35,新規先,0,20,油圧ショベル,12,6,受注現場対応,直近期売上265百万円、営業利益-800万円、借入金10600万円、自己資本比率20%、ステージ=安定黒字。,代表は中古売却可能と説明するが、査定根拠は未取得。,公共工事の受注残があり、機械稼働の見込みはある。,工期後の転用先と中古価格下落時の出口説明が弱い。,,,,,,,,,,,,,,,yes,,
1,CASE-JD-20260725-0908,demo_user_judgment_drill,2026-07-25,19,pending_user_judgment,IT設備刷新,情報通信業,安定黒字,メイン,50,新規先,0,24,サーバー・ネットワーク機器,24,7,顧客案件増加に伴う基盤増強,直近期売上300百万円、営業利益300万円、借入金11500万円、自己資本比率24%、ステージ=安定黒字。,保守契約と入替計画はあるが、解約時の転用価値は限定的。,継続契約が複数あり、粗利率は比較的高い。,技術陳腐化が早く、期間と経済的寿命の整合確認が必要。,,,,,,,,,,,,,,,yes,,
1,CASE-JD-20260725-0909,demo_user_judgment_drill,2026-07-25,19,pending_user_judgment,美容店舗拡張,生活関連サービス業,安定黒字,メイン,80,新規先,0,30,美容機器,36,4,新メニュー開始,直近期売上335百万円、営業利益900万円、借入金12400万円、自己資本比率30%、ステージ=安定黒字。,機器は専門性が高く、撤退時の換金性に幅がある。,既存顧客があり、単価上昇の余地がある。,新メニュー売上は口頭見込み中心で、解約率・稼働率が未整理。,,,,,,,,,,,,,,,yes,,
1,CASE-JD-20260725-0910,demo_user_judgment_drill,2026-07-25,19,pending_user_judgment,農業設備,農業,安定黒字,非メイン,120,新規先,0,36,選果機,62,5,出荷能力向上,直近期売上370百万円、営業利益1600万円、借入金13300万円、自己資本比率36%、ステージ=安定黒字。,補助金と組合支援の説明はあるが、入金時期が未確定。,出荷先との取引は長く、季節需要も見込める。,収穫量・天候影響に左右され、年間資金繰りの波が大きい。,,,,,,,,,,,,,,,yes,,
1,CASE-JD-20260725-0911,demo_user_judgment_drill,2026-07-25,19,pending_user_judgment,補助金前提,製造業,低利益,非メイン,180,既存先,5,8,CNC工作機械,62,6,老朽設備更新と増産対応,直近期売上405百万円、営業利益2400万円、借入金2500万円、自己資本比率8%、ステージ=低利益。,社長は採択前提で説明しているが、銀行支援は口頭段階。,既存主力先からの受注残があり、設備必要性は明確。,補助金採択前にリース開始予定で、未採択時の資金繰り説明が弱い。,,,,,,,,,,,,,,,yes,,
1,CASE-JD-20260725-0912,demo_user_judgment_drill,2026-07-25,19,pending_user_judgment,新店舗計画,飲食業,低利益,非メイン,250,既存先,12,12,厨房設備一式,12,7,新店舗出店,直近期売上440百万円、営業利益3600万円、借入金3400万円、自己資本比率12%、ステージ=低利益。,立地評価は高いが、回転率・客単価・原価率の資料が薄い。,既存店舗は黒字で、代表に運営経験がある。,新店舗売上計画が既存店実績より強く、人員確保も未確定。,,,,,,,,,,,,,,,yes,,
1,CASE-JD-20260725-0913,demo_user_judgment_drill,2026-07-25,19,pending_user_judgment,増額更新,食品製造業,低利益,メイン,0,既存先,18,16,包装ライン,24,4,既存設備更新,直近期売上475百万円、営業利益-800万円、借入金4300万円、自己資本比率16%、ステージ=低利益。,旧設備の廃棄費用・下取り可否が未確認。,故障頻度と停止時間が増え、更新合理性はある。,月額負担が上がる一方、改善効果がメーカー資料中心。,,,,,,,,,,,,,,,yes,,
1,CASE-JD-20260725-0914,demo_user_judgment_drill,2026-07-25,19,pending_user_judgment,新規契約前提,運送業,低利益,メイン,20,既存先,25,20,大型トラック,36,5,新規荷主ルート対応,直近期売上510百万円、営業利益300万円、借入金5200万円、自己資本比率20%、ステージ=低利益。,契約不成立時は既存業務に転用可能だが採算は下がる。,既存車両の稼働率は高く、返済履歴も良好。,荷主契約が内諾段階で、燃料費上昇時の採算余力が薄い。,,,,,,,,,,,,,,,yes,,
1,CASE-JD-20260725-0915,demo_user_judgment_drill,2026-07-25,19,pending_user_judgment,購入選択権,卸売業,低利益,メイン,35,既存先,40,24,フォークリフト,62,6,倉庫能力維持,直近期売上545百万円、営業利益900万円、借入金6100万円、自己資本比率24%、ステージ=低利益。,使用時間が長く、バッテリー交換費用の負担確認が必要。,倉庫稼働は安定し、物件の必要性は明確。,購入選択権価格が低く、残価・満了後出口の説明が弱い。,,,,,,,,,,,,,,,yes,,
1,CASE-JD-20260725-0916,demo_user_judgment_drill,2026-07-25,19,pending_user_judgment,医療機器更新,医療・福祉,低利益,非メイン,50,新規先,0,30,画像診断装置,12,7,診療能力維持と待ち時間短縮,直近期売上580百万円、営業利益1600万円、借入金7000万円、自己資本比率30%、ステージ=低利益。,メーカー保守契約は提示済みだが、更新後の稼働計画は概算。,地域需要があり、既存患者基盤も安定している。,診療報酬改定や保守費用を織り込んだ採算表が不足。,,,,,,,,,,,,,,,yes,,
1,CASE-JD-20260725-0917,demo_user_judgment_drill,2026-07-25,19,pending_user_judgment,建機高稼働,建設業,低利益,非メイン,80,新規先,0,36,油圧ショベル,24,4,受注現場対応,直近期売上615百万円、営業利益2400万円、借入金7900万円、自己資本比率36%、ステージ=低利益。,代表は中古売却可能と説明するが、査定根拠は未取得。,公共工事の受注残があり、機械稼働の見込みはある。,工期後の転用先と中古価格下落時の出口説明が弱い。,,,,,,,,,,,,,,,yes,,
1,CASE-JD-20260725-0918,demo_user_judgment_drill,2026-07-25,19,pending_user_judgment,IT設備刷新,情報通信業,低利益,非メイン,120,新規先,0,8,サーバー・ネットワーク機器,36,5,顧客案件増加に伴う基盤増強,直近期売上650百万円、営業利益3600万円、借入金8800万円、自己資本比率8%、ステージ=低利益。,保守契約と入替計画はあるが、解約時の転用価値は限定的。,継続契約が複数あり、粗利率は比較的高い。,技術陳腐化が早く、期間と経済的寿命の整合確認が必要。,,,,,,,,,,,,,,,yes,,
1,CASE-JD-20260725-0919,demo_user_judgment_drill,2026-07-25,19,pending_user_judgment,美容店舗拡張,生活関連サービス業,低利益,メイン,180,新規先,0,12,美容機器,62,6,新メニュー開始,直近期売上90百万円、営業利益-800万円、借入金9700万円、自己資本比率12%、ステージ=低利益。,機器は専門性が高く、撤退時の換金性に幅がある。,既存顧客があり、単価上昇の余地がある。,新メニュー売上は口頭見込み中心で、解約率・稼働率が未整理。,,,,,,,,,,,,,,,yes,,
1,CASE-JD-20260725-0920,demo_user_judgment_drill,2026-07-25,19,pending_user_judgment,農業設備,農業,低利益,メイン,250,新規先,0,16,選果機,12,7,出荷能力向上,直近期売上125百万円、営業利益300万円、借入金10600万円、自己資本比率16%、ステージ=低利益。,補助金と組合支援の説明はあるが、入金時期が未確定。,出荷先との取引は長く、季節需要も見込める。,収穫量・天候影響に左右され、年間資金繰りの波が大きい。,,,,,,,,,,,,,,,yes,,
1,CASE-JD-20260725-0921,demo_user_judgment_drill,2026-07-25,19,pending_user_judgment,補助金前提,製造業,赤字改善中,メイン,0,既存先,25,20,CNC工作機械,12,4,老朽設備更新と増産対応,直近期売上160百万円、営業利益900万円、借入金11500万円、自己資本比率20%、ステージ=赤字改善中。,社長は採択前提で説明しているが、銀行支援は口頭段階。,既存主力先からの受注残があり、設備必要性は明確。,補助金採択前にリース開始予定で、未採択時の資金繰り説明が弱い。,,,,,,,,,,,,,,,yes,,
1,CASE-JD-20260725-0922,demo_user_judgment_drill,2026-07-25,19,pending_user_judgment,新店舗計画,飲食業,赤字改善中,非メイン,20,既存先,40,24,厨房設備一式,24,5,新店舗出店,直近期売上195百万円、営業利益1600万円、借入金12400万円、自己資本比率24%、ステージ=赤字改善中。,立地評価は高いが、回転率・客単価・原価率の資料が薄い。,既存店舗は黒字で、代表に運営経験がある。,新店舗売上計画が既存店実績より強く、人員確保も未確定。,,,,,,,,,,,,,,,yes,,
1,CASE-JD-20260725-0923,demo_user_judgment_drill,2026-07-25,19,pending_user_judgment,増額更新,食品製造業,赤字改善中,非メイン,35,既存先,60,30,包装ライン,36,6,既存設備更新,直近期売上230百万円、営業利益2400万円、借入金13300万円、自己資本比率30%、ステージ=赤字改善中。,旧設備の廃棄費用・下取り可否が未確認。,故障頻度と停止時間が増え、更新合理性はある。,月額負担が上がる一方、改善効果がメーカー資料中心。,,,,,,,,,,,,,,,yes,,
1,CASE-JD-20260725-0924,demo_user_judgment_drill,2026-07-25,19,pending_user_judgment,新規契約前提,運送業,赤字改善中,非メイン,50,既存先,90,36,大型トラック,62,7,新規荷主ルート対応,直近期売上265百万円、営業利益3600万円、借入金2500万円、自己資本比率36%、ステージ=赤字改善中。,契約不成立時は既存業務に転用可能だが採算は下がる。,既存車両の稼働率は高く、返済履歴も良好。,荷主契約が内諾段階で、燃料費上昇時の採算余力が薄い。,,,,,,,,,,,,,,,yes,,
1,CASE-JD-20260725-0925,demo_user_judgment_drill,2026-07-25,19,pending_user_judgment,購入選択権,卸売業,赤字改善中,メイン,80,既存先,5,8,フォークリフト,12,4,倉庫能力維持,直近期売上300百万円、営業利益-800万円、借入金3400万円、自己資本比率8%、ステージ=赤字改善中。,使用時間が長く、バッテリー交換費用の負担確認が必要。,倉庫稼働は安定し、物件の必要性は明確。,購入選択権価格が低く、残価・満了後出口の説明が弱い。,,,,,,,,,,,,,,,yes,,
1,CASE-JD-20260725-0926,demo_user_judgment_drill,2026-07-25,19,pending_user_judgment,医療機器更新,医療・福祉,赤字改善中,メイン,120,新規先,0,12,画像診断装置,24,5,診療能力維持と待ち時間短縮,直近期売上335百万円、営業利益300万円、借入金4300万円、自己資本比率12%、ステージ=赤字改善中。,メーカー保守契約は提示済みだが、更新後の稼働計画は概算。,地域需要があり、既存患者基盤も安定している。,診療報酬改定や保守費用を織り込んだ採算表が不足。,,,,,,,,,,,,,,,yes,,
1,CASE-JD-20260725-0927,demo_user_judgment_drill,2026-07-25,19,pending_user_judgment,建機高稼働,建設業,赤字改善中,メイン,180,新規先,0,16,油圧ショベル,36,6,受注現場対応,直近期売上370百万円、営業利益900万円、借入金5200万円、自己資本比率16%、ステージ=赤字改善中。,代表は中古売却可能と説明するが、査定根拠は未取得。,公共工事の受注残があり、機械稼働の見込みはある。,工期後の転用先と中古価格下落時の出口説明が弱い。,,,,,,,,,,,,,,,yes,,
1,CASE-JD-20260725-0928,demo_user_judgment_drill,2026-07-25,19,pending_user_judgment,IT設備刷新,情報通信業,赤字改善中,非メイン,250,新規先,0,20,サーバー・ネットワーク機器,62,7,顧客案件増加に伴う基盤増強,直近期売上405百万円、営業利益1600万円、借入金6100万円、自己資本比率20%、ステージ=赤字改善中。,保守契約と入替計画はあるが、解約時の転用価値は限定的。,継続契約が複数あり、粗利率は比較的高い。,技術陳腐化が早く、期間と経済的寿命の整合確認が必要。,,,,,,,,,,,,,,,yes,,
1,CASE-JD-20260725-0929,demo_user_judgment_drill,2026-07-25,19,pending_user_judgment,美容店舗拡張,生活関連サービス業,赤字改善中,非メイン,0,新規先,0,24,美容機器,12,4,新メニュー開始,直近期売上440百万円、営業利益2400万円、借入金7000万円、自己資本比率24%、ステージ=赤字改善中。,機器は専門性が高く、撤退時の換金性に幅がある。,既存顧客があり、単価上昇の余地がある。,新メニュー売上は口頭見込み中心で、解約率・稼働率が未整理。,,,,,,,,,,,,,,,yes,,
1,CASE-JD-20260725-0930,demo_user_judgment_drill,2026-07-25,19,pending_user_judgment,農業設備,農業,赤字改善中,非メイン,20,新規先,0,30,選果機,24,5,出荷能力向上,直近期売上475百万円、営業利益3600万円、借入金7900万円、自己資本比率30%、ステージ=赤字改善中。,補助金と組合支援の説明はあるが、入金時期が未確定。,出荷先との取引は長く、季節需要も見込める。,収穫量・天候影響に左右され、年間資金繰りの波が大きい。,,,,,,,,,,,,,,,yes,,
1,CASE-JD-20260725-0931,demo_user_judgment_drill,2026-07-25,19,pending_user_judgment,補助金前提,製造業,急成長,メイン,35,既存先,90,36,CNC工作機械,24,6,老朽設備更新と増産対応,直近期売上510百万円、営業利益-800万円、借入金8800万円、自己資本比率36%、ステージ=急成長。,社長は採択前提で説明しているが、銀行支援は口頭段階。,既存主力先からの受注残があり、設備必要性は明確。,補助金採択前にリース開始予定で、未採択時の資金繰り説明が弱い。,,,,,,,,,,,,,,,yes,,
1,CASE-JD-20260725-0932,demo_user_judgment_drill,2026-07-25,19,pending_user_judgment,新店舗計画,飲食業,急成長,メイン,50,既存先,5,8,厨房設備一式,36,7,新店舗出店,直近期売上545百万円、営業利益300万円、借入金9700万円、自己資本比率8%、ステージ=急成長。,立地評価は高いが、回転率・客単価・原価率の資料が薄い。,既存店舗は黒字で、代表に運営経験がある。,新店舗売上計画が既存店実績より強く、人員確保も未確定。,,,,,,,,,,,,,,,yes,,
1,CASE-JD-20260725-0933,demo_user_judgment_drill,2026-07-25,19,pending_user_judgment,増額更新,食品製造業,急成長,メイン,80,既存先,12,12,包装ライン,62,4,既存設備更新,直近期売上580百万円、営業利益900万円、借入金10600万円、自己資本比率12%、ステージ=急成長。,旧設備の廃棄費用・下取り可否が未確認。,故障頻度と停止時間が増え、更新合理性はある。,月額負担が上がる一方、改善効果がメーカー資料中心。,,,,,,,,,,,,,,,yes,,
1,CASE-JD-20260725-0934,demo_user_judgment_drill,2026-07-25,19,pending_user_judgment,新規契約前提,運送業,急成長,非メイン,120,既存先,18,16,大型トラック,12,5,新規荷主ルート対応,直近期売上615百万円、営業利益1600万円、借入金11500万円、自己資本比率16%、ステージ=急成長。,契約不成立時は既存業務に転用可能だが採算は下がる。,既存車両の稼働率は高く、返済履歴も良好。,荷主契約が内諾段階で、燃料費上昇時の採算余力が薄い。,,,,,,,,,,,,,,,yes,,
1,CASE-JD-20260725-0935,demo_user_judgment_drill,2026-07-25,19,pending_user_judgment,購入選択権,卸売業,急成長,非メイン,180,既存先,25,20,フォークリフト,24,6,倉庫能力維持,直近期売上650百万円、営業利益2400万円、借入金12400万円、自己資本比率20%、ステージ=急成長。,使用時間が長く、バッテリー交換費用の負担確認が必要。,倉庫稼働は安定し、物件の必要性は明確。,購入選択権価格が低く、残価・満了後出口の説明が弱い。,,,,,,,,,,,,,,,yes,,
1,CASE-JD-20260725-0936,demo_user_judgment_drill,2026-07-25,19,pending_user_judgment,医療機器更新,医療・福祉,急成長,非メイン,250,新規先,0,24,画像診断装置,36,7,診療能力維持と待ち時間短縮,直近期売上90百万円、営業利益3600万円、借入金13300万円、自己資本比率24%、ステージ=急成長。,メーカー保守契約は提示済みだが、更新後の稼働計画は概算。,地域需要があり、既存患者基盤も安定している。,診療報酬改定や保守費用を織り込んだ採算表が不足。,,,,,,,,,,,,,,,yes,,
1,CASE-JD-20260725-0937,demo_user_judgment_drill,2026-07-25,19,pending_user_judgment,建機高稼働,建設業,急成長,メイン,0,新規先,0,30,油圧ショベル,62,4,受注現場対応,直近期売上125百万円、営業利益-800万円、借入金2500万円、自己資本比率30%、ステージ=急成長。,代表は中古売却可能と説明するが、査定根拠は未取得。,公共工事の受注残があり、機械稼働の見込みはある。,工期後の転用先と中古価格下落時の出口説明が弱い。,,,,,,,,,,,,,,,yes,,
1,CASE-JD-20260725-0938,demo_user_judgment_drill,2026-07-25,19,pending_user_judgment,IT設備刷新,情報通信業,急成長,メイン,20,新規先,0,36,サーバー・ネットワーク機器,12,5,顧客案件増加に伴う基盤増強,直近期売上160百万円、営業利益300万円、借入金3400万円、自己資本比率36%、ステージ=急成長。,保守契約と入替計画はあるが、解約時の転用価値は限定的。,継続契約が複数あり、粗利率は比較的高い。,技術陳腐化が早く、期間と経済的寿命の整合確認が必要。,,,,,,,,,,,,,,,yes,,
1,CASE-JD-20260725-0939,demo_user_judgment_drill,2026-07-25,19,pending_user_judgment,美容店舗拡張,生活関連サービス業,急成長,メイン,35,新規先,0,8,美容機器,24,6,新メニュー開始,直近期売上195百万円、営業利益900万円、借入金4300万円、自己資本比率8%、ステージ=急成長。,機器は専門性が高く、撤退時の換金性に幅がある。,既存顧客があり、単価上昇の余地がある。,新メニュー売上は口頭見込み中心で、解約率・稼働率が未整理。,,,,,,,,,,,,,,,yes,,
1,CASE-JD-20260725-0940,demo_user_judgment_drill,2026-07-25,19,pending_user_judgment,農業設備,農業,急成長,非メイン,50,新規先,0,12,選果機,36,7,出荷能力向上,直近期売上230百万円、営業利益1600万円、借入金5200万円、自己資本比率12%、ステージ=急成長。,補助金と組合支援の説明はあるが、入金時期が未確定。,出荷先との取引は長く、季節需要も見込める。,収穫量・天候影響に左右され、年間資金繰りの波が大きい。,,,,,,,,,,,,,,,yes,,
1,CASE-JD-20260725-0941,demo_user_judgment_drill,2026-07-25,19,pending_user_judgment,補助金前提,製造業,事業承継直後,非メイン,80,既存先,18,16,CNC工作機械,36,4,老朽設備更新と増産対応,直近期売上265百万円、営業利益2400万円、借入金6100万円、自己資本比率16%、ステージ=事業承継直後。,社長は採択前提で説明しているが、銀行支援は口頭段階。,既存主力先からの受注残があり、設備必要性は明確。,補助金採択前にリース開始予定で、未採択時の資金繰り説明が弱い。,,,,,,,,,,,,,,,yes,,
1,CASE-JD-20260725-0942,demo_user_judgment_drill,2026-07-25,19,pending_user_judgment,新店舗計画,飲食業,事業承継直後,非メイン,120,既存先,25,20,厨房設備一式,62,5,新店舗出店,直近期売上300百万円、営業利益3600万円、借入金7000万円、自己資本比率20%、ステージ=事業承継直後。,立地評価は高いが、回転率・客単価・原価率の資料が薄い。,既存店舗は黒字で、代表に運営経験がある。,新店舗売上計画が既存店実績より強く、人員確保も未確定。,,,,,,,,,,,,,,,yes,,
1,CASE-JD-20260725-0943,demo_user_judgment_drill,2026-07-25,19,pending_user_judgment,増額更新,食品製造業,事業承継直後,メイン,180,既存先,40,24,包装ライン,12,6,既存設備更新,直近期売上335百万円、営業利益-800万円、借入金7900万円、自己資本比率24%、ステージ=事業承継直後。,旧設備の廃棄費用・下取り可否が未確認。,故障頻度と停止時間が増え、更新合理性はある。,月額負担が上がる一方、改善効果がメーカー資料中心。,,,,,,,,,,,,,,,yes,,
1,CASE-JD-20260725-0944,demo_user_judgment_drill,2026-07-25,19,pending_user_judgment,新規契約前提,運送業,事業承継直後,メイン,250,既存先,60,30,大型トラック,24,7,新規荷主ルート対応,直近期売上370百万円、営業利益300万円、借入金8800万円、自己資本比率30%、ステージ=事業承継直後。,契約不成立時は既存業務に転用可能だが採算は下がる。,既存車両の稼働率は高く、返済履歴も良好。,荷主契約が内諾段階で、燃料費上昇時の採算余力が薄い。,,,,,,,,,,,,,,,yes,,
1,CASE-JD-20260725-0945,demo_user_judgment_drill,2026-07-25,19,pending_user_judgment,購入選択権,卸売業,事業承継直後,メイン,0,既存先,90,36,フォークリフト,36,4,倉庫能力維持,直近期売上405百万円、営業利益900万円、借入金9700万円、自己資本比率36%、ステージ=事業承継直後。,使用時間が長く、バッテリー交換費用の負担確認が必要。,倉庫稼働は安定し、物件の必要性は明確。,購入選択権価格が低く、残価・満了後出口の説明が弱い。,,,,,,,,,,,,,,,yes,,
1,CASE-JD-20260725-0946,demo_user_judgment_drill,2026-07-25,19,pending_user_judgment,医療機器更新,医療・福祉,事業承継直後,非メイン,20,新規先,0,8,画像診断装置,62,5,診療能力維持と待ち時間短縮,直近期売上440百万円、営業利益1600万円、借入金10600万円、自己資本比率8%、ステージ=事業承継直後。,メーカー保守契約は提示済みだが、更新後の稼働計画は概算。,地域需要があり、既存患者基盤も安定している。,診療報酬改定や保守費用を織り込んだ採算表が不足。,,,,,,,,,,,,,,,yes,,
1,CASE-JD-20260725-0947,demo_user_judgment_drill,2026-07-25,19,pending_user_judgment,建機高稼働,建設業,事業承継直後,非メイン,35,新規先,0,12,油圧ショベル,12,6,受注現場対応,直近期売上475百万円、営業利益2400万円、借入金11500万円、自己資本比率12%、ステージ=事業承継直後。,代表は中古売却可能と説明するが、査定根拠は未取得。,公共工事の受注残があり、機械稼働の見込みはある。,工期後の転用先と中古価格下落時の出口説明が弱い。,,,,,,,,,,,,,,,yes,,
1,CASE-JD-20260725-0948,demo_user_judgment_drill,2026-07-25,19,pending_user_judgment,IT設備刷新,情報通信業,事業承継直後,非メイン,50,新規先,0,16,サーバー・ネットワーク機器,24,7,顧客案件増加に伴う基盤増強,直近期売上510百万円、営業利益3600万円、借入金12400万円、自己資本比率16%、ステージ=事業承継直後。,保守契約と入替計画はあるが、解約時の転用価値は限定的。,継続契約が複数あり、粗利率は比較的高い。,技術陳腐化が早く、期間と経済的寿命の整合確認が必要。,,,,,,,,,,,,,,,yes,,
1,CASE-JD-20260725-0949,demo_user_judgment_drill,2026-07-25,19,pending_user_judgment,美容店舗拡張,生活関連サービス業,事業承継直後,メイン,80,新規先,0,20,美容機器,36,4,新メニュー開始,直近期売上545百万円、営業利益-800万円、借入金13300万円、自己資本比率20%、ステージ=事業承継直後。,機器は専門性が高く、撤退時の換金性に幅がある。,既存顧客があり、単価上昇の余地がある。,新メニュー売上は口頭見込み中心で、解約率・稼働率が未整理。,,,,,,,,,,,,,,,yes,,
1,CASE-JD-20260725-0950,demo_user_judgment_drill,2026-07-25,19,pending_user_judgment,農業設備,農業,事業承継直後,メイン,120,新規先,0,24,選果機,62,5,出荷能力向上,直近期売上580百万円、営業利益300万円、借入金2500万円、自己資本比率24%、ステージ=事業承継直後。,補助金と組合支援の説明はあるが、入金時期が未確定。,出荷先との取引は長く、季節需要も見込める。,収穫量・天候影響に左右され、年間資金繰りの波が大きい。,,,,,,,,,,,,,,,yes,,
1,CASE-JD-20260725-0951,demo_user_judgment_drill,2026-07-25,20,pending_user_judgment,補助金前提,製造業,安定黒字,メイン,180,既存先,60,30,CNC工作機械,62,6,老朽設備更新と増産対応,直近期売上615百万円、営業利益900万円、借入金3400万円、自己資本比率30%、ステージ=安定黒字。,社長は採択前提で説明しているが、銀行支援は口頭段階。,既存主力先からの受注残があり、設備必要性は明確。,補助金採択前にリース開始予定で、未採択時の資金繰り説明が弱い。,,,,,,,,,,,,,,,yes,,
1,CASE-JD-20260725-0952,demo_user_judgment_drill,2026-07-25,20,pending_user_judgment,新店舗計画,飲食業,安定黒字,非メイン,250,既存先,90,36,厨房設備一式,12,7,新店舗出店,直近期売上650百万円、営業利益1600万円、借入金4300万円、自己資本比率36%、ステージ=安定黒字。,立地評価は高いが、回転率・客単価・原価率の資料が薄い。,既存店舗は黒字で、代表に運営経験がある。,新店舗売上計画が既存店実績より強く、人員確保も未確定。,,,,,,,,,,,,,,,yes,,
1,CASE-JD-20260725-0953,demo_user_judgment_drill,2026-07-25,20,pending_user_judgment,増額更新,食品製造業,安定黒字,非メイン,0,既存先,5,8,包装ライン,24,4,既存設備更新,直近期売上90百万円、営業利益2400万円、借入金5200万円、自己資本比率8%、ステージ=安定黒字。,旧設備の廃棄費用・下取り可否が未確認。,故障頻度と停止時間が増え、更新合理性はある。,月額負担が上がる一方、改善効果がメーカー資料中心。,,,,,,,,,,,,,,,yes,,
1,CASE-JD-20260725-0954,demo_user_judgment_drill,2026-07-25,20,pending_user_judgment,新規契約前提,運送業,安定黒字,非メイン,20,既存先,12,12,大型トラック,36,5,新規荷主ルート対応,直近期売上125百万円、営業利益3600万円、借入金6100万円、自己資本比率12%、ステージ=安定黒字。,契約不成立時は既存業務に転用可能だが採算は下がる。,既存車両の稼働率は高く、返済履歴も良好。,荷主契約が内諾段階で、燃料費上昇時の採算余力が薄い。,,,,,,,,,,,,,,,yes,,
1,CASE-JD-20260725-0955,demo_user_judgment_drill,2026-07-25,20,pending_user_judgment,購入選択権,卸売業,安定黒字,メイン,35,既存先,18,16,フォークリフト,62,6,倉庫能力維持,直近期売上160百万円、営業利益-800万円、借入金7000万円、自己資本比率16%、ステージ=安定黒字。,使用時間が長く、バッテリー交換費用の負担確認が必要。,倉庫稼働は安定し、物件の必要性は明確。,購入選択権価格が低く、残価・満了後出口の説明が弱い。,,,,,,,,,,,,,,,yes,,
1,CASE-JD-20260725-0956,demo_user_judgment_drill,2026-07-25,20,pending_user_judgment,医療機器更新,医療・福祉,安定黒字,メイン,50,新規先,0,20,画像診断装置,12,7,診療能力維持と待ち時間短縮,直近期売上195百万円、営業利益300万円、借入金7900万円、自己資本比率20%、ステージ=安定黒字。,メーカー保守契約は提示済みだが、更新後の稼働計画は概算。,地域需要があり、既存患者基盤も安定している。,診療報酬改定や保守費用を織り込んだ採算表が不足。,,,,,,,,,,,,,,,yes,,
1,CASE-JD-20260725-0957,demo_user_judgment_drill,2026-07-25,20,pending_user_judgment,建機高稼働,建設業,安定黒字,メイン,80,新規先,0,24,油圧ショベル,24,4,受注現場対応,直近期売上230百万円、営業利益900万円、借入金8800万円、自己資本比率24%、ステージ=安定黒字。,代表は中古売却可能と説明するが、査定根拠は未取得。,公共工事の受注残があり、機械稼働の見込みはある。,工期後の転用先と中古価格下落時の出口説明が弱い。,,,,,,,,,,,,,,,yes,,
1,CASE-JD-20260725-0958,demo_user_judgment_drill,2026-07-25,20,pending_user_judgment,IT設備刷新,情報通信業,安定黒字,非メイン,120,新規先,0,30,サーバー・ネットワーク機器,36,5,顧客案件増加に伴う基盤増強,直近期売上265百万円、営業利益1600万円、借入金9700万円、自己資本比率30%、ステージ=安定黒字。,保守契約と入替計画はあるが、解約時の転用価値は限定的。,継続契約が複数あり、粗利率は比較的高い。,技術陳腐化が早く、期間と経済的寿命の整合確認が必要。,,,,,,,,,,,,,,,yes,,
1,CASE-JD-20260725-0959,demo_user_judgment_drill,2026-07-25,20,pending_user_judgment,美容店舗拡張,生活関連サービス業,安定黒字,非メイン,180,新規先,0,36,美容機器,62,6,新メニュー開始,直近期売上300百万円、営業利益2400万円、借入金10600万円、自己資本比率36%、ステージ=安定黒字。,機器は専門性が高く、撤退時の換金性に幅がある。,既存顧客があり、単価上昇の余地がある。,新メニュー売上は口頭見込み中心で、解約率・稼働率が未整理。,,,,,,,,,,,,,,,yes,,
1,CASE-JD-20260725-0960,demo_user_judgment_drill,2026-07-25,20,pending_user_judgment,農業設備,農業,安定黒字,非メイン,250,新規先,0,8,選果機,12,7,出荷能力向上,直近期売上335百万円、営業利益3600万円、借入金11500万円、自己資本比率8%、ステージ=安定黒字。,補助金と組合支援の説明はあるが、入金時期が未確定。,出荷先との取引は長く、季節需要も見込める。,収穫量・天候影響に左右され、年間資金繰りの波が大きい。,,,,,,,,,,,,,,,yes,,
1,CASE-JD-20260725-0961,demo_user_judgment_drill,2026-07-25,20,pending_user_judgment,補助金前提,製造業,低利益,メイン,0,既存先,12,12,CNC工作機械,12,4,老朽設備更新と増産対応,直近期売上370百万円、営業利益-800万円、借入金12400万円、自己資本比率12%、ステージ=低利益。,社長は採択前提で説明しているが、銀行支援は口頭段階。,既存主力先からの受注残があり、設備必要性は明確。,補助金採択前にリース開始予定で、未採択時の資金繰り説明が弱い。,,,,,,,,,,,,,,,yes,,
1,CASE-JD-20260725-0962,demo_user_judgment_drill,2026-07-25,20,pending_user_judgment,新店舗計画,飲食業,低利益,メイン,20,既存先,18,16,厨房設備一式,24,5,新店舗出店,直近期売上405百万円、営業利益300万円、借入金13300万円、自己資本比率16%、ステージ=低利益。,立地評価は高いが、回転率・客単価・原価率の資料が薄い。,既存店舗は黒字で、代表に運営経験がある。,新店舗売上計画が既存店実績より強く、人員確保も未確定。,,,,,,,,,,,,,,,yes,,
1,CASE-JD-20260725-0963,demo_user_judgment_drill,2026-07-25,20,pending_user_judgment,増額更新,食品製造業,低利益,メイン,35,既存先,25,20,包装ライン,36,6,既存設備更新,直近期売上440百万円、営業利益900万円、借入金2500万円、自己資本比率20%、ステージ=低利益。,旧設備の廃棄費用・下取り可否が未確認。,故障頻度と停止時間が増え、更新合理性はある。,月額負担が上がる一方、改善効果がメーカー資料中心。,,,,,,,,,,,,,,,yes,,
1,CASE-JD-20260725-0964,demo_user_judgment_drill,2026-07-25,20,pending_user_judgment,新規契約前提,運送業,低利益,非メイン,50,既存先,40,24,大型トラック,62,7,新規荷主ルート対応,直近期売上475百万円、営業利益1600万円、借入金3400万円、自己資本比率24%、ステージ=低利益。,契約不成立時は既存業務に転用可能だが採算は下がる。,既存車両の稼働率は高く、返済履歴も良好。,荷主契約が内諾段階で、燃料費上昇時の採算余力が薄い。,,,,,,,,,,,,,,,yes,,
1,CASE-JD-20260725-0965,demo_user_judgment_drill,2026-07-25,20,pending_user_judgment,購入選択権,卸売業,低利益,非メイン,80,既存先,60,30,フォークリフト,12,4,倉庫能力維持,直近期売上510百万円、営業利益2400万円、借入金4300万円、自己資本比率30%、ステージ=低利益。,使用時間が長く、バッテリー交換費用の負担確認が必要。,倉庫稼働は安定し、物件の必要性は明確。,購入選択権価格が低く、残価・満了後出口の説明が弱い。,,,,,,,,,,,,,,,yes,,
1,CASE-JD-20260725-0966,demo_user_judgment_drill,2026-07-25,20,pending_user_judgment,医療機器更新,医療・福祉,低利益,非メイン,120,新規先,0,36,画像診断装置,24,5,診療能力維持と待ち時間短縮,直近期売上545百万円、営業利益3600万円、借入金5200万円、自己資本比率36%、ステージ=低利益。,メーカー保守契約は提示済みだが、更新後の稼働計画は概算。,地域需要があり、既存患者基盤も安定している。,診療報酬改定や保守費用を織り込んだ採算表が不足。,,,,,,,,,,,,,,,yes,,
1,CASE-JD-20260725-0967,demo_user_judgment_drill,2026-07-25,20,pending_user_judgment,建機高稼働,建設業,低利益,メイン,180,新規先,0,8,油圧ショベル,36,6,受注現場対応,直近期売上580百万円、営業利益-800万円、借入金6100万円、自己資本比率8%、ステージ=低利益。,代表は中古売却可能と説明するが、査定根拠は未取得。,公共工事の受注残があり、機械稼働の見込みはある。,工期後の転用先と中古価格下落時の出口説明が弱い。,,,,,,,,,,,,,,,yes,,
1,CASE-JD-20260725-0968,demo_user_judgment_drill,2026-07-25,20,pending_user_judgment,IT設備刷新,情報通信業,低利益,メイン,250,新規先,0,12,サーバー・ネットワーク機器,62,7,顧客案件増加に伴う基盤増強,直近期売上615百万円、営業利益300万円、借入金7000万円、自己資本比率12%、ステージ=低利益。,保守契約と入替計画はあるが、解約時の転用価値は限定的。,継続契約が複数あり、粗利率は比較的高い。,技術陳腐化が早く、期間と経済的寿命の整合確認が必要。,,,,,,,,,,,,,,,yes,,
1,CASE-JD-20260725-0969,demo_user_judgment_drill,2026-07-25,20,pending_user_judgment,美容店舗拡張,生活関連サービス業,低利益,メイン,0,新規先,0,16,美容機器,12,4,新メニュー開始,直近期売上650百万円、営業利益900万円、借入金7900万円、自己資本比率16%、ステージ=低利益。,機器は専門性が高く、撤退時の換金性に幅がある。,既存顧客があり、単価上昇の余地がある。,新メニュー売上は口頭見込み中心で、解約率・稼働率が未整理。,,,,,,,,,,,,,,,yes,,
1,CASE-JD-20260725-0970,demo_user_judgment_drill,2026-07-25,20,pending_user_judgment,農業設備,農業,低利益,非メイン,20,新規先,0,20,選果機,24,5,出荷能力向上,直近期売上90百万円、営業利益1600万円、借入金8800万円、自己資本比率20%、ステージ=低利益。,補助金と組合支援の説明はあるが、入金時期が未確定。,出荷先との取引は長く、季節需要も見込める。,収穫量・天候影響に左右され、年間資金繰りの波が大きい。,,,,,,,,,,,,,,,yes,,
1,CASE-JD-20260725-0971,demo_user_judgment_drill,2026-07-25,20,pending_user_judgment,補助金前提,製造業,赤字改善中,非メイン,35,既存先,40,24,CNC工作機械,24,6,老朽設備更新と増産対応,直近期売上125百万円、営業利益2400万円、借入金9700万円、自己資本比率24%、ステージ=赤字改善中。,社長は採択前提で説明しているが、銀行支援は口頭段階。,既存主力先からの受注残があり、設備必要性は明確。,補助金採択前にリース開始予定で、未採択時の資金繰り説明が弱い。,,,,,,,,,,,,,,,yes,,
1,CASE-JD-20260725-0972,demo_user_judgment_drill,2026-07-25,20,pending_user_judgment,新店舗計画,飲食業,赤字改善中,非メイン,50,既存先,60,30,厨房設備一式,36,7,新店舗出店,直近期売上160百万円、営業利益3600万円、借入金10600万円、自己資本比率30%、ステージ=赤字改善中。,立地評価は高いが、回転率・客単価・原価率の資料が薄い。,既存店舗は黒字で、代表に運営経験がある。,新店舗売上計画が既存店実績より強く、人員確保も未確定。,,,,,,,,,,,,,,,yes,,
1,CASE-JD-20260725-0973,demo_user_judgment_drill,2026-07-25,20,pending_user_judgment,増額更新,食品製造業,赤字改善中,メイン,80,既存先,90,36,包装ライン,62,4,既存設備更新,直近期売上195百万円、営業利益-800万円、借入金11500万円、自己資本比率36%、ステージ=赤字改善中。,旧設備の廃棄費用・下取り可否が未確認。,故障頻度と停止時間が増え、更新合理性はある。,月額負担が上がる一方、改善効果がメーカー資料中心。,,,,,,,,,,,,,,,yes,,
1,CASE-JD-20260725-0974,demo_user_judgment_drill,2026-07-25,20,pending_user_judgment,新規契約前提,運送業,赤字改善中,メイン,120,既存先,5,8,大型トラック,12,5,新規荷主ルート対応,直近期売上230百万円、営業利益300万円、借入金12400万円、自己資本比率8%、ステージ=赤字改善中。,契約不成立時は既存業務に転用可能だが採算は下がる。,既存車両の稼働率は高く、返済履歴も良好。,荷主契約が内諾段階で、燃料費上昇時の採算余力が薄い。,,,,,,,,,,,,,,,yes,,
1,CASE-JD-20260725-0975,demo_user_judgment_drill,2026-07-25,20,pending_user_judgment,購入選択権,卸売業,赤字改善中,メイン,180,既存先,12,12,フォークリフト,24,6,倉庫能力維持,直近期売上265百万円、営業利益900万円、借入金13300万円、自己資本比率12%、ステージ=赤字改善中。,使用時間が長く、バッテリー交換費用の負担確認が必要。,倉庫稼働は安定し、物件の必要性は明確。,購入選択権価格が低く、残価・満了後出口の説明が弱い。,,,,,,,,,,,,,,,yes,,
1,CASE-JD-20260725-0976,demo_user_judgment_drill,2026-07-25,20,pending_user_judgment,医療機器更新,医療・福祉,赤字改善中,非メイン,250,新規先,0,16,画像診断装置,36,7,診療能力維持と待ち時間短縮,直近期売上300百万円、営業利益1600万円、借入金2500万円、自己資本比率16%、ステージ=赤字改善中。,メーカー保守契約は提示済みだが、更新後の稼働計画は概算。,地域需要があり、既存患者基盤も安定している。,診療報酬改定や保守費用を織り込んだ採算表が不足。,,,,,,,,,,,,,,,yes,,
1,CASE-JD-20260725-0977,demo_user_judgment_drill,2026-07-25,20,pending_user_judgment,建機高稼働,建設業,赤字改善中,非メイン,0,新規先,0,20,油圧ショベル,62,4,受注現場対応,直近期売上335百万円、営業利益2400万円、借入金3400万円、自己資本比率20%、ステージ=赤字改善中。,代表は中古売却可能と説明するが、査定根拠は未取得。,公共工事の受注残があり、機械稼働の見込みはある。,工期後の転用先と中古価格下落時の出口説明が弱い。,,,,,,,,,,,,,,,yes,,
1,CASE-JD-20260725-0978,demo_user_judgment_drill,2026-07-25,20,pending_user_judgment,IT設備刷新,情報通信業,赤字改善中,非メイン,20,新規先,0,24,サーバー・ネットワーク機器,12,5,顧客案件増加に伴う基盤増強,直近期売上370百万円、営業利益3600万円、借入金4300万円、自己資本比率24%、ステージ=赤字改善中。,保守契約と入替計画はあるが、解約時の転用価値は限定的。,継続契約が複数あり、粗利率は比較的高い。,技術陳腐化が早く、期間と経済的寿命の整合確認が必要。,,,,,,,,,,,,,,,yes,,
1,CASE-JD-20260725-0979,demo_user_judgment_drill,2026-07-25,20,pending_user_judgment,美容店舗拡張,生活関連サービス業,赤字改善中,メイン,35,新規先,0,30,美容機器,24,6,新メニュー開始,直近期売上405百万円、営業利益-800万円、借入金5200万円、自己資本比率30%、ステージ=赤字改善中。,機器は専門性が高く、撤退時の換金性に幅がある。,既存顧客があり、単価上昇の余地がある。,新メニュー売上は口頭見込み中心で、解約率・稼働率が未整理。,,,,,,,,,,,,,,,yes,,
1,CASE-JD-20260725-0980,demo_user_judgment_drill,2026-07-25,20,pending_user_judgment,農業設備,農業,赤字改善中,メイン,50,新規先,0,36,選果機,36,7,出荷能力向上,直近期売上440百万円、営業利益300万円、借入金6100万円、自己資本比率36%、ステージ=赤字改善中。,補助金と組合支援の説明はあるが、入金時期が未確定。,出荷先との取引は長く、季節需要も見込める。,収穫量・天候影響に左右され、年間資金繰りの波が大きい。,,,,,,,,,,,,,,,yes,,
1,CASE-JD-20260725-0981,demo_user_judgment_drill,2026-07-25,20,pending_user_judgment,補助金前提,製造業,急成長,メイン,80,既存先,5,8,CNC工作機械,36,4,老朽設備更新と増産対応,直近期売上475百万円、営業利益900万円、借入金7000万円、自己資本比率8%、ステージ=急成長。,社長は採択前提で説明しているが、銀行支援は口頭段階。,既存主力先からの受注残があり、設備必要性は明確。,補助金採択前にリース開始予定で、未採択時の資金繰り説明が弱い。,,,,,,,,,,,,,,,yes,,
1,CASE-JD-20260725-0982,demo_user_judgment_drill,2026-07-25,20,pending_user_judgment,新店舗計画,飲食業,急成長,非メイン,120,既存先,12,12,厨房設備一式,62,5,新店舗出店,直近期売上510百万円、営業利益1600万円、借入金7900万円、自己資本比率12%、ステージ=急成長。,立地評価は高いが、回転率・客単価・原価率の資料が薄い。,既存店舗は黒字で、代表に運営経験がある。,新店舗売上計画が既存店実績より強く、人員確保も未確定。,,,,,,,,,,,,,,,yes,,
1,CASE-JD-20260725-0983,demo_user_judgment_drill,2026-07-25,20,pending_user_judgment,増額更新,食品製造業,急成長,非メイン,180,既存先,18,16,包装ライン,12,6,既存設備更新,直近期売上545百万円、営業利益2400万円、借入金8800万円、自己資本比率16%、ステージ=急成長。,旧設備の廃棄費用・下取り可否が未確認。,故障頻度と停止時間が増え、更新合理性はある。,月額負担が上がる一方、改善効果がメーカー資料中心。,,,,,,,,,,,,,,,yes,,
1,CASE-JD-20260725-0984,demo_user_judgment_drill,2026-07-25,20,pending_user_judgment,新規契約前提,運送業,急成長,非メイン,250,既存先,25,20,大型トラック,24,7,新規荷主ルート対応,直近期売上580百万円、営業利益3600万円、借入金9700万円、自己資本比率20%、ステージ=急成長。,契約不成立時は既存業務に転用可能だが採算は下がる。,既存車両の稼働率は高く、返済履歴も良好。,荷主契約が内諾段階で、燃料費上昇時の採算余力が薄い。,,,,,,,,,,,,,,,yes,,
1,CASE-JD-20260725-0985,demo_user_judgment_drill,2026-07-25,20,pending_user_judgment,購入選択権,卸売業,急成長,メイン,0,既存先,40,24,フォークリフト,36,4,倉庫能力維持,直近期売上615百万円、営業利益-800万円、借入金10600万円、自己資本比率24%、ステージ=急成長。,使用時間が長く、バッテリー交換費用の負担確認が必要。,倉庫稼働は安定し、物件の必要性は明確。,購入選択権価格が低く、残価・満了後出口の説明が弱い。,,,,,,,,,,,,,,,yes,,
1,CASE-JD-20260725-0986,demo_user_judgment_drill,2026-07-25,20,pending_user_judgment,医療機器更新,医療・福祉,急成長,メイン,20,新規先,0,30,画像診断装置,62,5,診療能力維持と待ち時間短縮,直近期売上650百万円、営業利益300万円、借入金11500万円、自己資本比率30%、ステージ=急成長。,メーカー保守契約は提示済みだが、更新後の稼働計画は概算。,地域需要があり、既存患者基盤も安定している。,診療報酬改定や保守費用を織り込んだ採算表が不足。,,,,,,,,,,,,,,,yes,,
1,CASE-JD-20260725-0987,demo_user_judgment_drill,2026-07-25,20,pending_user_judgment,建機高稼働,建設業,急成長,メイン,35,新規先,0,36,油圧ショベル,12,6,受注現場対応,直近期売上90百万円、営業利益900万円、借入金12400万円、自己資本比率36%、ステージ=急成長。,代表は中古売却可能と説明するが、査定根拠は未取得。,公共工事の受注残があり、機械稼働の見込みはある。,工期後の転用先と中古価格下落時の出口説明が弱い。,,,,,,,,,,,,,,,yes,,
1,CASE-JD-20260725-0988,demo_user_judgment_drill,2026-07-25,20,pending_user_judgment,IT設備刷新,情報通信業,急成長,非メイン,50,新規先,0,8,サーバー・ネットワーク機器,24,7,顧客案件増加に伴う基盤増強,直近期売上125百万円、営業利益1600万円、借入金13300万円、自己資本比率8%、ステージ=急成長。,保守契約と入替計画はあるが、解約時の転用価値は限定的。,継続契約が複数あり、粗利率は比較的高い。,技術陳腐化が早く、期間と経済的寿命の整合確認が必要。,,,,,,,,,,,,,,,yes,,
1,CASE-JD-20260725-0989,demo_user_judgment_drill,2026-07-25,20,pending_user_judgment,美容店舗拡張,生活関連サービス業,急成長,非メイン,80,新規先,0,12,美容機器,36,4,新メニュー開始,直近期売上160百万円、営業利益2400万円、借入金2500万円、自己資本比率12%、ステージ=急成長。,機器は専門性が高く、撤退時の換金性に幅がある。,既存顧客があり、単価上昇の余地がある。,新メニュー売上は口頭見込み中心で、解約率・稼働率が未整理。,,,,,,,,,,,,,,,yes,,
1,CASE-JD-20260725-0990,demo_user_judgment_drill,2026-07-25,20,pending_user_judgment,農業設備,農業,急成長,非メイン,120,新規先,0,16,選果機,62,5,出荷能力向上,直近期売上195百万円、営業利益3600万円、借入金3400万円、自己資本比率16%、ステージ=急成長。,補助金と組合支援の説明はあるが、入金時期が未確定。,出荷先との取引は長く、季節需要も見込める。,収穫量・天候影響に左右され、年間資金繰りの波が大きい。,,,,,,,,,,,,,,,yes,,
1,CASE-JD-20260725-0991,demo_user_judgment_drill,2026-07-25,20,pending_user_judgment,補助金前提,製造業,事業承継直後,メイン,180,既存先,25,20,CNC工作機械,62,6,老朽設備更新と増産対応,直近期売上230百万円、営業利益-800万円、借入金4300万円、自己資本比率20%、ステージ=事業承継直後。,社長は採択前提で説明しているが、銀行支援は口頭段階。,既存主力先からの受注残があり、設備必要性は明確。,補助金採択前にリース開始予定で、未採択時の資金繰り説明が弱い。,,,,,,,,,,,,,,,yes,,
1,CASE-JD-20260725-0992,demo_user_judgment_drill,2026-07-25,20,pending_user_judgment,新店舗計画,飲食業,事業承継直後,メイン,250,既存先,40,24,厨房設備一式,12,7,新店舗出店,直近期売上265百万円、営業利益300万円、借入金5200万円、自己資本比率24%、ステージ=事業承継直後。,立地評価は高いが、回転率・客単価・原価率の資料が薄い。,既存店舗は黒字で、代表に運営経験がある。,新店舗売上計画が既存店実績より強く、人員確保も未確定。,,,,,,,,,,,,,,,yes,,
1,CASE-JD-20260725-0993,demo_user_judgment_drill,2026-07-25,20,pending_user_judgment,増額更新,食品製造業,事業承継直後,メイン,0,既存先,60,30,包装ライン,24,4,既存設備更新,直近期売上300百万円、営業利益900万円、借入金6100万円、自己資本比率30%、ステージ=事業承継直後。,旧設備の廃棄費用・下取り可否が未確認。,故障頻度と停止時間が増え、更新合理性はある。,月額負担が上がる一方、改善効果がメーカー資料中心。,,,,,,,,,,,,,,,yes,,
1,CASE-JD-20260725-0994,demo_user_judgment_drill,2026-07-25,20,pending_user_judgment,新規契約前提,運送業,事業承継直後,非メイン,20,既存先,90,36,大型トラック,36,5,新規荷主ルート対応,直近期売上335百万円、営業利益1600万円、借入金7000万円、自己資本比率36%、ステージ=事業承継直後。,契約不成立時は既存業務に転用可能だが採算は下がる。,既存車両の稼働率は高く、返済履歴も良好。,荷主契約が内諾段階で、燃料費上昇時の採算余力が薄い。,,,,,,,,,,,,,,,yes,,
1,CASE-JD-20260725-0995,demo_user_judgment_drill,2026-07-25,20,pending_user_judgment,購入選択権,卸売業,事業承継直後,非メイン,35,既存先,5,8,フォークリフト,62,6,倉庫能力維持,直近期売上370百万円、営業利益2400万円、借入金7900万円、自己資本比率8%、ステージ=事業承継直後。,使用時間が長く、バッテリー交換費用の負担確認が必要。,倉庫稼働は安定し、物件の必要性は明確。,購入選択権価格が低く、残価・満了後出口の説明が弱い。,,,,,,,,,,,,,,,yes,,
1,CASE-JD-20260725-0996,demo_user_judgment_drill,2026-07-25,20,pending_user_judgment,医療機器更新,医療・福祉,事業承継直後,非メイン,50,新規先,0,12,画像診断装置,12,7,診療能力維持と待ち時間短縮,直近期売上405百万円、営業利益3600万円、借入金8800万円、自己資本比率12%、ステージ=事業承継直後。,メーカー保守契約は提示済みだが、更新後の稼働計画は概算。,地域需要があり、既存患者基盤も安定している。,診療報酬改定や保守費用を織り込んだ採算表が不足。,,,,,,,,,,,,,,,yes,,
1,CASE-JD-20260725-0997,demo_user_judgment_drill,2026-07-25,20,pending_user_judgment,建機高稼働,建設業,事業承継直後,メイン,80,新規先,0,16,油圧ショベル,24,4,受注現場対応,直近期売上440百万円、営業利益-800万円、借入金9700万円、自己資本比率16%、ステージ=事業承継直後。,代表は中古売却可能と説明するが、査定根拠は未取得。,公共工事の受注残があり、機械稼働の見込みはある。,工期後の転用先と中古価格下落時の出口説明が弱い。,,,,,,,,,,,,,,,yes,,
1,CASE-JD-20260725-0998,demo_user_judgment_drill,2026-07-25,20,pending_user_judgment,IT設備刷新,情報通信業,事業承継直後,メイン,120,新規先,0,20,サーバー・ネットワーク機器,36,5,顧客案件増加に伴う基盤増強,直近期売上475百万円、営業利益300万円、借入金10600万円、自己資本比率20%、ステージ=事業承継直後。,保守契約と入替計画はあるが、解約時の転用価値は限定的。,継続契約が複数あり、粗利率は比較的高い。,技術陳腐化が早く、期間と経済的寿命の整合確認が必要。,,,,,,,,,,,,,,,yes,,
1,CASE-JD-20260725-0999,demo_user_judgment_drill,2026-07-25,20,pending_user_judgment,美容店舗拡張,生活関連サービス業,事業承継直後,メイン,180,新規先,0,24,美容機器,62,6,新メニュー開始,直近期売上510百万円、営業利益900万円、借入金11500万円、自己資本比率24%、ステージ=事業承継直後。,機器は専門性が高く、撤退時の換金性に幅がある。,既存顧客があり、単価上昇の余地がある。,新メニュー売上は口頭見込み中心で、解約率・稼働率が未整理。,,,,,,,,,,,,,,,yes,,
1,CASE-JD-20260725-1000,demo_user_judgment_drill,2026-07-25,20,pending_user_judgment,農業設備,農業,事業承継直後,非メイン,250,新規先,0,30,選果機,12,7,出荷能力向上,直近期売上545百万円、営業利益1600万円、借入金12400万円、自己資本比率30%、ステージ=事業承継直後。,補助金と組合支援の説明はあるが、入金時期が未確定。,出荷先との取引は長く、季節需要も見込める。,収穫量・天候影響に左右され、年間資金繰りの波が大きい。,,,,,,,,,,,,,,,yes,,
